2026-06-17 16:10:39 | INFO     | ============================================================
2026-06-17 16:10:39 | INFO     | eGramSwaraj Activity Bot — START
2026-06-17 16:10:39 | INFO     | ============================================================
2026-06-17 16:10:39 | INFO     | Total rows: 15 | Already successful: 0
2026-06-17 16:10:40 | INFO     | ── Processing row 0 | Activities realted to Record keeping /Maintainance of data base
2026-06-17 16:11:13 | WARNING  | Row 0 attempt 1 FAILED: Page.wait_for_selector: Timeout 30000ms exceeded.
Call log:
  - waiting for locator("#themeId") to be visible
    - waiting for" https://egramswaraj.gov.in/logOutAction.do" navigation to finish...
   
2026-06-17 16:11:51 | WARNING  | Row 0 attempt 2 FAILED: Page.wait_for_selector: Timeout 30000ms exceeded.
Call log:
  - waiting for locator("#themeId") to be visible

2026-06-17 16:12:02 | WARNING  | Row 0 | field=focus_area | Option 'Focus Area 1' not found in #focusAreaId. Available: ['Select', 'Maintenance of community system']
2026-06-17 16:12:04 | WARNING  | Row 0 | field=activity_description | 'Page' object has no attribute 'triple_click'
2026-06-17 16:12:07 | WARNING  | Row 0 | field=estimated_completion_year | 'Page' object has no attribute 'triple_click'
2026-06-17 16:12:07 | WARNING  | Row 0 | field=estimated_completion_month | 'Page' object has no attribute 'triple_click'
2026-06-17 16:12:07 | WARNING  | Row 0 | field=estimated_completion_days | 'Page' object has no attribute 'triple_click'
2026-06-17 16:12:08 | WARNING  | Row 0 | field=expected_beneficiary_general | 'Page' object has no attribute 'triple_click'
2026-06-17 16:12:08 | WARNING  | Row 0 | field=expected_beneficiary_sc | 'Page' object has no attribute 'triple_click'
2026-06-17 16:12:08 | WARNING  | Row 0 | field=expected_beneficiary_st | 'Page' object has no attribute 'triple_click'
2026-06-17 16:12:08 | WARNING  | Row 0 | field=estimated_total_cost | 'Page' object has no attribute 'triple_click'
2026-06-17 16:12:08 | WARNING  | Row 0 attempt 3 FAILED: [focus_area] Option 'Focus Area 1' not found in #focusAreaId. Available: ['Select', 'Maintenance of community system'] | [activity_description] 'Page' object has no attribute 'triple_click' | [estimat
2026-06-17 16:12:08 | ERROR    | Row 0 → FAILED after all retries
2026-06-17 16:12:08 | INFO     | ── Processing row 1 | Awareness campaign on SHG-PRI Convergence
2026-06-17 16:12:16 | WARNING  | Row 1 | field=focus_area | Option 'Focus Area 2' not found in #focusAreaId. Available: ['Select']
2026-06-17 16:12:18 | WARNING  | Row 1 | field=activity_type | Option 'Public' not found in #activityTypeListId. Available: ['Select']
2026-06-17 16:12:18 | WARNING  | Row 1 | field=activity_description | 'Page' object has no attribute 'triple_click'
2026-06-17 16:12:34 | WARNING  | Row 1 | field=pdi_indicator | Page.wait_for_selector: Timeout 15000ms exceeded.
Call log:
  - waiting for locator("#checkboxes") to be visible
    33 × locator resolved to hidden <div id="checkboxes" class="checkboxes"></div>

2026-06-17 16:12:35 | WARNING  | Row 1 | field=activity_nature | Option 'Fresh' not found in #workTypId. Available: ['Select']
2026-06-17 16:12:37 | WARNING  | Row 1 | field=estimated_completion_year | 'Page' object has no attribute 'triple_click'
2026-06-17 16:12:37 | WARNING  | Row 1 | field=estimated_completion_month | 'Page' object has no attribute 'triple_click'
2026-06-17 16:12:37 | WARNING  | Row 1 | field=estimated_completion_days | 'Page' object has no attribute 'triple_click'
2026-06-17 16:12:37 | WARNING  | Row 1 | field=expected_beneficiary_general | 'Page' object has no attribute 'triple_click'
2026-06-17 16:12:37 | WARNING  | Row 1 | field=expected_beneficiary_sc | 'Page' object has no attribute 'triple_click'
2026-06-17 16:12:37 | WARNING  | Row 1 | field=expected_beneficiary_st | 'Page' object has no attribute 'triple_click'
2026-06-17 16:12:37 | WARNING  | Row 1 | field=estimated_total_cost | 'Page' object has no attribute 'triple_click'
2026-06-17 16:12:37 | WARNING  | Row 1 attempt 1 FAILED: [focus_area] Option 'Focus Area 2' not found in #focusAreaId. Available: ['Select'] | [activity_type] Option 'Public' not found in #activityTypeListId. Available: ['Select'] | [activity_description] '
2026-06-17 16:12:48 | WARNING  | Row 1 | field=focus_area | Option 'Focus Area 2' not found in #focusAreaId. Available: ['Select']
2026-06-17 16:12:50 | WARNING  | Row 1 | field=activity_type | Option 'Public' not found in #activityTypeListId. Available: ['Select']
2026-06-17 16:12:50 | WARNING  | Row 1 | field=activity_description | 'Page' object has no attribute 'triple_click'
2026-06-17 16:13:06 | WARNING  | Row 1 | field=pdi_indicator | Page.wait_for_selector: Timeout 15000ms exceeded.
Call log:
  - waiting for locator("#checkboxes") to be visible
    33 × locator resolved to hidden <div id="checkboxes" class="checkboxes"></div>

2026-06-17 16:13:07 | WARNING  | Row 1 | field=activity_nature | Option 'Fresh' not found in #workTypId. Available: ['Select']
2026-06-17 16:13:09 | WARNING  | Row 1 | field=estimated_completion_year | 'Page' object has no attribute 'triple_click'
2026-06-17 16:13:09 | WARNING  | Row 1 | field=estimated_completion_month | 'Page' object has no attribute 'triple_click'
2026-06-17 16:13:09 | WARNING  | Row 1 | field=estimated_completion_days | 'Page' object has no attribute 'triple_click'
2026-06-17 16:13:09 | WARNING  | Row 1 | field=expected_beneficiary_general | 'Page' object has no attribute 'triple_click'
2026-06-17 16:13:09 | WARNING  | Row 1 | field=expected_beneficiary_sc | 'Page' object has no attribute 'triple_click'
2026-06-17 16:13:09 | WARNING  | Row 1 | field=expected_beneficiary_st | 'Page' object has no attribute 'triple_click'
2026-06-17 16:13:09 | WARNING  | Row 1 | field=estimated_total_cost | 'Page' object has no attribute 'triple_click'
2026-06-17 16:13:09 | WARNING  | Row 1 attempt 2 FAILED: [focus_area] Option 'Focus Area 2' not found in #focusAreaId. Available: ['Select'] | [activity_type] Option 'Public' not found in #activityTypeListId. Available: ['Select'] | [activity_description] '
2026-06-17 16:13:21 | WARNING  | Row 1 | field=focus_area | Option 'Focus Area 2' not found in #focusAreaId. Available: ['Select']
2026-06-17 16:13:23 | WARNING  | Row 1 | field=activity_type | Option 'Public' not found in #activityTypeListId. Available: ['Select']
2026-06-17 16:13:23 | WARNING  | Row 1 | field=activity_description | 'Page' object has no attribute 'triple_click'
2026-06-17 16:13:39 | WARNING  | Row 1 | field=pdi_indicator | Page.wait_for_selector: Timeout 15000ms exceeded.
Call log:
  - waiting for locator("#checkboxes") to be visible
    33 × locator resolved to hidden <div id="checkboxes" class="checkboxes"></div>

2026-06-17 16:13:40 | WARNING  | Row 1 | field=activity_nature | Option 'Fresh' not found in #workTypId. Available: ['Select']
2026-06-17 16:13:42 | WARNING  | Row 1 | field=estimated_completion_year | 'Page' object has no attribute 'triple_click'
2026-06-17 16:13:42 | WARNING  | Row 1 | field=estimated_completion_month | 'Page' object has no attribute 'triple_click'
2026-06-17 16:13:42 | WARNING  | Row 1 | field=estimated_completion_days | 'Page' object has no attribute 'triple_click'
2026-06-17 16:13:42 | WARNING  | Row 1 | field=expected_beneficiary_general | 'Page' object has no attribute 'triple_click'
2026-06-17 16:13:42 | WARNING  | Row 1 | field=expected_beneficiary_sc | 'Page' object has no attribute 'triple_click'
2026-06-17 16:13:42 | WARNING  | Row 1 | field=expected_beneficiary_st | 'Page' object has no attribute 'triple_click'
2026-06-17 16:13:42 | WARNING  | Row 1 | field=estimated_total_cost | 'Page' object has no attribute 'triple_click'
2026-06-17 16:13:42 | WARNING  | Row 1 attempt 3 FAILED: [focus_area] Option 'Focus Area 2' not found in #focusAreaId. Available: ['Select'] | [activity_type] Option 'Public' not found in #activityTypeListId. Available: ['Select'] | [activity_description] '
2026-06-17 16:13:43 | ERROR    | Row 1 → FAILED after all retries
2026-06-17 16:13:43 | INFO     | ── Processing row 2 | Awareness for active participation in Gram Sabha, Ward Sabha, Mahila Sabha
2026-06-17 16:13:52 | WARNING  | Row 2 | field=focus_area | Option 'Focus Area 3' not found in #focusAreaId. Available: ['Select']
2026-06-17 16:13:54 | WARNING  | Row 2 | field=activity_type | Option 'Public' not found in #activityTypeListId. Available: ['Select']
2026-06-17 16:13:54 | WARNING  | Row 2 | field=activity_description | 'Page' object has no attribute 'triple_click'
2026-06-17 16:14:09 | WARNING  | Row 2 | field=pdi_indicator | Page.wait_for_selector: Timeout 15000ms exceeded.
Call log:
  - waiting for locator("#checkboxes") to be visible
    33 × locator resolved to hidden <div id="checkboxes" class="checkboxes"></div>

2026-06-17 16:14:10 | WARNING  | Row 2 | field=activity_nature | Option 'Fresh' not found in #workTypId. Available: ['Select']
2026-06-17 16:14:12 | WARNING  | Row 2 | field=estimated_completion_year | 'Page' object has no attribute 'triple_click'
2026-06-17 16:14:12 | WARNING  | Row 2 | field=estimated_completion_month | 'Page' object has no attribute 'triple_click'
2026-06-17 16:14:12 | WARNING  | Row 2 | field=estimated_completion_days | 'Page' object has no attribute 'triple_click'
2026-06-17 16:14:13 | WARNING  | Row 2 | field=expected_beneficiary_general | 'Page' object has no attribute 'triple_click'
2026-06-17 16:14:13 | WARNING  | Row 2 | field=expected_beneficiary_sc | 'Page' object has no attribute 'triple_click'
2026-06-17 16:14:13 | WARNING  | Row 2 | field=expected_beneficiary_st | 'Page' object has no attribute 'triple_click'
2026-06-17 16:14:13 | WARNING  | Row 2 | field=estimated_total_cost | 'Page' object has no attribute 'triple_click'
2026-06-17 16:14:13 | WARNING  | Row 2 attempt 1 FAILED: [focus_area] Option 'Focus Area 3' not found in #focusAreaId. Available: ['Select'] | [activity_type] Option 'Public' not found in #activityTypeListId. Available: ['Select'] | [activity_description] '
2026-06-17 16:14:24 | WARNING  | Row 2 | field=focus_area | Option 'Focus Area 3' not found in #focusAreaId. Available: ['Select']
2026-06-17 16:14:26 | WARNING  | Row 2 | field=activity_type | Option 'Public' not found in #activityTypeListId. Available: ['Select']
2026-06-17 16:14:26 | WARNING  | Row 2 | field=activity_description | 'Page' object has no attribute 'triple_click'
2026-06-17 16:14:42 | WARNING  | Row 2 | field=pdi_indicator | Page.wait_for_selector: Timeout 15000ms exceeded.
Call log:
  - waiting for locator("#checkboxes") to be visible
    33 × locator resolved to hidden <div id="checkboxes" class="checkboxes"></div>

2026-06-17 16:14:42 | WARNING  | Row 2 | field=activity_nature | Option 'Fresh' not found in #workTypId. Available: ['Select']
2026-06-17 16:14:44 | WARNING  | Row 2 | field=estimated_completion_year | 'Page' object has no attribute 'triple_click'
2026-06-17 16:14:44 | WARNING  | Row 2 | field=estimated_completion_month | 'Page' object has no attribute 'triple_click'
2026-06-17 16:14:44 | WARNING  | Row 2 | field=estimated_completion_days | 'Page' object has no attribute 'triple_click'
2026-06-17 16:14:45 | WARNING  | Row 2 | field=expected_beneficiary_general | 'Page' object has no attribute 'triple_click'
2026-06-17 16:14:45 | WARNING  | Row 2 | field=expected_beneficiary_sc | 'Page' object has no attribute 'triple_click'
2026-06-17 16:14:45 | WARNING  | Row 2 | field=expected_beneficiary_st | 'Page' object has no attribute 'triple_click'
2026-06-17 16:14:45 | WARNING  | Row 2 | field=estimated_total_cost | 'Page' object has no attribute 'triple_click'
2026-06-17 16:14:45 | WARNING  | Row 2 attempt 2 FAILED: [focus_area] Option 'Focus Area 3' not found in #focusAreaId. Available: ['Select'] | [activity_type] Option 'Public' not found in #activityTypeListId. Available: ['Select'] | [activity_description] '
2026-06-17 16:14:56 | WARNING  | Row 2 | field=focus_area | Option 'Focus Area 3' not found in #focusAreaId. Available: ['Select']
2026-06-17 16:14:58 | WARNING  | Row 2 | field=activity_type | Option 'Public' not found in #activityTypeListId. Available: ['Select']
2026-06-17 16:14:58 | WARNING  | Row 2 | field=activity_description | 'Page' object has no attribute 'triple_click'
2026-06-17 16:15:13 | WARNING  | Row 2 | field=pdi_indicator | Page.wait_for_selector: Timeout 15000ms exceeded.
Call log:
  - waiting for locator("#checkboxes") to be visible
    33 × locator resolved to hidden <div id="checkboxes" class="checkboxes"></div>

2026-06-17 16:15:14 | WARNING  | Row 2 | field=activity_nature | Option 'Fresh' not found in #workTypId. Available: ['Select']
2026-06-17 16:15:16 | WARNING  | Row 2 | field=estimated_completion_year | 'Page' object has no attribute 'triple_click'
2026-06-17 16:15:16 | WARNING  | Row 2 | field=estimated_completion_month | 'Page' object has no attribute 'triple_click'
2026-06-17 16:15:16 | WARNING  | Row 2 | field=estimated_completion_days | 'Page' object has no attribute 'triple_click'
2026-06-17 16:15:17 | WARNING  | Row 2 | field=start_month | Option 'September' not found in #startMonthId. Available: ['Select Month']
2026-06-17 16:15:17 | WARNING  | Row 2 | field=expected_beneficiary_general | 'Page' object has no attribute 'triple_click'
2026-06-17 16:15:17 | WARNING  | Row 2 | field=expected_beneficiary_sc | 'Page' object has no attribute 'triple_click'
2026-06-17 16:15:17 | WARNING  | Row 2 | field=expected_beneficiary_st | 'Page' object has no attribute 'triple_click'
2026-06-17 16:15:17 | WARNING  | Row 2 | field=estimated_total_cost | 'Page' object has no attribute 'triple_click'
2026-06-17 16:15:17 | WARNING  | Row 2 attempt 3 FAILED: [focus_area] Option 'Focus Area 3' not found in #focusAreaId. Available: ['Select'] | [activity_type] Option 'Public' not found in #activityTypeListId. Available: ['Select'] | [activity_description] '
2026-06-17 16:15:17 | ERROR    | Row 2 → FAILED after all retries
2026-06-17 16:15:17 | INFO     | ── Processing row 3 | Awareness on Public Services/ Service Delivery Provisions/ RTI
2026-06-17 16:15:26 | WARNING  | Row 3 | field=focus_area | Option 'Focus Area 4' not found in #focusAreaId. Available: ['Select', 'Social welfare']
2026-06-17 16:15:28 | WARNING  | Row 3 | field=activity_description | 'Page' object has no attribute 'triple_click'
2026-06-17 16:15:29 | WARNING  | Row 3 | field=activity_nature | Option 'Maintenance' not found in #workTypId. Available: ['Select', 'New/Fresh']
2026-06-17 16:15:31 | WARNING  | Row 3 | field=estimated_completion_year | 'Page' object has no attribute 'triple_click'
2026-06-17 16:15:31 | WARNING  | Row 3 | field=estimated_completion_month | 'Page' object has no attribute 'triple_click'
2026-06-17 16:15:31 | WARNING  | Row 3 | field=estimated_completion_days | 'Page' object has no attribute 'triple_click'
2026-06-17 16:15:32 | WARNING  | Row 3 | field=expected_beneficiary_general | 'Page' object has no attribute 'triple_click'
2026-06-17 16:15:32 | WARNING  | Row 3 | field=expected_beneficiary_sc | 'Page' object has no attribute 'triple_click'
2026-06-17 16:15:32 | WARNING  | Row 3 | field=expected_beneficiary_st | 'Page' object has no attribute 'triple_click'
2026-06-17 16:15:32 | WARNING  | Row 3 | field=estimated_total_cost | 'Page' object has no attribute 'triple_click'
2026-06-17 16:15:32 | WARNING  | Row 3 attempt 1 FAILED: [focus_area] Option 'Focus Area 4' not found in #focusAreaId. Available: ['Select', 'Social welfare'] | [activity_description] 'Page' object has no attribute 'triple_click' | [activity_nature] Option 
2026-06-17 16:15:42 | WARNING  | Row 3 | field=focus_area | Option 'Focus Area 4' not found in #focusAreaId. Available: ['Select', 'Social welfare']
2026-06-17 16:15:44 | WARNING  | Row 3 | field=activity_description | 'Page' object has no attribute 'triple_click'
2026-06-17 16:15:45 | WARNING  | Row 3 | field=activity_nature | Option 'Maintenance' not found in #workTypId. Available: ['Select', 'New/Fresh']
2026-06-17 16:15:47 | WARNING  | Row 3 | field=estimated_completion_year | 'Page' object has no attribute 'triple_click'
2026-06-17 16:15:47 | WARNING  | Row 3 | field=estimated_completion_month | 'Page' object has no attribute 'triple_click'
2026-06-17 16:15:47 | WARNING  | Row 3 | field=estimated_completion_days | 'Page' object has no attribute 'triple_click'
2026-06-17 16:15:48 | WARNING  | Row 3 | field=expected_beneficiary_general | 'Page' object has no attribute 'triple_click'
2026-06-17 16:15:48 | WARNING  | Row 3 | field=expected_beneficiary_sc | 'Page' object has no attribute 'triple_click'
2026-06-17 16:15:48 | WARNING  | Row 3 | field=expected_beneficiary_st | 'Page' object has no attribute 'triple_click'
2026-06-17 16:15:48 | WARNING  | Row 3 | field=estimated_total_cost | 'Page' object has no attribute 'triple_click'
2026-06-17 16:15:48 | WARNING  | Row 3 attempt 2 FAILED: [focus_area] Option 'Focus Area 4' not found in #focusAreaId. Available: ['Select', 'Social welfare'] | [activity_description] 'Page' object has no attribute 'triple_click' | [activity_nature] Option 
2026-06-17 16:15:58 | WARNING  | Row 3 | field=focus_area | Option 'Focus Area 4' not found in #focusAreaId. Available: ['Select', 'Social welfare']
2026-06-17 16:16:00 | WARNING  | Row 3 | field=activity_description | 'Page' object has no attribute 'triple_click'
2026-06-17 16:16:01 | WARNING  | Row 3 | field=activity_nature | Option 'Maintenance' not found in #workTypId. Available: ['Select', 'New/Fresh']
2026-06-17 16:16:03 | WARNING  | Row 3 | field=estimated_completion_year | 'Page' object has no attribute 'triple_click'
2026-06-17 16:16:03 | WARNING  | Row 3 | field=estimated_completion_month | 'Page' object has no attribute 'triple_click'
2026-06-17 16:16:03 | WARNING  | Row 3 | field=estimated_completion_days | 'Page' object has no attribute 'triple_click'
2026-06-17 16:16:04 | WARNING  | Row 3 | field=expected_beneficiary_general | 'Page' object has no attribute 'triple_click'
2026-06-17 16:16:04 | WARNING  | Row 3 | field=expected_beneficiary_sc | 'Page' object has no attribute 'triple_click'
2026-06-17 16:16:04 | WARNING  | Row 3 | field=expected_beneficiary_st | 'Page' object has no attribute 'triple_click'
2026-06-17 16:16:04 | WARNING  | Row 3 | field=estimated_total_cost | 'Page' object has no attribute 'triple_click'
2026-06-17 16:16:04 | WARNING  | Row 3 attempt 3 FAILED: [focus_area] Option 'Focus Area 4' not found in #focusAreaId. Available: ['Select', 'Social welfare'] | [activity_description] 'Page' object has no attribute 'triple_click' | [activity_nature] Option 
2026-06-17 16:16:04 | ERROR    | Row 3 → FAILED after all retries
2026-06-17 16:16:04 | INFO     | ── Processing row 4 | Awareness on disaster preparedness and mitigation
2026-06-17 16:16:11 | WARNING  | Row 4 | field=focus_area | Option 'Focus Area 5' not found in #focusAreaId. Available: ['Select']
2026-06-17 16:16:13 | WARNING  | Row 4 | field=activity_type | Option 'Public' not found in #activityTypeListId. Available: ['Select']
2026-06-17 16:16:13 | WARNING  | Row 4 | field=activity_description | 'Page' object has no attribute 'triple_click'
2026-06-17 16:16:29 | WARNING  | Row 4 | field=pdi_indicator | Page.wait_for_selector: Timeout 15000ms exceeded.
Call log:
  - waiting for locator("#checkboxes") to be visible
    33 × locator resolved to hidden <div id="checkboxes" class="checkboxes"></div>

2026-06-17 16:16:30 | WARNING  | Row 4 | field=activity_nature | Option 'Fresh' not found in #workTypId. Available: ['Select']
2026-06-17 16:16:32 | WARNING  | Row 4 | field=estimated_completion_year | 'Page' object has no attribute 'triple_click'
2026-06-17 16:16:32 | WARNING  | Row 4 | field=estimated_completion_month | 'Page' object has no attribute 'triple_click'
2026-06-17 16:16:32 | WARNING  | Row 4 | field=estimated_completion_days | 'Page' object has no attribute 'triple_click'
2026-06-17 16:16:32 | WARNING  | Row 4 | field=expected_beneficiary_general | 'Page' object has no attribute 'triple_click'
2026-06-17 16:16:32 | WARNING  | Row 4 | field=expected_beneficiary_sc | 'Page' object has no attribute 'triple_click'
2026-06-17 16:16:32 | WARNING  | Row 4 | field=expected_beneficiary_st | 'Page' object has no attribute 'triple_click'
2026-06-17 16:16:32 | WARNING  | Row 4 | field=estimated_total_cost | 'Page' object has no attribute 'triple_click'
2026-06-17 16:16:32 | WARNING  | Row 4 attempt 1 FAILED: [focus_area] Option 'Focus Area 5' not found in #focusAreaId. Available: ['Select'] | [activity_type] Option 'Public' not found in #activityTypeListId. Available: ['Select'] | [activity_description] '
2026-06-17 16:16:43 | WARNING  | Row 4 | field=focus_area | Option 'Focus Area 5' not found in #focusAreaId. Available: ['Select']
2026-06-17 16:16:46 | WARNING  | Row 4 | field=activity_type | Option 'Public' not found in #activityTypeListId. Available: ['Select']
2026-06-17 16:16:46 | WARNING  | Row 4 | field=activity_description | 'Page' object has no attribute 'triple_click'
2026-06-17 16:17:01 | WARNING  | Row 4 | field=pdi_indicator | Page.wait_for_selector: Timeout 15000ms exceeded.
Call log:
  - waiting for locator("#checkboxes") to be visible
    33 × locator resolved to hidden <div id="checkboxes" class="checkboxes"></div>

2026-06-17 16:17:02 | WARNING  | Row 4 | field=activity_nature | Option 'Fresh' not found in #workTypId. Available: ['Select']
2026-06-17 16:17:04 | WARNING  | Row 4 | field=estimated_completion_year | 'Page' object has no attribute 'triple_click'
2026-06-17 16:17:04 | WARNING  | Row 4 | field=estimated_completion_month | 'Page' object has no attribute 'triple_click'
2026-06-17 16:17:04 | WARNING  | Row 4 | field=estimated_completion_days | 'Page' object has no attribute 'triple_click'
2026-06-17 16:17:04 | WARNING  | Row 4 | field=start_month | Option 'November' not found in #startMonthId. Available: ['Select Month']
2026-06-17 16:17:04 | WARNING  | Row 4 | field=expected_beneficiary_general | 'Page' object has no attribute 'triple_click'
2026-06-17 16:17:04 | WARNING  | Row 4 | field=expected_beneficiary_sc | 'Page' object has no attribute 'triple_click'
2026-06-17 16:17:04 | WARNING  | Row 4 | field=expected_beneficiary_st | 'Page' object has no attribute 'triple_click'
2026-06-17 16:17:04 | WARNING  | Row 4 | field=estimated_total_cost | 'Page' object has no attribute 'triple_click'
2026-06-17 16:17:04 | WARNING  | Row 4 attempt 2 FAILED: [focus_area] Option 'Focus Area 5' not found in #focusAreaId. Available: ['Select'] | [activity_type] Option 'Public' not found in #activityTypeListId. Available: ['Select'] | [activity_description] '
2026-06-17 16:17:16 | WARNING  | Row 4 | field=focus_area | Option 'Focus Area 5' not found in #focusAreaId. Available: ['Select']
2026-06-17 16:17:18 | WARNING  | Row 4 | field=activity_type | Option 'Public' not found in #activityTypeListId. Available: ['Select']
2026-06-17 16:17:18 | WARNING  | Row 4 | field=activity_description | 'Page' object has no attribute 'triple_click'
2026-06-17 16:17:33 | WARNING  | Row 4 | field=pdi_indicator | Page.wait_for_selector: Timeout 15000ms exceeded.
Call log:
  - waiting for locator("#checkboxes") to be visible
    33 × locator resolved to hidden <div id="checkboxes" class="checkboxes"></div>

2026-06-17 16:17:34 | WARNING  | Row 4 | field=activity_nature | Option 'Fresh' not found in #workTypId. Available: ['Select']
2026-06-17 16:17:36 | WARNING  | Row 4 | field=estimated_completion_year | 'Page' object has no attribute 'triple_click'
2026-06-17 16:17:36 | WARNING  | Row 4 | field=estimated_completion_month | 'Page' object has no attribute 'triple_click'
2026-06-17 16:17:36 | WARNING  | Row 4 | field=estimated_completion_days | 'Page' object has no attribute 'triple_click'
2026-06-17 16:17:37 | WARNING  | Row 4 | field=start_month | Option 'November' not found in #startMonthId. Available: ['Select Month']
2026-06-17 16:17:37 | WARNING  | Row 4 | field=expected_beneficiary_general | 'Page' object has no attribute 'triple_click'
2026-06-17 16:17:37 | WARNING  | Row 4 | field=expected_beneficiary_sc | 'Page' object has no attribute 'triple_click'
2026-06-17 16:17:37 | WARNING  | Row 4 | field=expected_beneficiary_st | 'Page' object has no attribute 'triple_click'
2026-06-17 16:17:37 | WARNING  | Row 4 | field=estimated_total_cost | 'Page' object has no attribute 'triple_click'
2026-06-17 16:17:37 | WARNING  | Row 4 attempt 3 FAILED: [focus_area] Option 'Focus Area 5' not found in #focusAreaId. Available: ['Select'] | [activity_type] Option 'Public' not found in #activityTypeListId. Available: ['Select'] | [activity_description] '
2026-06-17 16:17:37 | ERROR    | Row 4 → FAILED after all retries
2026-06-17 16:17:37 | INFO     | ── Processing row 5 | Capacity Building & Training of Elected Representatives & Functionaries
2026-06-17 16:17:46 | WARNING  | Row 5 | field=focus_area | Option 'Focus Area 6' not found in #focusAreaId. Available: ['Select', 'Social welfare']
2026-06-17 16:17:48 | WARNING  | Row 5 | field=activity_description | 'Page' object has no attribute 'triple_click'
2026-06-17 16:17:51 | WARNING  | Row 5 | field=estimated_completion_year | 'Page' object has no attribute 'triple_click'
2026-06-17 16:17:51 | WARNING  | Row 5 | field=estimated_completion_month | 'Page' object has no attribute 'triple_click'
2026-06-17 16:17:51 | WARNING  | Row 5 | field=estimated_completion_days | 'Page' object has no attribute 'triple_click'
2026-06-17 16:17:52 | WARNING  | Row 5 | field=expected_beneficiary_general | 'Page' object has no attribute 'triple_click'
2026-06-17 16:17:52 | WARNING  | Row 5 | field=expected_beneficiary_sc | 'Page' object has no attribute 'triple_click'
2026-06-17 16:17:52 | WARNING  | Row 5 | field=expected_beneficiary_st | 'Page' object has no attribute 'triple_click'
2026-06-17 16:17:52 | WARNING  | Row 5 | field=estimated_total_cost | 'Page' object has no attribute 'triple_click'
2026-06-17 16:17:52 | WARNING  | Row 5 attempt 1 FAILED: [focus_area] Option 'Focus Area 6' not found in #focusAreaId. Available: ['Select', 'Social welfare'] | [activity_description] 'Page' object has no attribute 'triple_click' | [estimated_completion_yea
2026-06-17 16:18:02 | WARNING  | Row 5 | field=focus_area | Option 'Focus Area 6' not found in #focusAreaId. Available: ['Select', 'Social welfare']
2026-06-17 16:18:04 | WARNING  | Row 5 | field=activity_description | 'Page' object has no attribute 'triple_click'
2026-06-17 16:18:08 | WARNING  | Row 5 | field=estimated_completion_year | 'Page' object has no attribute 'triple_click'
2026-06-17 16:18:08 | WARNING  | Row 5 | field=estimated_completion_month | 'Page' object has no attribute 'triple_click'
2026-06-17 16:18:08 | WARNING  | Row 5 | field=estimated_completion_days | 'Page' object has no attribute 'triple_click'
2026-06-17 16:18:09 | WARNING  | Row 5 | field=expected_beneficiary_general | 'Page' object has no attribute 'triple_click'
2026-06-17 16:18:09 | WARNING  | Row 5 | field=expected_beneficiary_sc | 'Page' object has no attribute 'triple_click'
2026-06-17 16:18:09 | WARNING  | Row 5 | field=expected_beneficiary_st | 'Page' object has no attribute 'triple_click'
2026-06-17 16:18:09 | WARNING  | Row 5 | field=estimated_total_cost | 'Page' object has no attribute 'triple_click'
2026-06-17 16:18:09 | WARNING  | Row 5 attempt 2 FAILED: [focus_area] Option 'Focus Area 6' not found in #focusAreaId. Available: ['Select', 'Social welfare'] | [activity_description] 'Page' object has no attribute 'triple_click' | [estimated_completion_yea
2026-06-17 16:18:20 | WARNING  | Row 5 | field=focus_area | Option 'Focus Area 6' not found in #focusAreaId. Available: ['Select', 'Social welfare']
2026-06-17 16:18:22 | WARNING  | Row 5 | field=activity_description | 'Page' object has no attribute 'triple_click'
2026-06-17 16:18:25 | WARNING  | Row 5 | field=estimated_completion_year | 'Page' object has no attribute 'triple_click'
2026-06-17 16:18:25 | WARNING  | Row 5 | field=estimated_completion_month | 'Page' object has no attribute 'triple_click'
2026-06-17 16:18:25 | WARNING  | Row 5 | field=estimated_completion_days | 'Page' object has no attribute 'triple_click'
2026-06-17 16:18:26 | WARNING  | Row 5 | field=expected_beneficiary_general | 'Page' object has no attribute 'triple_click'
2026-06-17 16:18:26 | WARNING  | Row 5 | field=expected_beneficiary_sc | 'Page' object has no attribute 'triple_click'
2026-06-17 16:18:26 | WARNING  | Row 5 | field=expected_beneficiary_st | 'Page' object has no attribute 'triple_click'
2026-06-17 16:18:26 | WARNING  | Row 5 | field=estimated_total_cost | 'Page' object has no attribute 'triple_click'
2026-06-17 16:18:26 | WARNING  | Row 5 attempt 3 FAILED: [focus_area] Option 'Focus Area 6' not found in #focusAreaId. Available: ['Select', 'Social welfare'] | [activity_description] 'Page' object has no attribute 'triple_click' | [estimated_completion_yea
2026-06-17 16:18:26 | ERROR    | Row 5 → FAILED after all retries
2026-06-17 16:18:26 | INFO     | ── Processing row 6 | Community kitchen
2026-06-17 16:18:35 | WARNING  | Row 6 | field=focus_area | Option 'Focus Area 7' not found in #focusAreaId. Available: ['Select']
2026-06-17 16:18:37 | WARNING  | Row 6 | field=activity_type | Option 'Public' not found in #activityTypeListId. Available: ['Select']
2026-06-17 16:18:37 | WARNING  | Row 6 | field=activity_description | 'Page' object has no attribute 'triple_click'
2026-06-17 16:18:52 | WARNING  | Row 6 | field=pdi_indicator | Page.wait_for_selector: Timeout 15000ms exceeded.
Call log:
  - waiting for locator("#checkboxes") to be visible
    33 × locator resolved to hidden <div id="checkboxes" class="checkboxes"></div>

2026-06-17 16:18:53 | WARNING  | Row 6 | field=activity_nature | Option 'Maintenance' not found in #workTypId. Available: ['Select']
2026-06-17 16:18:55 | WARNING  | Row 6 | field=estimated_completion_year | 'Page' object has no attribute 'triple_click'
2026-06-17 16:18:55 | WARNING  | Row 6 | field=estimated_completion_month | 'Page' object has no attribute 'triple_click'
2026-06-17 16:18:55 | WARNING  | Row 6 | field=estimated_completion_days | 'Page' object has no attribute 'triple_click'
2026-06-17 16:18:56 | WARNING  | Row 6 | field=start_month | Option 'January' not found in #startMonthId. Available: ['Select Month']
2026-06-17 16:18:56 | WARNING  | Row 6 | field=expected_beneficiary_general | 'Page' object has no attribute 'triple_click'
2026-06-17 16:18:56 | WARNING  | Row 6 | field=expected_beneficiary_sc | 'Page' object has no attribute 'triple_click'
2026-06-17 16:18:56 | WARNING  | Row 6 | field=expected_beneficiary_st | 'Page' object has no attribute 'triple_click'
2026-06-17 16:18:56 | WARNING  | Row 6 | field=estimated_total_cost | 'Page' object has no attribute 'triple_click'
2026-06-17 16:18:56 | WARNING  | Row 6 attempt 1 FAILED: [focus_area] Option 'Focus Area 7' not found in #focusAreaId. Available: ['Select'] | [activity_type] Option 'Public' not found in #activityTypeListId. Available: ['Select'] | [activity_description] '
2026-06-17 16:19:07 | WARNING  | Row 6 | field=focus_area | Option 'Focus Area 7' not found in #focusAreaId. Available: ['Select']
2026-06-17 16:19:09 | WARNING  | Row 6 | field=activity_type | Option 'Public' not found in #activityTypeListId. Available: ['Select']
2026-06-17 16:19:09 | WARNING  | Row 6 | field=activity_description | 'Page' object has no attribute 'triple_click'
2026-06-17 16:19:25 | WARNING  | Row 6 | field=pdi_indicator | Page.wait_for_selector: Timeout 15000ms exceeded.
Call log:
  - waiting for locator("#checkboxes") to be visible
    33 × locator resolved to hidden <div id="checkboxes" class="checkboxes"></div>

2026-06-17 16:19:26 | WARNING  | Row 6 | field=activity_nature | Option 'Maintenance' not found in #workTypId. Available: ['Select']
2026-06-17 16:19:28 | WARNING  | Row 6 | field=estimated_completion_year | 'Page' object has no attribute 'triple_click'
2026-06-17 16:19:28 | WARNING  | Row 6 | field=estimated_completion_month | 'Page' object has no attribute 'triple_click'
2026-06-17 16:19:28 | WARNING  | Row 6 | field=estimated_completion_days | 'Page' object has no attribute 'triple_click'
2026-06-17 16:19:28 | WARNING  | Row 6 | field=start_month | Option 'January' not found in #startMonthId. Available: ['Select', 'April', 'May', 'June', 'July', 'August', 'September', 'October', 'November', 'December']
2026-06-17 16:19:28 | WARNING  | Row 6 | field=expected_beneficiary_general | 'Page' object has no attribute 'triple_click'
2026-06-17 16:19:28 | WARNING  | Row 6 | field=expected_beneficiary_sc | 'Page' object has no attribute 'triple_click'
2026-06-17 16:19:28 | WARNING  | Row 6 | field=expected_beneficiary_st | 'Page' object has no attribute 'triple_click'
2026-06-17 16:19:28 | WARNING  | Row 6 | field=estimated_total_cost | 'Page' object has no attribute 'triple_click'
2026-06-17 16:19:28 | WARNING  | Row 6 attempt 2 FAILED: [focus_area] Option 'Focus Area 7' not found in #focusAreaId. Available: ['Select'] | [activity_type] Option 'Public' not found in #activityTypeListId. Available: ['Select'] | [activity_description] '
2026-06-17 16:19:40 | WARNING  | Row 6 | field=focus_area | Option 'Focus Area 7' not found in #focusAreaId. Available: ['Select']
2026-06-17 16:19:42 | WARNING  | Row 6 | field=activity_type | Option 'Public' not found in #activityTypeListId. Available: ['Select']
2026-06-17 16:19:42 | WARNING  | Row 6 | field=activity_description | 'Page' object has no attribute 'triple_click'
2026-06-17 16:19:58 | WARNING  | Row 6 | field=pdi_indicator | Page.wait_for_selector: Timeout 15000ms exceeded.
Call log:
  - waiting for locator("#checkboxes") to be visible
    33 × locator resolved to hidden <div id="checkboxes" class="checkboxes"></div>

2026-06-17 16:19:58 | WARNING  | Row 6 | field=activity_nature | Option 'Maintenance' not found in #workTypId. Available: ['Select']
2026-06-17 16:20:00 | WARNING  | Row 6 | field=estimated_completion_year | 'Page' object has no attribute 'triple_click'
2026-06-17 16:20:00 | WARNING  | Row 6 | field=estimated_completion_month | 'Page' object has no attribute 'triple_click'
2026-06-17 16:20:00 | WARNING  | Row 6 | field=estimated_completion_days | 'Page' object has no attribute 'triple_click'
2026-06-17 16:20:01 | WARNING  | Row 6 | field=start_month | Option 'January' not found in #startMonthId. Available: ['Select Month']
2026-06-17 16:20:01 | WARNING  | Row 6 | field=expected_beneficiary_general | 'Page' object has no attribute 'triple_click'
2026-06-17 16:20:01 | WARNING  | Row 6 | field=expected_beneficiary_sc | 'Page' object has no attribute 'triple_click'
2026-06-17 16:20:01 | WARNING  | Row 6 | field=expected_beneficiary_st | 'Page' object has no attribute 'triple_click'
2026-06-17 16:20:01 | WARNING  | Row 6 | field=estimated_total_cost | 'Page' object has no attribute 'triple_click'
2026-06-17 16:20:01 | WARNING  | Row 6 attempt 3 FAILED: [focus_area] Option 'Focus Area 7' not found in #focusAreaId. Available: ['Select'] | [activity_type] Option 'Public' not found in #activityTypeListId. Available: ['Select'] | [activity_description] '
2026-06-17 16:20:01 | ERROR    | Row 6 → FAILED after all retries
2026-06-17 16:20:01 | INFO     | ── Processing row 7 | Installation of Information Board
2026-06-17 16:20:10 | WARNING  | Row 7 | field=focus_area | Option 'Focus Area 8' not found in #focusAreaId. Available: ['Select', 'Maintenance of community system']
2026-06-17 16:20:12 | WARNING  | Row 7 | field=activity_description | 'Page' object has no attribute 'triple_click'
2026-06-17 16:20:16 | WARNING  | Row 7 | field=estimated_completion_year | 'Page' object has no attribute 'triple_click'
2026-06-17 16:20:16 | WARNING  | Row 7 | field=estimated_completion_month | 'Page' object has no attribute 'triple_click'
2026-06-17 16:20:16 | WARNING  | Row 7 | field=estimated_completion_days | 'Page' object has no attribute 'triple_click'
2026-06-17 16:20:17 | WARNING  | Row 7 | field=start_month | Option 'February' not found in #startMonthId. Available: ['Select', 'April', 'May', 'June', 'July', 'August', 'September', 'October', 'November', 'December']
2026-06-17 16:20:17 | WARNING  | Row 7 | field=expected_beneficiary_general | 'Page' object has no attribute 'triple_click'
2026-06-17 16:20:17 | WARNING  | Row 7 | field=expected_beneficiary_sc | 'Page' object has no attribute 'triple_click'
2026-06-17 16:20:17 | WARNING  | Row 7 | field=expected_beneficiary_st | 'Page' object has no attribute 'triple_click'
2026-06-17 16:20:17 | WARNING  | Row 7 | field=estimated_total_cost | 'Page' object has no attribute 'triple_click'
2026-06-17 16:20:17 | WARNING  | Row 7 attempt 1 FAILED: [focus_area] Option 'Focus Area 8' not found in #focusAreaId. Available: ['Select', 'Maintenance of community system'] | [activity_description] 'Page' object has no attribute 'triple_click' | [estimat
2026-06-17 16:20:27 | WARNING  | Row 7 | field=focus_area | Option 'Focus Area 8' not found in #focusAreaId. Available: ['Select', 'Maintenance of community system']
2026-06-17 16:20:30 | WARNING  | Row 7 | field=activity_description | 'Page' object has no attribute 'triple_click'
2026-06-17 16:20:33 | WARNING  | Row 7 | field=estimated_completion_year | 'Page' object has no attribute 'triple_click'
2026-06-17 16:20:33 | WARNING  | Row 7 | field=estimated_completion_month | 'Page' object has no attribute 'triple_click'
2026-06-17 16:20:33 | WARNING  | Row 7 | field=estimated_completion_days | 'Page' object has no attribute 'triple_click'
2026-06-17 16:20:34 | WARNING  | Row 7 | field=start_month | Option 'February' not found in #startMonthId. Available: ['Select']
2026-06-17 16:20:34 | WARNING  | Row 7 | field=expected_beneficiary_general | 'Page' object has no attribute 'triple_click'
2026-06-17 16:20:34 | WARNING  | Row 7 | field=expected_beneficiary_sc | 'Page' object has no attribute 'triple_click'
2026-06-17 16:20:34 | WARNING  | Row 7 | field=expected_beneficiary_st | 'Page' object has no attribute 'triple_click'
2026-06-17 16:20:34 | WARNING  | Row 7 | field=estimated_total_cost | 'Page' object has no attribute 'triple_click'
2026-06-17 16:20:34 | WARNING  | Row 7 attempt 2 FAILED: [focus_area] Option 'Focus Area 8' not found in #focusAreaId. Available: ['Select', 'Maintenance of community system'] | [activity_description] 'Page' object has no attribute 'triple_click' | [estimat
2026-06-17 16:20:45 | WARNING  | Row 7 | field=focus_area | Option 'Focus Area 8' not found in #focusAreaId. Available: ['Select', 'Maintenance of community system']
2026-06-17 16:20:47 | WARNING  | Row 7 | field=activity_description | 'Page' object has no attribute 'triple_click'
2026-06-17 16:20:51 | WARNING  | Row 7 | field=estimated_completion_year | 'Page' object has no attribute 'triple_click'
2026-06-17 16:20:51 | WARNING  | Row 7 | field=estimated_completion_month | 'Page' object has no attribute 'triple_click'
2026-06-17 16:20:51 | WARNING  | Row 7 | field=estimated_completion_days | 'Page' object has no attribute 'triple_click'
2026-06-17 16:20:51 | WARNING  | Row 7 | field=start_month | Option 'February' not found in #startMonthId. Available: ['Select', 'April', 'May', 'June', 'July', 'August', 'September', 'October', 'November', 'December']
2026-06-17 16:20:51 | WARNING  | Row 7 | field=expected_beneficiary_general | 'Page' object has no attribute 'triple_click'
2026-06-17 16:20:51 | WARNING  | Row 7 | field=expected_beneficiary_sc | 'Page' object has no attribute 'triple_click'
2026-06-17 16:20:51 | WARNING  | Row 7 | field=expected_beneficiary_st | 'Page' object has no attribute 'triple_click'
2026-06-17 16:20:51 | WARNING  | Row 7 | field=estimated_total_cost | 'Page' object has no attribute 'triple_click'
2026-06-17 16:20:51 | WARNING  | Row 7 attempt 3 FAILED: [focus_area] Option 'Focus Area 8' not found in #focusAreaId. Available: ['Select', 'Maintenance of community system'] | [activity_description] 'Page' object has no attribute 'triple_click' | [estimat
2026-06-17 16:20:51 | ERROR    | Row 7 → FAILED after all retries
2026-06-17 16:20:51 | INFO     | ── Processing row 8 | Internet Connection in Gram Panchayat Bhawan
2026-06-17 16:21:01 | WARNING  | Row 8 | field=focus_area | Option 'Focus Area 9' not found in #focusAreaId. Available: ['Select']
2026-06-17 16:21:03 | WARNING  | Row 8 | field=activity_type | Option 'Public' not found in #activityTypeListId. Available: ['Select']
2026-06-17 16:21:03 | WARNING  | Row 8 | field=activity_description | 'Page' object has no attribute 'triple_click'
2026-06-17 16:21:18 | WARNING  | Row 8 | field=pdi_indicator | Page.wait_for_selector: Timeout 15000ms exceeded.
Call log:
  - waiting for locator("#checkboxes") to be visible
    33 × locator resolved to hidden <div id="checkboxes" class="checkboxes"></div>

2026-06-17 16:21:19 | WARNING  | Row 8 | field=activity_nature | Option 'Fresh' not found in #workTypId. Available: ['Select']
2026-06-17 16:21:21 | WARNING  | Row 8 | field=estimated_completion_year | 'Page' object has no attribute 'triple_click'
2026-06-17 16:21:21 | WARNING  | Row 8 | field=estimated_completion_month | 'Page' object has no attribute 'triple_click'
2026-06-17 16:21:21 | WARNING  | Row 8 | field=estimated_completion_days | 'Page' object has no attribute 'triple_click'
2026-06-17 16:21:22 | WARNING  | Row 8 | field=start_month | Option 'March' not found in #startMonthId. Available: ['Select Month']
2026-06-17 16:21:22 | WARNING  | Row 8 | field=expected_beneficiary_general | 'Page' object has no attribute 'triple_click'
2026-06-17 16:21:22 | WARNING  | Row 8 | field=expected_beneficiary_sc | 'Page' object has no attribute 'triple_click'
2026-06-17 16:21:22 | WARNING  | Row 8 | field=expected_beneficiary_st | 'Page' object has no attribute 'triple_click'
2026-06-17 16:21:22 | WARNING  | Row 8 | field=estimated_total_cost | 'Page' object has no attribute 'triple_click'
2026-06-17 16:21:22 | WARNING  | Row 8 attempt 1 FAILED: [focus_area] Option 'Focus Area 9' not found in #focusAreaId. Available: ['Select'] | [activity_type] Option 'Public' not found in #activityTypeListId. Available: ['Select'] | [activity_description] '
2026-06-17 16:21:33 | WARNING  | Row 8 | field=focus_area | Option 'Focus Area 9' not found in #focusAreaId. Available: ['Select']
2026-06-17 16:21:35 | WARNING  | Row 8 | field=activity_type | Option 'Public' not found in #activityTypeListId. Available: ['Select']
2026-06-17 16:21:35 | WARNING  | Row 8 | field=activity_description | 'Page' object has no attribute 'triple_click'
2026-06-17 16:21:51 | WARNING  | Row 8 | field=pdi_indicator | Page.wait_for_selector: Timeout 15000ms exceeded.
Call log:
  - waiting for locator("#checkboxes") to be visible
    33 × locator resolved to hidden <div id="checkboxes" class="checkboxes"></div>

2026-06-17 16:21:51 | WARNING  | Row 8 | field=activity_nature | Option 'Fresh' not found in #workTypId. Available: ['Select']
2026-06-17 16:21:53 | WARNING  | Row 8 | field=estimated_completion_year | 'Page' object has no attribute 'triple_click'
2026-06-17 16:21:53 | WARNING  | Row 8 | field=estimated_completion_month | 'Page' object has no attribute 'triple_click'
2026-06-17 16:21:54 | WARNING  | Row 8 | field=estimated_completion_days | 'Page' object has no attribute 'triple_click'
2026-06-17 16:21:54 | WARNING  | Row 8 | field=start_month | Option 'March' not found in #startMonthId. Available: ['Select Month']
2026-06-17 16:21:54 | WARNING  | Row 8 | field=expected_beneficiary_general | 'Page' object has no attribute 'triple_click'
2026-06-17 16:21:54 | WARNING  | Row 8 | field=expected_beneficiary_sc | 'Page' object has no attribute 'triple_click'
2026-06-17 16:21:54 | WARNING  | Row 8 | field=expected_beneficiary_st | 'Page' object has no attribute 'triple_click'
2026-06-17 16:21:54 | WARNING  | Row 8 | field=estimated_total_cost | 'Page' object has no attribute 'triple_click'
2026-06-17 16:21:54 | WARNING  | Row 8 attempt 2 FAILED: [focus_area] Option 'Focus Area 9' not found in #focusAreaId. Available: ['Select'] | [activity_type] Option 'Public' not found in #activityTypeListId. Available: ['Select'] | [activity_description] '
2026-06-17 16:22:05 | WARNING  | Row 8 | field=focus_area | Option 'Focus Area 9' not found in #focusAreaId. Available: ['Select']
2026-06-17 16:22:07 | WARNING  | Row 8 | field=activity_type | Option 'Public' not found in #activityTypeListId. Available: ['Select']
2026-06-17 16:22:07 | WARNING  | Row 8 | field=activity_description | 'Page' object has no attribute 'triple_click'
2026-06-17 16:22:23 | WARNING  | Row 8 | field=pdi_indicator | Page.wait_for_selector: Timeout 15000ms exceeded.
Call log:
  - waiting for locator("#checkboxes") to be visible
    33 × locator resolved to hidden <div id="checkboxes" class="checkboxes"></div>

2026-06-17 16:22:24 | WARNING  | Row 8 | field=activity_nature | Option 'Fresh' not found in #workTypId. Available: ['Select']
2026-06-17 16:22:26 | WARNING  | Row 8 | field=estimated_completion_year | 'Page' object has no attribute 'triple_click'
2026-06-17 16:22:26 | WARNING  | Row 8 | field=estimated_completion_month | 'Page' object has no attribute 'triple_click'
2026-06-17 16:22:26 | WARNING  | Row 8 | field=estimated_completion_days | 'Page' object has no attribute 'triple_click'
2026-06-17 16:22:27 | WARNING  | Row 8 | field=expected_beneficiary_general | 'Page' object has no attribute 'triple_click'
2026-06-17 16:22:27 | WARNING  | Row 8 | field=expected_beneficiary_sc | 'Page' object has no attribute 'triple_click'
2026-06-17 16:22:27 | WARNING  | Row 8 | field=expected_beneficiary_st | 'Page' object has no attribute 'triple_click'
2026-06-17 16:22:27 | WARNING  | Row 8 | field=estimated_total_cost | 'Page' object has no attribute 'triple_click'
2026-06-17 16:22:27 | WARNING  | Row 8 attempt 3 FAILED: [focus_area] Option 'Focus Area 9' not found in #focusAreaId. Available: ['Select'] | [activity_type] Option 'Public' not found in #activityTypeListId. Available: ['Select'] | [activity_description] '
2026-06-17 16:22:27 | ERROR    | Row 8 → FAILED after all retries
2026-06-17 16:22:27 | INFO     | ── Processing row 9 | Joint training of ERs, Functionaries and SHGs on various issues
2026-06-17 16:22:37 | WARNING  | Row 9 | field=focus_area | Option 'Focus Area 10' not found in #focusAreaId. Available: ['Select', 'Poverty allevation programme']
2026-06-17 16:22:39 | WARNING  | Row 9 | field=activity_type | Option 'Public' not found in #activityTypeListId. Available: ['Select', 'Beneficiary Oriented Programmes']
2026-06-17 16:22:39 | WARNING  | Row 9 | field=activity_description | 'Page' object has no attribute 'triple_click'
2026-06-17 16:22:40 | WARNING  | Row 9 | field=activity_nature | Option 'Maintenance' not found in #workTypId. Available: ['Select', 'New/Fresh']
2026-06-17 16:22:42 | WARNING  | Row 9 | field=estimated_completion_year | 'Page' object has no attribute 'triple_click'
2026-06-17 16:22:42 | WARNING  | Row 9 | field=estimated_completion_month | 'Page' object has no attribute 'triple_click'
2026-06-17 16:22:43 | WARNING  | Row 9 | field=estimated_completion_days | 'Page' object has no attribute 'triple_click'
2026-06-17 16:22:43 | WARNING  | Row 9 | field=start_month | Option 'April' not found in #startMonthId. Available: ['Select', 'January', 'February', 'March']
2026-06-17 16:22:43 | WARNING  | Row 9 | field=expected_beneficiary_general | 'Page' object has no attribute 'triple_click'
2026-06-17 16:22:43 | WARNING  | Row 9 | field=expected_beneficiary_sc | 'Page' object has no attribute 'triple_click'
2026-06-17 16:22:43 | WARNING  | Row 9 | field=expected_beneficiary_st | 'Page' object has no attribute 'triple_click'
2026-06-17 16:22:43 | WARNING  | Row 9 | field=estimated_total_cost | 'Page' object has no attribute 'triple_click'
2026-06-17 16:22:43 | WARNING  | Row 9 attempt 1 FAILED: [focus_area] Option 'Focus Area 10' not found in #focusAreaId. Available: ['Select', 'Poverty allevation programme'] | [activity_type] Option 'Public' not found in #activityTypeListId. Available: ['Se
2026-06-17 16:22:55 | WARNING  | Row 9 | field=focus_area | Option 'Focus Area 10' not found in #focusAreaId. Available: ['Select', 'Poverty allevation programme']
2026-06-17 16:22:57 | WARNING  | Row 9 | field=activity_type | Option 'Public' not found in #activityTypeListId. Available: ['Select', 'Beneficiary Oriented Programmes']
2026-06-17 16:22:57 | WARNING  | Row 9 | field=activity_description | 'Page' object has no attribute 'triple_click'
2026-06-17 16:22:58 | WARNING  | Row 9 | field=activity_nature | Option 'Maintenance' not found in #workTypId. Available: ['Select', 'New/Fresh']
2026-06-17 16:23:00 | WARNING  | Row 9 | field=estimated_completion_year | 'Page' object has no attribute 'triple_click'
2026-06-17 16:23:00 | WARNING  | Row 9 | field=estimated_completion_month | 'Page' object has no attribute 'triple_click'
2026-06-17 16:23:00 | WARNING  | Row 9 | field=estimated_completion_days | 'Page' object has no attribute 'triple_click'
2026-06-17 16:23:01 | WARNING  | Row 9 | field=start_month | Option 'April' not found in #startMonthId. Available: ['Select', 'January', 'February', 'March']
2026-06-17 16:23:01 | WARNING  | Row 9 | field=expected_beneficiary_general | 'Page' object has no attribute 'triple_click'
2026-06-17 16:23:01 | WARNING  | Row 9 | field=expected_beneficiary_sc | 'Page' object has no attribute 'triple_click'
2026-06-17 16:23:01 | WARNING  | Row 9 | field=expected_beneficiary_st | 'Page' object has no attribute 'triple_click'
2026-06-17 16:23:01 | WARNING  | Row 9 | field=estimated_total_cost | 'Page' object has no attribute 'triple_click'
2026-06-17 16:23:01 | WARNING  | Row 9 attempt 2 FAILED: [focus_area] Option 'Focus Area 10' not found in #focusAreaId. Available: ['Select', 'Poverty allevation programme'] | [activity_type] Option 'Public' not found in #activityTypeListId. Available: ['Se
2026-06-17 16:23:12 | WARNING  | Row 9 | field=focus_area | Option 'Focus Area 10' not found in #focusAreaId. Available: ['Select', 'Poverty allevation programme']
2026-06-17 16:23:14 | WARNING  | Row 9 | field=activity_type | Option 'Public' not found in #activityTypeListId. Available: ['Select', 'Beneficiary Oriented Programmes']
2026-06-17 16:23:14 | WARNING  | Row 9 | field=activity_description | 'Page' object has no attribute 'triple_click'
2026-06-17 16:23:15 | WARNING  | Row 9 | field=activity_nature | Option 'Maintenance' not found in #workTypId. Available: ['Select', 'New/Fresh']
2026-06-17 16:23:17 | WARNING  | Row 9 | field=estimated_completion_year | 'Page' object has no attribute 'triple_click'
2026-06-17 16:23:17 | WARNING  | Row 9 | field=estimated_completion_month | 'Page' object has no attribute 'triple_click'
2026-06-17 16:23:17 | WARNING  | Row 9 | field=estimated_completion_days | 'Page' object has no attribute 'triple_click'
2026-06-17 16:23:18 | WARNING  | Row 9 | field=start_month | Option 'April' not found in #startMonthId. Available: ['Select', 'January', 'February', 'March']
2026-06-17 16:23:18 | WARNING  | Row 9 | field=expected_beneficiary_general | 'Page' object has no attribute 'triple_click'
2026-06-17 16:23:18 | WARNING  | Row 9 | field=expected_beneficiary_sc | 'Page' object has no attribute 'triple_click'
2026-06-17 16:23:18 | WARNING  | Row 9 | field=expected_beneficiary_st | 'Page' object has no attribute 'triple_click'
2026-06-17 16:23:18 | WARNING  | Row 9 | field=estimated_total_cost | 'Page' object has no attribute 'triple_click'
2026-06-17 16:23:18 | WARNING  | Row 9 attempt 3 FAILED: [focus_area] Option 'Focus Area 10' not found in #focusAreaId. Available: ['Select', 'Poverty allevation programme'] | [activity_type] Option 'Public' not found in #activityTypeListId. Available: ['Se
2026-06-17 16:23:18 | ERROR    | Row 9 → FAILED after all retries
2026-06-17 16:23:18 | INFO     | ── Processing row 10 | Maintenance of database of RTI application and replies
2026-06-17 16:23:26 | WARNING  | Row 10 | field=focus_area | Option 'Focus Area 11' not found in #focusAreaId. Available: ['Select', 'Social welfare']
2026-06-17 16:23:28 | WARNING  | Row 10 | field=activity_description | 'Page' object has no attribute 'triple_click'
2026-06-17 16:23:29 | WARNING  | Row 10 | field=activity_nature | Option 'Fresh' not found in #workTypId. Available: ['Select', 'Maintenance']
2026-06-17 16:23:32 | WARNING  | Row 10 | field=estimated_completion_year | 'Page' object has no attribute 'triple_click'
2026-06-17 16:23:32 | WARNING  | Row 10 | field=estimated_completion_month | 'Page' object has no attribute 'triple_click'
2026-06-17 16:23:32 | WARNING  | Row 10 | field=estimated_completion_days | 'Page' object has no attribute 'triple_click'
2026-06-17 16:23:32 | WARNING  | Row 10 | field=start_month | Option 'May' not found in #startMonthId. Available: ['Select', 'January', 'February', 'March']
2026-06-17 16:23:32 | WARNING  | Row 10 | field=expected_beneficiary_general | 'Page' object has no attribute 'triple_click'
2026-06-17 16:23:32 | WARNING  | Row 10 | field=expected_beneficiary_sc | 'Page' object has no attribute 'triple_click'
2026-06-17 16:23:32 | WARNING  | Row 10 | field=expected_beneficiary_st | 'Page' object has no attribute 'triple_click'
2026-06-17 16:23:32 | WARNING  | Row 10 | field=estimated_total_cost | 'Page' object has no attribute 'triple_click'
2026-06-17 16:23:32 | WARNING  | Row 10 attempt 1 FAILED: [focus_area] Option 'Focus Area 11' not found in #focusAreaId. Available: ['Select', 'Social welfare'] | [activity_description] 'Page' object has no attribute 'triple_click' | [activity_nature] Option
2026-06-17 16:23:47 | WARNING  | Row 10 | field=focus_area | Option 'Focus Area 11' not found in #focusAreaId. Available: ['Select', 'Social welfare']
2026-06-17 16:23:49 | WARNING  | Row 10 | field=activity_description | 'Page' object has no attribute 'triple_click'
2026-06-17 16:23:50 | WARNING  | Row 10 | field=activity_nature | Option 'Fresh' not found in #workTypId. Available: ['Select', 'Maintenance']
2026-06-17 16:23:52 | WARNING  | Row 10 | field=estimated_completion_year | 'Page' object has no attribute 'triple_click'
2026-06-17 16:23:52 | WARNING  | Row 10 | field=estimated_completion_month | 'Page' object has no attribute 'triple_click'
2026-06-17 16:23:52 | WARNING  | Row 10 | field=estimated_completion_days | 'Page' object has no attribute 'triple_click'
2026-06-17 16:23:53 | WARNING  | Row 10 | field=start_month | Option 'May' not found in #startMonthId. Available: ['Select', 'January', 'February', 'March']
2026-06-17 16:23:53 | WARNING  | Row 10 | field=expected_beneficiary_general | 'Page' object has no attribute 'triple_click'
2026-06-17 16:23:53 | WARNING  | Row 10 | field=expected_beneficiary_sc | 'Page' object has no attribute 'triple_click'
2026-06-17 16:23:53 | WARNING  | Row 10 | field=expected_beneficiary_st | 'Page' object has no attribute 'triple_click'
2026-06-17 16:23:53 | WARNING  | Row 10 | field=estimated_total_cost | 'Page' object has no attribute 'triple_click'
2026-06-17 16:23:53 | WARNING  | Row 10 attempt 2 FAILED: [focus_area] Option 'Focus Area 11' not found in #focusAreaId. Available: ['Select', 'Social welfare'] | [activity_description] 'Page' object has no attribute 'triple_click' | [activity_nature] Option
2026-06-17 16:24:07 | WARNING  | Row 10 | field=focus_area | Option 'Focus Area 11' not found in #focusAreaId. Available: ['Select', 'Social welfare']
2026-06-17 16:24:09 | WARNING  | Row 10 | field=activity_description | 'Page' object has no attribute 'triple_click'
2026-06-17 16:24:10 | WARNING  | Row 10 | field=activity_nature | Option 'Fresh' not found in #workTypId. Available: ['Select', 'Maintenance']
2026-06-17 16:24:12 | WARNING  | Row 10 | field=estimated_completion_year | 'Page' object has no attribute 'triple_click'
2026-06-17 16:24:12 | WARNING  | Row 10 | field=estimated_completion_month | 'Page' object has no attribute 'triple_click'
2026-06-17 16:24:12 | WARNING  | Row 10 | field=estimated_completion_days | 'Page' object has no attribute 'triple_click'
2026-06-17 16:24:13 | WARNING  | Row 10 | field=start_month | Option 'May' not found in #startMonthId. Available: ['Select', 'January', 'February', 'March']
2026-06-17 16:24:13 | WARNING  | Row 10 | field=expected_beneficiary_general | 'Page' object has no attribute 'triple_click'
2026-06-17 16:24:13 | WARNING  | Row 10 | field=expected_beneficiary_sc | 'Page' object has no attribute 'triple_click'
2026-06-17 16:24:13 | WARNING  | Row 10 | field=expected_beneficiary_st | 'Page' object has no attribute 'triple_click'
2026-06-17 16:24:13 | WARNING  | Row 10 | field=estimated_total_cost | 'Page' object has no attribute 'triple_click'
2026-06-17 16:24:13 | WARNING  | Row 10 attempt 3 FAILED: [focus_area] Option 'Focus Area 11' not found in #focusAreaId. Available: ['Select', 'Social welfare'] | [activity_description] 'Page' object has no attribute 'triple_click' | [activity_nature] Option
2026-06-17 16:24:13 | ERROR    | Row 10 → FAILED after all retries
2026-06-17 16:24:13 | INFO     | ── Processing row 11 | Organising of Gram Sabha/ Ward Sabha/ Mahila Sabha/ GPDP
2026-06-17 16:24:21 | WARNING  | Row 11 | field=focus_area | Option 'Focus Area 12' not found in #focusAreaId. Available: ['Select']
2026-06-17 16:24:23 | WARNING  | Row 11 | field=activity_type | Option 'Public' not found in #activityTypeListId. Available: ['Select']
2026-06-17 16:24:23 | WARNING  | Row 11 | field=activity_description | 'Page' object has no attribute 'triple_click'
2026-06-17 16:24:39 | WARNING  | Row 11 | field=pdi_indicator | Page.wait_for_selector: Timeout 15000ms exceeded.
Call log:
  - waiting for locator("#checkboxes") to be visible
    33 × locator resolved to hidden <div id="checkboxes" class="checkboxes"></div>

2026-06-17 16:24:40 | WARNING  | Row 11 | field=activity_nature | Option 'Fresh' not found in #workTypId. Available: ['Select']
2026-06-17 16:24:42 | WARNING  | Row 11 | field=estimated_completion_year | 'Page' object has no attribute 'triple_click'
2026-06-17 16:24:42 | WARNING  | Row 11 | field=estimated_completion_month | 'Page' object has no attribute 'triple_click'
2026-06-17 16:24:42 | WARNING  | Row 11 | field=estimated_completion_days | 'Page' object has no attribute 'triple_click'
2026-06-17 16:24:42 | WARNING  | Row 11 | field=start_month | Option 'June' not found in #startMonthId. Available: ['Select', 'January', 'February', 'March']
2026-06-17 16:24:42 | WARNING  | Row 11 | field=expected_beneficiary_general | 'Page' object has no attribute 'triple_click'
2026-06-17 16:24:43 | WARNING  | Row 11 | field=expected_beneficiary_sc | 'Page' object has no attribute 'triple_click'
2026-06-17 16:24:43 | WARNING  | Row 11 | field=expected_beneficiary_st | 'Page' object has no attribute 'triple_click'
2026-06-17 16:24:43 | WARNING  | Row 11 | field=estimated_total_cost | 'Page' object has no attribute 'triple_click'
2026-06-17 16:24:43 | WARNING  | Row 11 attempt 1 FAILED: [focus_area] Option 'Focus Area 12' not found in #focusAreaId. Available: ['Select'] | [activity_type] Option 'Public' not found in #activityTypeListId. Available: ['Select'] | [activity_description] 
2026-06-17 16:24:54 | WARNING  | Row 11 | field=focus_area | Option 'Focus Area 12' not found in #focusAreaId. Available: ['Select']
2026-06-17 16:24:56 | WARNING  | Row 11 | field=activity_type | Option 'Public' not found in #activityTypeListId. Available: ['Select']
2026-06-17 16:24:56 | WARNING  | Row 11 | field=activity_description | 'Page' object has no attribute 'triple_click'
2026-06-17 16:25:12 | WARNING  | Row 11 | field=pdi_indicator | Page.wait_for_selector: Timeout 15000ms exceeded.
Call log:
  - waiting for locator("#checkboxes") to be visible
    33 × locator resolved to hidden <div id="checkboxes" class="checkboxes"></div>

2026-06-17 16:25:13 | WARNING  | Row 11 | field=activity_nature | Option 'Fresh' not found in #workTypId. Available: ['Select']
2026-06-17 16:25:15 | WARNING  | Row 11 | field=estimated_completion_year | 'Page' object has no attribute 'triple_click'
2026-06-17 16:25:15 | WARNING  | Row 11 | field=estimated_completion_month | 'Page' object has no attribute 'triple_click'
2026-06-17 16:25:15 | WARNING  | Row 11 | field=estimated_completion_days | 'Page' object has no attribute 'triple_click'
2026-06-17 16:25:15 | WARNING  | Row 11 | field=start_month | Option 'June' not found in #startMonthId. Available: ['Select', 'January', 'February', 'March']
2026-06-17 16:25:15 | WARNING  | Row 11 | field=expected_beneficiary_general | 'Page' object has no attribute 'triple_click'
2026-06-17 16:25:15 | WARNING  | Row 11 | field=expected_beneficiary_sc | 'Page' object has no attribute 'triple_click'
2026-06-17 16:25:15 | WARNING  | Row 11 | field=expected_beneficiary_st | 'Page' object has no attribute 'triple_click'
2026-06-17 16:25:15 | WARNING  | Row 11 | field=estimated_total_cost | 'Page' object has no attribute 'triple_click'
2026-06-17 16:25:15 | WARNING  | Row 11 attempt 2 FAILED: [focus_area] Option 'Focus Area 12' not found in #focusAreaId. Available: ['Select'] | [activity_type] Option 'Public' not found in #activityTypeListId. Available: ['Select'] | [activity_description] 
2026-06-17 16:25:29 | WARNING  | Row 11 | field=focus_area | Option 'Focus Area 12' not found in #focusAreaId. Available: ['Select']
2026-06-17 16:25:31 | WARNING  | Row 11 | field=activity_type | Option 'Public' not found in #activityTypeListId. Available: ['Select']
2026-06-17 16:25:31 | WARNING  | Row 11 | field=activity_description | 'Page' object has no attribute 'triple_click'
2026-06-17 16:25:47 | WARNING  | Row 11 | field=pdi_indicator | Page.wait_for_selector: Timeout 15000ms exceeded.
Call log:
  - waiting for locator("#checkboxes") to be visible
    33 × locator resolved to hidden <div id="checkboxes" class="checkboxes"></div>

2026-06-17 16:25:48 | WARNING  | Row 11 | field=activity_nature | Option 'Fresh' not found in #workTypId. Available: ['Select']
2026-06-17 16:25:50 | WARNING  | Row 11 | field=estimated_completion_year | 'Page' object has no attribute 'triple_click'
2026-06-17 16:25:50 | WARNING  | Row 11 | field=estimated_completion_month | 'Page' object has no attribute 'triple_click'
2026-06-17 16:25:50 | WARNING  | Row 11 | field=estimated_completion_days | 'Page' object has no attribute 'triple_click'
2026-06-17 16:25:50 | WARNING  | Row 11 | field=start_month | Option 'June' not found in #startMonthId. Available: ['Select Month']
2026-06-17 16:25:50 | WARNING  | Row 11 | field=expected_beneficiary_general | 'Page' object has no attribute 'triple_click'
2026-06-17 16:25:50 | WARNING  | Row 11 | field=expected_beneficiary_sc | 'Page' object has no attribute 'triple_click'
2026-06-17 16:25:50 | WARNING  | Row 11 | field=expected_beneficiary_st | 'Page' object has no attribute 'triple_click'
2026-06-17 16:25:50 | WARNING  | Row 11 | field=estimated_total_cost | 'Page' object has no attribute 'triple_click'
2026-06-17 16:25:50 | WARNING  | Row 11 attempt 3 FAILED: [focus_area] Option 'Focus Area 12' not found in #focusAreaId. Available: ['Select'] | [activity_type] Option 'Public' not found in #activityTypeListId. Available: ['Select'] | [activity_description] 
2026-06-17 16:25:50 | ERROR    | Row 11 → FAILED after all retries
2026-06-17 16:25:50 | INFO     | ── Processing row 12 | Procurement of Computer for Gram Panchayat Bhawan
2026-06-17 16:25:59 | WARNING  | Row 12 | field=focus_area | Option 'Focus Area 13' not found in #focusAreaId. Available: ['Select', 'Maintenance of community system']
2026-06-17 16:26:01 | WARNING  | Row 12 | field=activity_description | 'Page' object has no attribute 'triple_click'
2026-06-17 16:26:05 | WARNING  | Row 12 | field=estimated_completion_year | 'Page' object has no attribute 'triple_click'
2026-06-17 16:26:05 | WARNING  | Row 12 | field=estimated_completion_month | 'Page' object has no attribute 'triple_click'
2026-06-17 16:26:05 | WARNING  | Row 12 | field=estimated_completion_days | 'Page' object has no attribute 'triple_click'
2026-06-17 16:26:06 | WARNING  | Row 12 | field=start_month | Option 'July' not found in #startMonthId. Available: ['Select', 'January', 'February', 'March']
2026-06-17 16:26:06 | WARNING  | Row 12 | field=expected_beneficiary_general | 'Page' object has no attribute 'triple_click'
2026-06-17 16:26:06 | WARNING  | Row 12 | field=expected_beneficiary_sc | 'Page' object has no attribute 'triple_click'
2026-06-17 16:26:06 | WARNING  | Row 12 | field=expected_beneficiary_st | 'Page' object has no attribute 'triple_click'
2026-06-17 16:26:06 | WARNING  | Row 12 | field=estimated_total_cost | 'Page' object has no attribute 'triple_click'
2026-06-17 16:26:06 | WARNING  | Row 12 attempt 1 FAILED: [focus_area] Option 'Focus Area 13' not found in #focusAreaId. Available: ['Select', 'Maintenance of community system'] | [activity_description] 'Page' object has no attribute 'triple_click' | [estima
2026-06-17 16:26:17 | WARNING  | Row 12 | field=focus_area | Option 'Focus Area 13' not found in #focusAreaId. Available: ['Select', 'Maintenance of community system']
2026-06-17 16:26:19 | WARNING  | Row 12 | field=activity_description | 'Page' object has no attribute 'triple_click'
2026-06-17 16:26:22 | WARNING  | Row 12 | field=estimated_completion_year | 'Page' object has no attribute 'triple_click'
2026-06-17 16:26:22 | WARNING  | Row 12 | field=estimated_completion_month | 'Page' object has no attribute 'triple_click'
2026-06-17 16:26:22 | WARNING  | Row 12 | field=estimated_completion_days | 'Page' object has no attribute 'triple_click'
2026-06-17 16:26:23 | WARNING  | Row 12 | field=start_month | Option 'July' not found in #startMonthId. Available: ['Select', 'January', 'February', 'March']
2026-06-17 16:26:23 | WARNING  | Row 12 | field=expected_beneficiary_general | 'Page' object has no attribute 'triple_click'
2026-06-17 16:26:23 | WARNING  | Row 12 | field=expected_beneficiary_sc | 'Page' object has no attribute 'triple_click'
2026-06-17 16:26:23 | WARNING  | Row 12 | field=expected_beneficiary_st | 'Page' object has no attribute 'triple_click'
2026-06-17 16:26:23 | WARNING  | Row 12 | field=estimated_total_cost | 'Page' object has no attribute 'triple_click'
2026-06-17 16:26:23 | WARNING  | Row 12 attempt 2 FAILED: [focus_area] Option 'Focus Area 13' not found in #focusAreaId. Available: ['Select', 'Maintenance of community system'] | [activity_description] 'Page' object has no attribute 'triple_click' | [estima
2026-06-17 16:26:35 | WARNING  | Row 12 | field=focus_area | Option 'Focus Area 13' not found in #focusAreaId. Available: ['Select', 'Maintenance of community system']
2026-06-17 16:26:37 | WARNING  | Row 12 | field=activity_description | 'Page' object has no attribute 'triple_click'
2026-06-17 16:26:41 | WARNING  | Row 12 | field=estimated_completion_year | 'Page' object has no attribute 'triple_click'
2026-06-17 16:26:41 | WARNING  | Row 12 | field=estimated_completion_month | 'Page' object has no attribute 'triple_click'
2026-06-17 16:26:41 | WARNING  | Row 12 | field=estimated_completion_days | 'Page' object has no attribute 'triple_click'
2026-06-17 16:26:41 | WARNING  | Row 12 | field=start_month | Option 'July' not found in #startMonthId. Available: ['Select', 'January', 'February', 'March']
2026-06-17 16:26:41 | WARNING  | Row 12 | field=expected_beneficiary_general | 'Page' object has no attribute 'triple_click'
2026-06-17 16:26:41 | WARNING  | Row 12 | field=expected_beneficiary_sc | 'Page' object has no attribute 'triple_click'
2026-06-17 16:26:41 | WARNING  | Row 12 | field=expected_beneficiary_st | 'Page' object has no attribute 'triple_click'
2026-06-17 16:26:42 | WARNING  | Row 12 | field=estimated_total_cost | 'Page' object has no attribute 'triple_click'
2026-06-17 16:26:42 | WARNING  | Row 12 attempt 3 FAILED: [focus_area] Option 'Focus Area 13' not found in #focusAreaId. Available: ['Select', 'Maintenance of community system'] | [activity_description] 'Page' object has no attribute 'triple_click' | [estima
2026-06-17 16:26:42 | ERROR    | Row 12 → FAILED after all retries
2026-06-17 16:26:42 | INFO     | ── Processing row 13 | Skill training of Youths / SHG/ Women/ others
2026-06-17 16:26:50 | WARNING  | Row 13 | field=focus_area | Option 'Focus Area 14' not found in #focusAreaId. Available: ['Select']
2026-06-17 16:26:52 | WARNING  | Row 13 | field=activity_type | Option 'Public' not found in #activityTypeListId. Available: ['Select']
2026-06-17 16:26:52 | WARNING  | Row 13 | field=activity_description | 'Page' object has no attribute 'triple_click'
2026-06-17 16:27:08 | WARNING  | Row 13 | field=pdi_indicator | Page.wait_for_selector: Timeout 15000ms exceeded.
Call log:
  - waiting for locator("#checkboxes") to be visible
    33 × locator resolved to hidden <div id="checkboxes" class="checkboxes"></div>

2026-06-17 16:27:09 | WARNING  | Row 13 | field=activity_nature | Option 'Fresh' not found in #workTypId. Available: ['Select']
2026-06-17 16:27:11 | WARNING  | Row 13 | field=estimated_completion_year | 'Page' object has no attribute 'triple_click'
2026-06-17 16:27:11 | WARNING  | Row 13 | field=estimated_completion_month | 'Page' object has no attribute 'triple_click'
2026-06-17 16:27:11 | WARNING  | Row 13 | field=estimated_completion_days | 'Page' object has no attribute 'triple_click'
2026-06-17 16:27:11 | WARNING  | Row 13 | field=start_month | Option 'August' not found in #startMonthId. Available: ['Select', 'January', 'February', 'March']
2026-06-17 16:27:11 | WARNING  | Row 13 | field=expected_beneficiary_general | 'Page' object has no attribute 'triple_click'
2026-06-17 16:27:11 | WARNING  | Row 13 | field=expected_beneficiary_sc | 'Page' object has no attribute 'triple_click'
2026-06-17 16:27:11 | WARNING  | Row 13 | field=expected_beneficiary_st | 'Page' object has no attribute 'triple_click'
2026-06-17 16:27:11 | WARNING  | Row 13 | field=estimated_total_cost | 'Page' object has no attribute 'triple_click'
2026-06-17 16:27:11 | WARNING  | Row 13 attempt 1 FAILED: [focus_area] Option 'Focus Area 14' not found in #focusAreaId. Available: ['Select'] | [activity_type] Option 'Public' not found in #activityTypeListId. Available: ['Select'] | [activity_description] 
2026-06-17 16:27:23 | WARNING  | Row 13 | field=focus_area | Option 'Focus Area 14' not found in #focusAreaId. Available: ['Select']
2026-06-17 16:27:25 | WARNING  | Row 13 | field=activity_type | Option 'Public' not found in #activityTypeListId. Available: ['Select']
2026-06-17 16:27:25 | WARNING  | Row 13 | field=activity_description | 'Page' object has no attribute 'triple_click'
2026-06-17 16:27:41 | WARNING  | Row 13 | field=pdi_indicator | Page.wait_for_selector: Timeout 15000ms exceeded.
Call log:
  - waiting for locator("#checkboxes") to be visible
    33 × locator resolved to hidden <div id="checkboxes" class="checkboxes"></div>

2026-06-17 16:27:41 | WARNING  | Row 13 | field=activity_nature | Option 'Fresh' not found in #workTypId. Available: ['Select']
2026-06-17 16:27:44 | WARNING  | Row 13 | field=estimated_completion_year | 'Page' object has no attribute 'triple_click'
2026-06-17 16:27:44 | WARNING  | Row 13 | field=estimated_completion_month | 'Page' object has no attribute 'triple_click'
2026-06-17 16:27:44 | WARNING  | Row 13 | field=estimated_completion_days | 'Page' object has no attribute 'triple_click'
2026-06-17 16:27:44 | WARNING  | Row 13 | field=start_month | Option 'August' not found in #startMonthId. Available: ['Select Month']
2026-06-17 16:27:44 | WARNING  | Row 13 | field=expected_beneficiary_general | 'Page' object has no attribute 'triple_click'
2026-06-17 16:27:44 | WARNING  | Row 13 | field=expected_beneficiary_sc | 'Page' object has no attribute 'triple_click'
2026-06-17 16:27:44 | WARNING  | Row 13 | field=expected_beneficiary_st | 'Page' object has no attribute 'triple_click'
2026-06-17 16:27:44 | WARNING  | Row 13 | field=estimated_total_cost | 'Page' object has no attribute 'triple_click'
2026-06-17 16:27:44 | WARNING  | Row 13 attempt 2 FAILED: [focus_area] Option 'Focus Area 14' not found in #focusAreaId. Available: ['Select'] | [activity_type] Option 'Public' not found in #activityTypeListId. Available: ['Select'] | [activity_description] 
2026-06-17 16:27:56 | WARNING  | Row 13 | field=focus_area | Option 'Focus Area 14' not found in #focusAreaId. Available: ['Select']
2026-06-17 16:27:58 | WARNING  | Row 13 | field=activity_type | Option 'Public' not found in #activityTypeListId. Available: ['Select']
2026-06-17 16:27:58 | WARNING  | Row 13 | field=activity_description | 'Page' object has no attribute 'triple_click'
2026-06-17 16:28:13 | WARNING  | Row 13 | field=pdi_indicator | Page.wait_for_selector: Timeout 15000ms exceeded.
Call log:
  - waiting for locator("#checkboxes") to be visible
    33 × locator resolved to hidden <div id="checkboxes" class="checkboxes"></div>

2026-06-17 16:28:14 | WARNING  | Row 13 | field=activity_nature | Option 'Fresh' not found in #workTypId. Available: ['Select']
2026-06-17 16:28:16 | WARNING  | Row 13 | field=estimated_completion_year | 'Page' object has no attribute 'triple_click'
2026-06-17 16:28:16 | WARNING  | Row 13 | field=estimated_completion_month | 'Page' object has no attribute 'triple_click'
2026-06-17 16:28:16 | WARNING  | Row 13 | field=estimated_completion_days | 'Page' object has no attribute 'triple_click'
2026-06-17 16:28:17 | WARNING  | Row 13 | field=start_month | Option 'August' not found in #startMonthId. Available: ['Select Month']
2026-06-17 16:28:17 | WARNING  | Row 13 | field=expected_beneficiary_general | 'Page' object has no attribute 'triple_click'
2026-06-17 16:28:17 | WARNING  | Row 13 | field=expected_beneficiary_sc | 'Page' object has no attribute 'triple_click'
2026-06-17 16:28:17 | WARNING  | Row 13 | field=expected_beneficiary_st | 'Page' object has no attribute 'triple_click'
2026-06-17 16:28:17 | WARNING  | Row 13 | field=estimated_total_cost | 'Page' object has no attribute 'triple_click'
2026-06-17 16:28:17 | WARNING  | Row 13 attempt 3 FAILED: [focus_area] Option 'Focus Area 14' not found in #focusAreaId. Available: ['Select'] | [activity_type] Option 'Public' not found in #activityTypeListId. Available: ['Select'] | [activity_description] 
2026-06-17 16:32:33 | INFO     | ============================================================
2026-06-17 16:32:33 | INFO     | eGramSwaraj Activity Bot — START
2026-06-17 16:32:33 | INFO     | ============================================================
2026-06-17 16:32:33 | INFO     | Total rows: 15 | Already successful: 0
2026-06-17 16:32:34 | INFO     | ── Processing row 0 | Activities realted to Record keeping /Maintainance of data base
2026-06-17 16:32:34 | WARNING  | Row 0 attempt 1 FAILED: Page.goto: Protocol error (Page.navigate): Cannot navigate to invalid URL
Call log:
  - navigating to "YOUR_FORM_URL_HERE", waiting until "load"

2026-06-17 16:32:36 | WARNING  | Row 0 attempt 2 FAILED: Page.goto: Protocol error (Page.navigate): Cannot navigate to invalid URL
Call log:
  - navigating to "YOUR_FORM_URL_HERE", waiting until "load"

2026-06-17 16:32:38 | WARNING  | Row 0 attempt 3 FAILED: Page.goto: Protocol error (Page.navigate): Cannot navigate to invalid URL
Call log:
  - navigating to "YOUR_FORM_URL_HERE", waiting until "load"

2026-06-17 16:32:38 | ERROR    | Row 0 → FAILED after all retries
2026-06-17 16:32:38 | INFO     | ── Processing row 1 | Awareness campaign on SHG-PRI Convergence
2026-06-17 16:32:38 | WARNING  | Row 1 attempt 1 FAILED: Page.goto: Protocol error (Page.navigate): Cannot navigate to invalid URL
Call log:
  - navigating to "YOUR_FORM_URL_HERE", waiting until "load"

2026-06-17 16:32:40 | WARNING  | Row 1 attempt 2 FAILED: Page.goto: Protocol error (Page.navigate): Cannot navigate to invalid URL
Call log:
  - navigating to "YOUR_FORM_URL_HERE", waiting until "load"

2026-06-17 16:32:42 | WARNING  | Row 1 attempt 3 FAILED: Page.goto: Protocol error (Page.navigate): Cannot navigate to invalid URL
Call log:
  - navigating to "YOUR_FORM_URL_HERE", waiting until "load"

2026-06-17 16:32:42 | ERROR    | Row 1 → FAILED after all retries
2026-06-17 16:32:42 | INFO     | ── Processing row 2 | Awareness for active participation in Gram Sabha, Ward Sabha, Mahila Sabha
2026-06-17 16:32:42 | WARNING  | Row 2 attempt 1 FAILED: Page.goto: Protocol error (Page.navigate): Cannot navigate to invalid URL
Call log:
  - navigating to "YOUR_FORM_URL_HERE", waiting until "load"

2026-06-17 16:32:45 | WARNING  | Row 2 attempt 2 FAILED: Page.goto: Protocol error (Page.navigate): Cannot navigate to invalid URL
Call log:
  - navigating to "YOUR_FORM_URL_HERE", waiting until "load"

2026-06-17 16:32:47 | WARNING  | Row 2 attempt 3 FAILED: Page.goto: Protocol error (Page.navigate): Cannot navigate to invalid URL
Call log:
  - navigating to "YOUR_FORM_URL_HERE", waiting until "load"

2026-06-17 16:32:47 | ERROR    | Row 2 → FAILED after all retries
2026-06-17 16:32:47 | INFO     | ── Processing row 3 | Awareness on Public Services/ Service Delivery Provisions/ RTI
2026-06-17 16:32:47 | WARNING  | Row 3 attempt 1 FAILED: Page.goto: Protocol error (Page.navigate): Cannot navigate to invalid URL
Call log:
  - navigating to "YOUR_FORM_URL_HERE", waiting until "load"

2026-06-17 16:32:49 | WARNING  | Row 3 attempt 2 FAILED: Page.goto: Protocol error (Page.navigate): Cannot navigate to invalid URL
Call log:
  - navigating to "YOUR_FORM_URL_HERE", waiting until "load"

2026-06-17 16:32:51 | WARNING  | Row 3 attempt 3 FAILED: Page.goto: Protocol error (Page.navigate): Cannot navigate to invalid URL
Call log:
  - navigating to "YOUR_FORM_URL_HERE", waiting until "load"

2026-06-17 16:32:51 | ERROR    | Row 3 → FAILED after all retries
2026-06-17 16:32:51 | INFO     | ── Processing row 4 | Awareness on disaster preparedness and mitigation
2026-06-17 16:32:51 | WARNING  | Row 4 attempt 1 FAILED: Page.goto: Protocol error (Page.navigate): Cannot navigate to invalid URL
Call log:
  - navigating to "YOUR_FORM_URL_HERE", waiting until "load"

2026-06-17 16:32:53 | WARNING  | Row 4 attempt 2 FAILED: Page.goto: Protocol error (Page.navigate): Cannot navigate to invalid URL
Call log:
  - navigating to "YOUR_FORM_URL_HERE", waiting until "load"

2026-06-17 16:32:55 | WARNING  | Row 4 attempt 3 FAILED: Page.goto: Protocol error (Page.navigate): Cannot navigate to invalid URL
Call log:
  - navigating to "YOUR_FORM_URL_HERE", waiting until "load"

2026-06-17 16:32:55 | ERROR    | Row 4 → FAILED after all retries
2026-06-17 16:32:55 | INFO     | ── Processing row 5 | Capacity Building & Training of Elected Representatives & Functionaries
2026-06-17 16:32:55 | WARNING  | Row 5 attempt 1 FAILED: Page.goto: Protocol error (Page.navigate): Cannot navigate to invalid URL
Call log:
  - navigating to "YOUR_FORM_URL_HERE", waiting until "load"

2026-06-17 16:32:57 | WARNING  | Row 5 attempt 2 FAILED: Page.goto: Protocol error (Page.navigate): Cannot navigate to invalid URL
Call log:
  - navigating to "YOUR_FORM_URL_HERE", waiting until "load"

2026-06-17 16:32:59 | WARNING  | Row 5 attempt 3 FAILED: Page.goto: Protocol error (Page.navigate): Cannot navigate to invalid URL
Call log:
  - navigating to "YOUR_FORM_URL_HERE", waiting until "load"

2026-06-17 16:33:00 | ERROR    | Row 5 → FAILED after all retries
2026-06-17 16:33:00 | INFO     | ── Processing row 6 | Community kitchen
2026-06-17 16:33:00 | WARNING  | Row 6 attempt 1 FAILED: Page.goto: Protocol error (Page.navigate): Cannot navigate to invalid URL
Call log:
  - navigating to "YOUR_FORM_URL_HERE", waiting until "load"

2026-06-17 16:33:02 | WARNING  | Row 6 attempt 2 FAILED: Page.goto: Protocol error (Page.navigate): Cannot navigate to invalid URL
Call log:
  - navigating to "YOUR_FORM_URL_HERE", waiting until "load"

2026-06-17 16:33:04 | WARNING  | Row 6 attempt 3 FAILED: Page.goto: Protocol error (Page.navigate): Cannot navigate to invalid URL
Call log:
  - navigating to "YOUR_FORM_URL_HERE", waiting until "load"

2026-06-17 16:33:04 | ERROR    | Row 6 → FAILED after all retries
2026-06-17 16:33:04 | INFO     | ── Processing row 7 | Installation of Information Board
2026-06-17 16:33:04 | WARNING  | Row 7 attempt 1 FAILED: Page.goto: Protocol error (Page.navigate): Cannot navigate to invalid URL
Call log:
  - navigating to "YOUR_FORM_URL_HERE", waiting until "load"

2026-06-17 16:33:06 | WARNING  | Row 7 attempt 2 FAILED: Page.goto: Protocol error (Page.navigate): Cannot navigate to invalid URL
Call log:
  - navigating to "YOUR_FORM_URL_HERE", waiting until "load"

2026-06-17 16:33:08 | WARNING  | Row 7 attempt 3 FAILED: Page.goto: Protocol error (Page.navigate): Cannot navigate to invalid URL
Call log:
  - navigating to "YOUR_FORM_URL_HERE", waiting until "load"

2026-06-17 16:33:08 | ERROR    | Row 7 → FAILED after all retries
2026-06-17 16:33:08 | INFO     | ── Processing row 8 | Internet Connection in Gram Panchayat Bhawan
2026-06-17 16:33:08 | WARNING  | Row 8 attempt 1 FAILED: Page.goto: Protocol error (Page.navigate): Cannot navigate to invalid URL
Call log:
  - navigating to "YOUR_FORM_URL_HERE", waiting until "load"

2026-06-17 16:33:10 | WARNING  | Row 8 attempt 2 FAILED: Page.goto: Protocol error (Page.navigate): Cannot navigate to invalid URL
Call log:
  - navigating to "YOUR_FORM_URL_HERE", waiting until "load"

2026-06-17 16:33:12 | WARNING  | Row 8 attempt 3 FAILED: Page.goto: Target page, context or browser has been closed
2026-06-17 16:33:12 | ERROR    | Row 8 → FAILED after all retries
2026-06-17 16:33:12 | INFO     | ── Processing row 9 | Joint training of ERs, Functionaries and SHGs on various issues
2026-06-17 16:33:12 | WARNING  | Row 9 attempt 1 FAILED: Page.goto: Target page, context or browser has been closed
2026-06-17 16:33:15 | INFO     | ============================================================
2026-06-17 16:33:15 | INFO     | eGramSwaraj Activity Bot — START
2026-06-17 16:33:15 | INFO     | ============================================================
2026-06-17 16:33:15 | INFO     | Total rows: 15 | Already successful: 0
2026-06-17 16:33:16 | INFO     | ── Processing row 0 | Activities realted to Record keeping /Maintainance of data base
2026-06-17 16:33:47 | WARNING  | Row 0 attempt 1 FAILED: Page.wait_for_selector: Timeout 30000ms exceeded.
Call log:
  - waiting for locator("#themeId") to be visible
    - waiting for" https://egramswaraj.gov.in/logOutAction.do" navigation to finish...
   
2026-06-17 16:34:26 | WARNING  | Row 0 attempt 2 FAILED: Page.wait_for_selector: Timeout 30000ms exceeded.
Call log:
  - waiting for locator("#themeId") to be visible

2026-06-17 16:35:05 | WARNING  | Row 0 attempt 3 FAILED: Page.wait_for_selector: Timeout 30000ms exceeded.
Call log:
  - waiting for locator("#themeId") to be visible

2026-06-17 16:35:06 | ERROR    | Row 0 → FAILED after all retries
2026-06-17 16:35:06 | INFO     | ── Processing row 1 | Awareness campaign on SHG-PRI Convergence
2026-06-17 16:35:08 | WARNING  | Row 1 attempt 1 FAILED: Page.goto: Target page, context or browser has been closed
Call log:
  - navigating to "https://egramswaraj.gov.in/addactivity.htm", waiting until "load"

2026-06-17 16:35:10 | WARNING  | Row 1 attempt 2 FAILED: Page.goto: Target page, context or browser has been closed
2026-06-17 16:35:12 | WARNING  | Row 1 attempt 3 FAILED: Page.goto: Target page, context or browser has been closed
2026-06-17 16:35:12 | ERROR    | Row 1 → FAILED after all retries
2026-06-17 16:35:12 | INFO     | ── Processing row 2 | Awareness for active participation in Gram Sabha, Ward Sabha, Mahila Sabha
2026-06-17 16:35:12 | WARNING  | Row 2 attempt 1 FAILED: Page.goto: Target page, context or browser has been closed
2026-06-17 16:35:14 | WARNING  | Row 2 attempt 2 FAILED: Page.goto: Target page, context or browser has been closed
2026-06-17 16:40:46 | INFO     | ============================================================
2026-06-17 16:40:46 | INFO     | eGramSwaraj Activity Bot — START (v3)
2026-06-17 16:40:46 | INFO     | ============================================================
2026-06-17 16:40:46 | INFO     | Excel rows: total=15 | already SUCCESS=0 | pending=15
2026-06-17 16:41:00 | INFO     | ⏳  Waiting for you to log in and navigate to addactivity.htm ...
2026-06-17 16:41:43 | INFO     | ✅  addactivity.htm detected and form is ready.
2026-06-17 16:42:08 | INFO     | ── Row 0 | Activities realted to Record keeping /Maintainance of data base
2026-06-17 16:42:34 | WARNING  | Row 0 | FAILED field=focus_area | Dropdown #focusAreaId never populated beyond ['Select'] within 20000ms. Check that the parent field was selected correctly and that its onchange JS event fired.
2026-06-17 16:42:34 | DEBUG    | DIAGNOSTIC [focus_area row=0] SELECT states: [
  {
    "id": "themeId",
    "name": "themeId",
    "visible": true,
    "optionCount": 10,
    "selectedValue": "8",
    "options": [
      "Select",
      "Theme 1 - Poverty Free and Enhanced Livelihoods Village",
      "Theme 2 - Healthy Village",
      "Theme 3 - Child Friendly Village",
      "Theme 4 - Water Sufficient Village"
    ]
  },
  {
    "id": "themeActivityNameID",
    "name": "activityNameId",
    "visible": true,
    "optionCount": 37,
    "selectedValue": "",
    "options": [
      "Select",
      "Activities realted to Record keeping /Maintainance of data base",
      "Awareness campaign on SHG-PRI Convergence",
      "Awareness for active participation in Gram Sabha, Ward Sabha, Mahila Sabha",
      "Awareness on Public Services/ Service Delivery Provisions/ RTI"
    ]
  },
  {
    "id": "focusAreaId",
    "name": "focusArea",
    "visible": true,
    "optionCount": 1,
    "selectedValue": "",
    "options": [
      "Select"
    ]
  },
  {
    "id": "activityTypeListId",
    "name": "activityType",
    "visible": true,
    "optionCount": 1,
    "selectedValue": "",
    "options": [
      "Select"
    ]
  },
  {
    "id": "",
    "name": "",
    "visible": true,
    "optionCount": 1,
    "selectedValue": "--Select--",
    "options": [
      "--Select--"
    ]
  },
  {
    "id": "activityFor",
    "name": "activityFor",
    "visible": true,
    "optionCount": 5,
    "selectedValue": "",
    "options": [
      "Select",
      "All",
      "GEN",
      "SC",
      "ST"
    ]
  },
  {
    "id": "",
    "name": "",
    "visible": true,
    "optionCount": 1,
    "selectedValue": "--Select--",
    "options": [
      "--Select--"
    ]
  },
  {
    "id": "workTypId",
    "name": "workTyp",
    "visible": true,
    "optionCount": 1,
    "selectedValue": "",
    "options": [
      "Select"
    ]
  },
  {
    "id": "submjrPrmptId",
    "name": "submjrPrmptId",
    "visible": false,
    "optionCount": 2,
    "selectedValue": "",
    "options": [
      "Select",
      "Select"
    ]
  },
  {
    "id": "minorPrmptId",
    "name": "minorPrmptId",
    "visible": false,
    "optionCount": 0,
    "selectedValue": "",
    "options": []
  },
  {
    "id": "startYearId",
    "name": "strtYr",
    "visible": true,
    "optionCount": 3,
    "selectedValue": "",
    "options": [
      "Select Year",
      "2025",
      "2026"
    ]
  },
  {
    "id": "startMonthId",
    "name": "strtMonth",
    "visible": true,
    "optionCount": 1,
    "selectedValue": "",
    "options": [
      "Select Month"
    ]
  },
  {
    "id": "flagshipSchemeId",
    "name": "flagshipSchemeCode",
    "visible": false,
    "optionCount": 84,
    "selectedValue": "",
    "options": [
      "Select",
      "ARI Division Schemes: Coir Udyami Yojana - Center Scheme",
      "ARI Division Schemes: Coir Vikas Yojana: Personal Accident Insurance\u2019 Scheme Coir Workers - Center Scheme",
      "ARI Division Schemes: Coir Vikas Yojana: Skill Upgradation & Mahila Coir Yojana (MCY) - Center Scheme",
      "ARI Division Schemes: Janshree Bima Yojana for Khadi Artisans - Center Scheme"
    ]
  },
  {
    "id": "supportedMinistriesId",
    "name": "ministryId",
    "visible": false,
    "optionCount": 1,
    "selectedValue": "",
    "options": [
      "Select"
    ]
  },
  {
    "id": "operationTypeId",
    "name": "operationType",
    "visible": false,
    "optionCount": 1,
    "selectedValue": "",
    "options": [
      "Select"
    ]
  },
  {
    "id": "maintAstCtgryId",
    "name": "mainAstCtgry",
    "visible": false,
    "optionCount": 1,
    "selectedValue": "",
    "options": [
      "select"
    ]
  },
  {
    "id": "mainAstSubCtgryId",
    "name": "mainAstSubCtgry",
    "visible": false,
    "optionCount": 1,
    "selectedValue": "",
    "options": [
      "select"
    ]
  },
  {
    "id": "astTypId",
    "name": "assetDetails.astTyp",
    "visible": false,
    "optionCount": 1,
    "selectedValue": "",
    "options": [
      "select"
    ]
  },
  {
    "id": "assetCategoryId",
    "name": "assetDetails.astCtgry",
    "visible": false,
    "optionCount": 1,
    "selectedValue": "",
    "options": [
      "select"
    ]
  },
  {
    "id": "astSubCtgryId",
    "name": "assetDetails.astSubCtgry",
    "visible": false,
    "optionCount": 1,
    "selectedValue": "",
    "options": [
      "select"
    ]
  },
  {
    "id": "avlPlanUnitsBPId",
    "name": "avlPlanUnitsBP",
    "visible": false,
    "optionCount": 0,
    "selectedValue": "",
    "options": []
  },
  {
    "id": "selPlanUnitsBPId",
    "name": "selPlanUnitsBP",
    "visible": false,
    "optionCount": 0,
    "selectedValue": "",
    "options": []
  },
  {
    "id": "avlPlanUnitsGPId",
    "name": "avlPlanUnitsGP",
    "visible": false,
    "optionCount": 0,
    "selectedValue": "",
    "options": []
  },
  {
    "id": "selPlanUnitsGPId",
    "name": "selPlanUnitsGP",
    "visible": false,
    "optionCount": 0,
    "selectedValue": "",
    "options": []
  },
  {
    "id": "avlPlanUnitsVillId",
    "name": "avlPlanUnitsVill",
    "visible": false,
    "optionCount": 0,
    "selectedValue": "",
    "options": []
  },
  {
    "id": "selPlanUnitsVillId",
    "name": "selPlanUnitsVill",
    "visible": false,
    "optionCount": 0,
    "selectedValue": "",
    "options": []
  },
  {
    "id": "trngCatCdId",
    "name": "trainingCapacity.trngCatCd",
    "visible": false,
    "optionCount": 1,
    "selectedValue": "",
    "options": [
      "Select"
    ]
  },
  {
    "id": "trngOrgByCdId",
    "name": "trainingCapacity.trngOrgByCd",
    "visible": false,
    "optionCount": 1,
    "selectedValue": "",
    "options": [
      "Select"
    ]
  },
  {
    "id": "servieCdId",
    "name": "communityService.serviCd",
    "visible": false,
    "optionCount": 1,
    "selectedValue": "",
    "options": [
      "Select"
    ]
  }
]
2026-06-17 16:42:34 | ERROR    | FIELD FAIL | row=0 | field=focus_area | url=https://egramswaraj.gov.in/addactivity.htm | error=Dropdown #focusAreaId never populated beyond ['Select'] within 20000ms. Check that the parent field was selected correctly and that its onchange JS event fired.
2026-06-17 16:42:54 | WARNING  | Row 0 | FAILED field=activity_type | Dropdown #activityTypeListId never populated beyond ['Select'] within 20000ms. Check that the parent field was selected correctly and that its onchange JS event fired.
2026-06-17 16:42:55 | DEBUG    | DIAGNOSTIC [activity_type row=0] SELECT states: [
  {
    "id": "themeId",
    "name": "themeId",
    "visible": true,
    "optionCount": 10,
    "selectedValue": "8",
    "options": [
      "Select",
      "Theme 1 - Poverty Free and Enhanced Livelihoods Village",
      "Theme 2 - Healthy Village",
      "Theme 3 - Child Friendly Village",
      "Theme 4 - Water Sufficient Village"
    ]
  },
  {
    "id": "themeActivityNameID",
    "name": "activityNameId",
    "visible": true,
    "optionCount": 37,
    "selectedValue": "",
    "options": [
      "Select",
      "Activities realted to Record keeping /Maintainance of data base",
      "Awareness campaign on SHG-PRI Convergence",
      "Awareness for active participation in Gram Sabha, Ward Sabha, Mahila Sabha",
      "Awareness on Public Services/ Service Delivery Provisions/ RTI"
    ]
  },
  {
    "id": "focusAreaId",
    "name": "focusArea",
    "visible": true,
    "optionCount": 1,
    "selectedValue": "",
    "options": [
      "Select"
    ]
  },
  {
    "id": "activityTypeListId",
    "name": "activityType",
    "visible": true,
    "optionCount": 1,
    "selectedValue": "",
    "options": [
      "Select"
    ]
  },
  {
    "id": "",
    "name": "",
    "visible": true,
    "optionCount": 1,
    "selectedValue": "--Select--",
    "options": [
      "--Select--"
    ]
  },
  {
    "id": "activityFor",
    "name": "activityFor",
    "visible": true,
    "optionCount": 5,
    "selectedValue": "",
    "options": [
      "Select",
      "All",
      "GEN",
      "SC",
      "ST"
    ]
  },
  {
    "id": "",
    "name": "",
    "visible": true,
    "optionCount": 1,
    "selectedValue": "--Select--",
    "options": [
      "--Select--"
    ]
  },
  {
    "id": "workTypId",
    "name": "workTyp",
    "visible": true,
    "optionCount": 1,
    "selectedValue": "",
    "options": [
      "Select"
    ]
  },
  {
    "id": "submjrPrmptId",
    "name": "submjrPrmptId",
    "visible": false,
    "optionCount": 2,
    "selectedValue": "",
    "options": [
      "Select",
      "Select"
    ]
  },
  {
    "id": "minorPrmptId",
    "name": "minorPrmptId",
    "visible": false,
    "optionCount": 0,
    "selectedValue": "",
    "options": []
  },
  {
    "id": "startYearId",
    "name": "strtYr",
    "visible": true,
    "optionCount": 3,
    "selectedValue": "",
    "options": [
      "Select Year",
      "2025",
      "2026"
    ]
  },
  {
    "id": "startMonthId",
    "name": "strtMonth",
    "visible": true,
    "optionCount": 1,
    "selectedValue": "",
    "options": [
      "Select Month"
    ]
  },
  {
    "id": "flagshipSchemeId",
    "name": "flagshipSchemeCode",
    "visible": false,
    "optionCount": 84,
    "selectedValue": "",
    "options": [
      "Select",
      "ARI Division Schemes: Coir Udyami Yojana - Center Scheme",
      "ARI Division Schemes: Coir Vikas Yojana: Personal Accident Insurance\u2019 Scheme Coir Workers - Center Scheme",
      "ARI Division Schemes: Coir Vikas Yojana: Skill Upgradation & Mahila Coir Yojana (MCY) - Center Scheme",
      "ARI Division Schemes: Janshree Bima Yojana for Khadi Artisans - Center Scheme"
    ]
  },
  {
    "id": "supportedMinistriesId",
    "name": "ministryId",
    "visible": false,
    "optionCount": 1,
    "selectedValue": "",
    "options": [
      "Select"
    ]
  },
  {
    "id": "operationTypeId",
    "name": "operationType",
    "visible": false,
    "optionCount": 1,
    "selectedValue": "",
    "options": [
      "Select"
    ]
  },
  {
    "id": "maintAstCtgryId",
    "name": "mainAstCtgry",
    "visible": false,
    "optionCount": 1,
    "selectedValue": "",
    "options": [
      "select"
    ]
  },
  {
    "id": "mainAstSubCtgryId",
    "name": "mainAstSubCtgry",
    "visible": false,
    "optionCount": 1,
    "selectedValue": "",
    "options": [
      "select"
    ]
  },
  {
    "id": "astTypId",
    "name": "assetDetails.astTyp",
    "visible": false,
    "optionCount": 1,
    "selectedValue": "",
    "options": [
      "select"
    ]
  },
  {
    "id": "assetCategoryId",
    "name": "assetDetails.astCtgry",
    "visible": false,
    "optionCount": 1,
    "selectedValue": "",
    "options": [
      "select"
    ]
  },
  {
    "id": "astSubCtgryId",
    "name": "assetDetails.astSubCtgry",
    "visible": false,
    "optionCount": 1,
    "selectedValue": "",
    "options": [
      "select"
    ]
  },
  {
    "id": "avlPlanUnitsBPId",
    "name": "avlPlanUnitsBP",
    "visible": false,
    "optionCount": 0,
    "selectedValue": "",
    "options": []
  },
  {
    "id": "selPlanUnitsBPId",
    "name": "selPlanUnitsBP",
    "visible": false,
    "optionCount": 0,
    "selectedValue": "",
    "options": []
  },
  {
    "id": "avlPlanUnitsGPId",
    "name": "avlPlanUnitsGP",
    "visible": false,
    "optionCount": 0,
    "selectedValue": "",
    "options": []
  },
  {
    "id": "selPlanUnitsGPId",
    "name": "selPlanUnitsGP",
    "visible": false,
    "optionCount": 0,
    "selectedValue": "",
    "options": []
  },
  {
    "id": "avlPlanUnitsVillId",
    "name": "avlPlanUnitsVill",
    "visible": false,
    "optionCount": 0,
    "selectedValue": "",
    "options": []
  },
  {
    "id": "selPlanUnitsVillId",
    "name": "selPlanUnitsVill",
    "visible": false,
    "optionCount": 0,
    "selectedValue": "",
    "options": []
  },
  {
    "id": "trngCatCdId",
    "name": "trainingCapacity.trngCatCd",
    "visible": false,
    "optionCount": 1,
    "selectedValue": "",
    "options": [
      "Select"
    ]
  },
  {
    "id": "trngOrgByCdId",
    "name": "trainingCapacity.trngOrgByCd",
    "visible": false,
    "optionCount": 1,
    "selectedValue": "",
    "options": [
      "Select"
    ]
  },
  {
    "id": "servieCdId",
    "name": "communityService.serviCd",
    "visible": false,
    "optionCount": 1,
    "selectedValue": "",
    "options": [
      "Select"
    ]
  }
]
2026-06-17 16:42:55 | ERROR    | FIELD FAIL | row=0 | field=activity_type | url=https://egramswaraj.gov.in/addactivity.htm | error=Dropdown #activityTypeListId never populated beyond ['Select'] within 20000ms. Check that the parent field was selected correctly and that its onchange JS event fired.
2026-06-17 16:43:15 | WARNING  | Row 0 | FAILED field=pdi_indicator | Locator.wait_for: Timeout 20000ms exceeded.
Call log:
  - waiting for locator("#checkboxes") to be visible
    43 × locator resolved to hidden <div id="checkboxes" class="checkboxes"></div>

2026-06-17 16:43:15 | DEBUG    | DIAGNOSTIC [pdi_indicator row=0] SELECT states: [
  {
    "id": "themeId",
    "name": "themeId",
    "visible": true,
    "optionCount": 10,
    "selectedValue": "8",
    "options": [
      "Select",
      "Theme 1 - Poverty Free and Enhanced Livelihoods Village",
      "Theme 2 - Healthy Village",
      "Theme 3 - Child Friendly Village",
      "Theme 4 - Water Sufficient Village"
    ]
  },
  {
    "id": "themeActivityNameID",
    "name": "activityNameId",
    "visible": true,
    "optionCount": 37,
    "selectedValue": "",
    "options": [
      "Select",
      "Activities realted to Record keeping /Maintainance of data base",
      "Awareness campaign on SHG-PRI Convergence",
      "Awareness for active participation in Gram Sabha, Ward Sabha, Mahila Sabha",
      "Awareness on Public Services/ Service Delivery Provisions/ RTI"
    ]
  },
  {
    "id": "focusAreaId",
    "name": "focusArea",
    "visible": true,
    "optionCount": 1,
    "selectedValue": "",
    "options": [
      "Select"
    ]
  },
  {
    "id": "activityTypeListId",
    "name": "activityType",
    "visible": true,
    "optionCount": 1,
    "selectedValue": "",
    "options": [
      "Select"
    ]
  },
  {
    "id": "",
    "name": "",
    "visible": true,
    "optionCount": 1,
    "selectedValue": "--Select--",
    "options": [
      "--Select--"
    ]
  },
  {
    "id": "activityFor",
    "name": "activityFor",
    "visible": true,
    "optionCount": 5,
    "selectedValue": "",
    "options": [
      "Select",
      "All",
      "GEN",
      "SC",
      "ST"
    ]
  },
  {
    "id": "",
    "name": "",
    "visible": true,
    "optionCount": 1,
    "selectedValue": "--Select--",
    "options": [
      "--Select--"
    ]
  },
  {
    "id": "workTypId",
    "name": "workTyp",
    "visible": true,
    "optionCount": 1,
    "selectedValue": "",
    "options": [
      "Select"
    ]
  },
  {
    "id": "submjrPrmptId",
    "name": "submjrPrmptId",
    "visible": false,
    "optionCount": 2,
    "selectedValue": "",
    "options": [
      "Select",
      "Select"
    ]
  },
  {
    "id": "minorPrmptId",
    "name": "minorPrmptId",
    "visible": false,
    "optionCount": 0,
    "selectedValue": "",
    "options": []
  },
  {
    "id": "startYearId",
    "name": "strtYr",
    "visible": true,
    "optionCount": 3,
    "selectedValue": "",
    "options": [
      "Select Year",
      "2025",
      "2026"
    ]
  },
  {
    "id": "startMonthId",
    "name": "strtMonth",
    "visible": true,
    "optionCount": 1,
    "selectedValue": "",
    "options": [
      "Select Month"
    ]
  },
  {
    "id": "flagshipSchemeId",
    "name": "flagshipSchemeCode",
    "visible": false,
    "optionCount": 84,
    "selectedValue": "",
    "options": [
      "Select",
      "ARI Division Schemes: Coir Udyami Yojana - Center Scheme",
      "ARI Division Schemes: Coir Vikas Yojana: Personal Accident Insurance\u2019 Scheme Coir Workers - Center Scheme",
      "ARI Division Schemes: Coir Vikas Yojana: Skill Upgradation & Mahila Coir Yojana (MCY) - Center Scheme",
      "ARI Division Schemes: Janshree Bima Yojana for Khadi Artisans - Center Scheme"
    ]
  },
  {
    "id": "supportedMinistriesId",
    "name": "ministryId",
    "visible": false,
    "optionCount": 1,
    "selectedValue": "",
    "options": [
      "Select"
    ]
  },
  {
    "id": "operationTypeId",
    "name": "operationType",
    "visible": false,
    "optionCount": 1,
    "selectedValue": "",
    "options": [
      "Select"
    ]
  },
  {
    "id": "maintAstCtgryId",
    "name": "mainAstCtgry",
    "visible": false,
    "optionCount": 1,
    "selectedValue": "",
    "options": [
      "select"
    ]
  },
  {
    "id": "mainAstSubCtgryId",
    "name": "mainAstSubCtgry",
    "visible": false,
    "optionCount": 1,
    "selectedValue": "",
    "options": [
      "select"
    ]
  },
  {
    "id": "astTypId",
    "name": "assetDetails.astTyp",
    "visible": false,
    "optionCount": 1,
    "selectedValue": "",
    "options": [
      "select"
    ]
  },
  {
    "id": "assetCategoryId",
    "name": "assetDetails.astCtgry",
    "visible": false,
    "optionCount": 1,
    "selectedValue": "",
    "options": [
      "select"
    ]
  },
  {
    "id": "astSubCtgryId",
    "name": "assetDetails.astSubCtgry",
    "visible": false,
    "optionCount": 1,
    "selectedValue": "",
    "options": [
      "select"
    ]
  },
  {
    "id": "avlPlanUnitsBPId",
    "name": "avlPlanUnitsBP",
    "visible": false,
    "optionCount": 0,
    "selectedValue": "",
    "options": []
  },
  {
    "id": "selPlanUnitsBPId",
    "name": "selPlanUnitsBP",
    "visible": false,
    "optionCount": 0,
    "selectedValue": "",
    "options": []
  },
  {
    "id": "avlPlanUnitsGPId",
    "name": "avlPlanUnitsGP",
    "visible": false,
    "optionCount": 0,
    "selectedValue": "",
    "options": []
  },
  {
    "id": "selPlanUnitsGPId",
    "name": "selPlanUnitsGP",
    "visible": false,
    "optionCount": 0,
    "selectedValue": "",
    "options": []
  },
  {
    "id": "avlPlanUnitsVillId",
    "name": "avlPlanUnitsVill",
    "visible": false,
    "optionCount": 0,
    "selectedValue": "",
    "options": []
  },
  {
    "id": "selPlanUnitsVillId",
    "name": "selPlanUnitsVill",
    "visible": false,
    "optionCount": 0,
    "selectedValue": "",
    "options": []
  },
  {
    "id": "trngCatCdId",
    "name": "trainingCapacity.trngCatCd",
    "visible": false,
    "optionCount": 1,
    "selectedValue": "",
    "options": [
      "Select"
    ]
  },
  {
    "id": "trngOrgByCdId",
    "name": "trainingCapacity.trngOrgByCd",
    "visible": false,
    "optionCount": 1,
    "selectedValue": "",
    "options": [
      "Select"
    ]
  },
  {
    "id": "servieCdId",
    "name": "communityService.serviCd",
    "visible": false,
    "optionCount": 1,
    "selectedValue": "",
    "options": [
      "Select"
    ]
  }
]
2026-06-17 16:43:15 | ERROR    | FIELD FAIL | row=0 | field=pdi_indicator | url=https://egramswaraj.gov.in/addactivity.htm | error=Locator.wait_for: Timeout 20000ms exceeded.
Call log:
  - waiting for locator("#checkboxes") to be visible
    43 × locator resolved to hidden <div id="checkboxes" class="checkboxes"></div>

2026-06-17 16:43:35 | WARNING  | Row 0 | FAILED field=targeted_populace | Locator.wait_for: Timeout 20000ms exceeded.
Call log:
  - waiting for locator("#checkboxess") to be visible
    43 × locator resolved to hidden <div id="checkboxess" class="checkboxes">…</div>

2026-06-17 16:43:36 | DEBUG    | DIAGNOSTIC [targeted_populace row=0] SELECT states: [
  {
    "id": "themeId",
    "name": "themeId",
    "visible": true,
    "optionCount": 10,
    "selectedValue": "8",
    "options": [
      "Select",
      "Theme 1 - Poverty Free and Enhanced Livelihoods Village",
      "Theme 2 - Healthy Village",
      "Theme 3 - Child Friendly Village",
      "Theme 4 - Water Sufficient Village"
    ]
  },
  {
    "id": "themeActivityNameID",
    "name": "activityNameId",
    "visible": true,
    "optionCount": 37,
    "selectedValue": "",
    "options": [
      "Select",
      "Activities realted to Record keeping /Maintainance of data base",
      "Awareness campaign on SHG-PRI Convergence",
      "Awareness for active participation in Gram Sabha, Ward Sabha, Mahila Sabha",
      "Awareness on Public Services/ Service Delivery Provisions/ RTI"
    ]
  },
  {
    "id": "focusAreaId",
    "name": "focusArea",
    "visible": true,
    "optionCount": 1,
    "selectedValue": "",
    "options": [
      "Select"
    ]
  },
  {
    "id": "activityTypeListId",
    "name": "activityType",
    "visible": true,
    "optionCount": 1,
    "selectedValue": "",
    "options": [
      "Select"
    ]
  },
  {
    "id": "",
    "name": "",
    "visible": true,
    "optionCount": 1,
    "selectedValue": "--Select--",
    "options": [
      "--Select--"
    ]
  },
  {
    "id": "activityFor",
    "name": "activityFor",
    "visible": true,
    "optionCount": 5,
    "selectedValue": "114",
    "options": [
      "Select",
      "All",
      "GEN",
      "SC",
      "ST"
    ]
  },
  {
    "id": "",
    "name": "",
    "visible": true,
    "optionCount": 1,
    "selectedValue": "--Select--",
    "options": [
      "--Select--"
    ]
  },
  {
    "id": "workTypId",
    "name": "workTyp",
    "visible": true,
    "optionCount": 1,
    "selectedValue": "",
    "options": [
      "Select"
    ]
  },
  {
    "id": "submjrPrmptId",
    "name": "submjrPrmptId",
    "visible": false,
    "optionCount": 2,
    "selectedValue": "",
    "options": [
      "Select",
      "Select"
    ]
  },
  {
    "id": "minorPrmptId",
    "name": "minorPrmptId",
    "visible": false,
    "optionCount": 0,
    "selectedValue": "",
    "options": []
  },
  {
    "id": "startYearId",
    "name": "strtYr",
    "visible": true,
    "optionCount": 3,
    "selectedValue": "",
    "options": [
      "Select Year",
      "2025",
      "2026"
    ]
  },
  {
    "id": "startMonthId",
    "name": "strtMonth",
    "visible": true,
    "optionCount": 1,
    "selectedValue": "",
    "options": [
      "Select Month"
    ]
  },
  {
    "id": "flagshipSchemeId",
    "name": "flagshipSchemeCode",
    "visible": false,
    "optionCount": 84,
    "selectedValue": "",
    "options": [
      "Select",
      "ARI Division Schemes: Coir Udyami Yojana - Center Scheme",
      "ARI Division Schemes: Coir Vikas Yojana: Personal Accident Insurance\u2019 Scheme Coir Workers - Center Scheme",
      "ARI Division Schemes: Coir Vikas Yojana: Skill Upgradation & Mahila Coir Yojana (MCY) - Center Scheme",
      "ARI Division Schemes: Janshree Bima Yojana for Khadi Artisans - Center Scheme"
    ]
  },
  {
    "id": "supportedMinistriesId",
    "name": "ministryId",
    "visible": false,
    "optionCount": 1,
    "selectedValue": "",
    "options": [
      "Select"
    ]
  },
  {
    "id": "operationTypeId",
    "name": "operationType",
    "visible": false,
    "optionCount": 1,
    "selectedValue": "",
    "options": [
      "Select"
    ]
  },
  {
    "id": "maintAstCtgryId",
    "name": "mainAstCtgry",
    "visible": false,
    "optionCount": 1,
    "selectedValue": "",
    "options": [
      "select"
    ]
  },
  {
    "id": "mainAstSubCtgryId",
    "name": "mainAstSubCtgry",
    "visible": false,
    "optionCount": 1,
    "selectedValue": "",
    "options": [
      "select"
    ]
  },
  {
    "id": "astTypId",
    "name": "assetDetails.astTyp",
    "visible": false,
    "optionCount": 1,
    "selectedValue": "",
    "options": [
      "select"
    ]
  },
  {
    "id": "assetCategoryId",
    "name": "assetDetails.astCtgry",
    "visible": false,
    "optionCount": 1,
    "selectedValue": "",
    "options": [
      "select"
    ]
  },
  {
    "id": "astSubCtgryId",
    "name": "assetDetails.astSubCtgry",
    "visible": false,
    "optionCount": 1,
    "selectedValue": "",
    "options": [
      "select"
    ]
  },
  {
    "id": "avlPlanUnitsBPId",
    "name": "avlPlanUnitsBP",
    "visible": false,
    "optionCount": 0,
    "selectedValue": "",
    "options": []
  },
  {
    "id": "selPlanUnitsBPId",
    "name": "selPlanUnitsBP",
    "visible": false,
    "optionCount": 0,
    "selectedValue": "",
    "options": []
  },
  {
    "id": "avlPlanUnitsGPId",
    "name": "avlPlanUnitsGP",
    "visible": false,
    "optionCount": 0,
    "selectedValue": "",
    "options": []
  },
  {
    "id": "selPlanUnitsGPId",
    "name": "selPlanUnitsGP",
    "visible": false,
    "optionCount": 0,
    "selectedValue": "",
    "options": []
  },
  {
    "id": "avlPlanUnitsVillId",
    "name": "avlPlanUnitsVill",
    "visible": false,
    "optionCount": 0,
    "selectedValue": "",
    "options": []
  },
  {
    "id": "selPlanUnitsVillId",
    "name": "selPlanUnitsVill",
    "visible": false,
    "optionCount": 0,
    "selectedValue": "",
    "options": []
  },
  {
    "id": "trngCatCdId",
    "name": "trainingCapacity.trngCatCd",
    "visible": false,
    "optionCount": 1,
    "selectedValue": "",
    "options": [
      "Select"
    ]
  },
  {
    "id": "trngOrgByCdId",
    "name": "trainingCapacity.trngOrgByCd",
    "visible": false,
    "optionCount": 1,
    "selectedValue": "",
    "options": [
      "Select"
    ]
  },
  {
    "id": "servieCdId",
    "name": "communityService.serviCd",
    "visible": false,
    "optionCount": 1,
    "selectedValue": "",
    "options": [
      "Select"
    ]
  }
]
2026-06-17 16:43:36 | ERROR    | FIELD FAIL | row=0 | field=targeted_populace | url=https://egramswaraj.gov.in/addactivity.htm | error=Locator.wait_for: Timeout 20000ms exceeded.
Call log:
  - waiting for locator("#checkboxess") to be visible
    43 × locator resolved to hidden <div id="checkboxess" class="checkboxes">…</div>

2026-06-17 16:43:56 | WARNING  | Row 0 | FAILED field=activity_nature | Dropdown #workTypId never populated beyond ['Select'] within 20000ms. Check that the parent field was selected correctly and that its onchange JS event fired.
2026-06-17 16:43:56 | DEBUG    | DIAGNOSTIC [activity_nature row=0] SELECT states: [
  {
    "id": "themeId",
    "name": "themeId",
    "visible": true,
    "optionCount": 10,
    "selectedValue": "8",
    "options": [
      "Select",
      "Theme 1 - Poverty Free and Enhanced Livelihoods Village",
      "Theme 2 - Healthy Village",
      "Theme 3 - Child Friendly Village",
      "Theme 4 - Water Sufficient Village"
    ]
  },
  {
    "id": "themeActivityNameID",
    "name": "activityNameId",
    "visible": true,
    "optionCount": 37,
    "selectedValue": "",
    "options": [
      "Select",
      "Activities realted to Record keeping /Maintainance of data base",
      "Awareness campaign on SHG-PRI Convergence",
      "Awareness for active participation in Gram Sabha, Ward Sabha, Mahila Sabha",
      "Awareness on Public Services/ Service Delivery Provisions/ RTI"
    ]
  },
  {
    "id": "focusAreaId",
    "name": "focusArea",
    "visible": true,
    "optionCount": 1,
    "selectedValue": "",
    "options": [
      "Select"
    ]
  },
  {
    "id": "activityTypeListId",
    "name": "activityType",
    "visible": true,
    "optionCount": 1,
    "selectedValue": "",
    "options": [
      "Select"
    ]
  },
  {
    "id": "",
    "name": "",
    "visible": true,
    "optionCount": 1,
    "selectedValue": "--Select--",
    "options": [
      "--Select--"
    ]
  },
  {
    "id": "activityFor",
    "name": "activityFor",
    "visible": true,
    "optionCount": 5,
    "selectedValue": "114",
    "options": [
      "Select",
      "All",
      "GEN",
      "SC",
      "ST"
    ]
  },
  {
    "id": "",
    "name": "",
    "visible": true,
    "optionCount": 1,
    "selectedValue": "--Select--",
    "options": [
      "--Select--"
    ]
  },
  {
    "id": "workTypId",
    "name": "workTyp",
    "visible": true,
    "optionCount": 1,
    "selectedValue": "",
    "options": [
      "Select"
    ]
  },
  {
    "id": "submjrPrmptId",
    "name": "submjrPrmptId",
    "visible": false,
    "optionCount": 2,
    "selectedValue": "",
    "options": [
      "Select",
      "Select"
    ]
  },
  {
    "id": "minorPrmptId",
    "name": "minorPrmptId",
    "visible": false,
    "optionCount": 0,
    "selectedValue": "",
    "options": []
  },
  {
    "id": "startYearId",
    "name": "strtYr",
    "visible": true,
    "optionCount": 3,
    "selectedValue": "",
    "options": [
      "Select Year",
      "2025",
      "2026"
    ]
  },
  {
    "id": "startMonthId",
    "name": "strtMonth",
    "visible": true,
    "optionCount": 1,
    "selectedValue": "",
    "options": [
      "Select Month"
    ]
  },
  {
    "id": "flagshipSchemeId",
    "name": "flagshipSchemeCode",
    "visible": false,
    "optionCount": 84,
    "selectedValue": "",
    "options": [
      "Select",
      "ARI Division Schemes: Coir Udyami Yojana - Center Scheme",
      "ARI Division Schemes: Coir Vikas Yojana: Personal Accident Insurance\u2019 Scheme Coir Workers - Center Scheme",
      "ARI Division Schemes: Coir Vikas Yojana: Skill Upgradation & Mahila Coir Yojana (MCY) - Center Scheme",
      "ARI Division Schemes: Janshree Bima Yojana for Khadi Artisans - Center Scheme"
    ]
  },
  {
    "id": "supportedMinistriesId",
    "name": "ministryId",
    "visible": false,
    "optionCount": 1,
    "selectedValue": "",
    "options": [
      "Select"
    ]
  },
  {
    "id": "operationTypeId",
    "name": "operationType",
    "visible": false,
    "optionCount": 1,
    "selectedValue": "",
    "options": [
      "Select"
    ]
  },
  {
    "id": "maintAstCtgryId",
    "name": "mainAstCtgry",
    "visible": false,
    "optionCount": 1,
    "selectedValue": "",
    "options": [
      "select"
    ]
  },
  {
    "id": "mainAstSubCtgryId",
    "name": "mainAstSubCtgry",
    "visible": false,
    "optionCount": 1,
    "selectedValue": "",
    "options": [
      "select"
    ]
  },
  {
    "id": "astTypId",
    "name": "assetDetails.astTyp",
    "visible": false,
    "optionCount": 1,
    "selectedValue": "",
    "options": [
      "select"
    ]
  },
  {
    "id": "assetCategoryId",
    "name": "assetDetails.astCtgry",
    "visible": false,
    "optionCount": 1,
    "selectedValue": "",
    "options": [
      "select"
    ]
  },
  {
    "id": "astSubCtgryId",
    "name": "assetDetails.astSubCtgry",
    "visible": false,
    "optionCount": 1,
    "selectedValue": "",
    "options": [
      "select"
    ]
  },
  {
    "id": "avlPlanUnitsBPId",
    "name": "avlPlanUnitsBP",
    "visible": false,
    "optionCount": 0,
    "selectedValue": "",
    "options": []
  },
  {
    "id": "selPlanUnitsBPId",
    "name": "selPlanUnitsBP",
    "visible": false,
    "optionCount": 0,
    "selectedValue": "",
    "options": []
  },
  {
    "id": "avlPlanUnitsGPId",
    "name": "avlPlanUnitsGP",
    "visible": false,
    "optionCount": 0,
    "selectedValue": "",
    "options": []
  },
  {
    "id": "selPlanUnitsGPId",
    "name": "selPlanUnitsGP",
    "visible": false,
    "optionCount": 0,
    "selectedValue": "",
    "options": []
  },
  {
    "id": "avlPlanUnitsVillId",
    "name": "avlPlanUnitsVill",
    "visible": false,
    "optionCount": 0,
    "selectedValue": "",
    "options": []
  },
  {
    "id": "selPlanUnitsVillId",
    "name": "selPlanUnitsVill",
    "visible": false,
    "optionCount": 0,
    "selectedValue": "",
    "options": []
  },
  {
    "id": "trngCatCdId",
    "name": "trainingCapacity.trngCatCd",
    "visible": false,
    "optionCount": 1,
    "selectedValue": "",
    "options": [
      "Select"
    ]
  },
  {
    "id": "trngOrgByCdId",
    "name": "trainingCapacity.trngOrgByCd",
    "visible": false,
    "optionCount": 1,
    "selectedValue": "",
    "options": [
      "Select"
    ]
  },
  {
    "id": "servieCdId",
    "name": "communityService.serviCd",
    "visible": false,
    "optionCount": 1,
    "selectedValue": "",
    "options": [
      "Select"
    ]
  }
]
2026-06-17 16:43:56 | ERROR    | FIELD FAIL | row=0 | field=activity_nature | url=https://egramswaraj.gov.in/addactivity.htm | error=Dropdown #workTypId never populated beyond ['Select'] within 20000ms. Check that the parent field was selected correctly and that its onchange JS event fired.
2026-06-17 16:43:59 | WARNING  | Row 0 attempt 1 FAILED: [focus_area] Dropdown #focusAreaId never populated beyond ['Select'] within 20000ms. Check that the parent field was selected correctly and that its onchange JS event fired. | [activity_type] Dropdown #activityTypeListId never populated beyond ['Select'] within 20000ms. Check that the parent field w
2026-06-17 16:43:59 | INFO     | Row 0 — retrying in 2s ...
2026-06-17 16:44:27 | WARNING  | Row 0 | FAILED field=focus_area | Dropdown #focusAreaId never populated beyond ['Select'] within 20000ms. Check that the parent field was selected correctly and that its onchange JS event fired.
2026-06-17 16:44:28 | DEBUG    | DIAGNOSTIC [focus_area row=0] SELECT states: [
  {
    "id": "themeId",
    "name": "themeId",
    "visible": true,
    "optionCount": 10,
    "selectedValue": "8",
    "options": [
      "Select",
      "Theme 1 - Poverty Free and Enhanced Livelihoods Village",
      "Theme 2 - Healthy Village",
      "Theme 3 - Child Friendly Village",
      "Theme 4 - Water Sufficient Village"
    ]
  },
  {
    "id": "themeActivityNameID",
    "name": "activityNameId",
    "visible": true,
    "optionCount": 37,
    "selectedValue": "",
    "options": [
      "Select",
      "Activities realted to Record keeping /Maintainance of data base",
      "Awareness campaign on SHG-PRI Convergence",
      "Awareness for active participation in Gram Sabha, Ward Sabha, Mahila Sabha",
      "Awareness on Public Services/ Service Delivery Provisions/ RTI"
    ]
  },
  {
    "id": "focusAreaId",
    "name": "focusArea",
    "visible": true,
    "optionCount": 1,
    "selectedValue": "",
    "options": [
      "Select"
    ]
  },
  {
    "id": "activityTypeListId",
    "name": "activityType",
    "visible": true,
    "optionCount": 1,
    "selectedValue": "",
    "options": [
      "Select"
    ]
  },
  {
    "id": "",
    "name": "",
    "visible": true,
    "optionCount": 1,
    "selectedValue": "--Select--",
    "options": [
      "--Select--"
    ]
  },
  {
    "id": "activityFor",
    "name": "activityFor",
    "visible": true,
    "optionCount": 5,
    "selectedValue": "",
    "options": [
      "Select",
      "All",
      "GEN",
      "SC",
      "ST"
    ]
  },
  {
    "id": "",
    "name": "",
    "visible": true,
    "optionCount": 1,
    "selectedValue": "--Select--",
    "options": [
      "--Select--"
    ]
  },
  {
    "id": "workTypId",
    "name": "workTyp",
    "visible": true,
    "optionCount": 1,
    "selectedValue": "",
    "options": [
      "Select"
    ]
  },
  {
    "id": "submjrPrmptId",
    "name": "submjrPrmptId",
    "visible": false,
    "optionCount": 2,
    "selectedValue": "",
    "options": [
      "Select",
      "Select"
    ]
  },
  {
    "id": "minorPrmptId",
    "name": "minorPrmptId",
    "visible": false,
    "optionCount": 0,
    "selectedValue": "",
    "options": []
  },
  {
    "id": "startYearId",
    "name": "strtYr",
    "visible": true,
    "optionCount": 3,
    "selectedValue": "",
    "options": [
      "Select Year",
      "2025",
      "2026"
    ]
  },
  {
    "id": "startMonthId",
    "name": "strtMonth",
    "visible": true,
    "optionCount": 1,
    "selectedValue": "",
    "options": [
      "Select Month"
    ]
  },
  {
    "id": "flagshipSchemeId",
    "name": "flagshipSchemeCode",
    "visible": false,
    "optionCount": 84,
    "selectedValue": "",
    "options": [
      "Select",
      "ARI Division Schemes: Coir Udyami Yojana - Center Scheme",
      "ARI Division Schemes: Coir Vikas Yojana: Personal Accident Insurance\u2019 Scheme Coir Workers - Center Scheme",
      "ARI Division Schemes: Coir Vikas Yojana: Skill Upgradation & Mahila Coir Yojana (MCY) - Center Scheme",
      "ARI Division Schemes: Janshree Bima Yojana for Khadi Artisans - Center Scheme"
    ]
  },
  {
    "id": "supportedMinistriesId",
    "name": "ministryId",
    "visible": false,
    "optionCount": 1,
    "selectedValue": "",
    "options": [
      "Select"
    ]
  },
  {
    "id": "operationTypeId",
    "name": "operationType",
    "visible": false,
    "optionCount": 1,
    "selectedValue": "",
    "options": [
      "Select"
    ]
  },
  {
    "id": "maintAstCtgryId",
    "name": "mainAstCtgry",
    "visible": false,
    "optionCount": 1,
    "selectedValue": "",
    "options": [
      "select"
    ]
  },
  {
    "id": "mainAstSubCtgryId",
    "name": "mainAstSubCtgry",
    "visible": false,
    "optionCount": 1,
    "selectedValue": "",
    "options": [
      "select"
    ]
  },
  {
    "id": "astTypId",
    "name": "assetDetails.astTyp",
    "visible": false,
    "optionCount": 1,
    "selectedValue": "",
    "options": [
      "select"
    ]
  },
  {
    "id": "assetCategoryId",
    "name": "assetDetails.astCtgry",
    "visible": false,
    "optionCount": 1,
    "selectedValue": "",
    "options": [
      "select"
    ]
  },
  {
    "id": "astSubCtgryId",
    "name": "assetDetails.astSubCtgry",
    "visible": false,
    "optionCount": 1,
    "selectedValue": "",
    "options": [
      "select"
    ]
  },
  {
    "id": "avlPlanUnitsBPId",
    "name": "avlPlanUnitsBP",
    "visible": false,
    "optionCount": 0,
    "selectedValue": "",
    "options": []
  },
  {
    "id": "selPlanUnitsBPId",
    "name": "selPlanUnitsBP",
    "visible": false,
    "optionCount": 0,
    "selectedValue": "",
    "options": []
  },
  {
    "id": "avlPlanUnitsGPId",
    "name": "avlPlanUnitsGP",
    "visible": false,
    "optionCount": 0,
    "selectedValue": "",
    "options": []
  },
  {
    "id": "selPlanUnitsGPId",
    "name": "selPlanUnitsGP",
    "visible": false,
    "optionCount": 0,
    "selectedValue": "",
    "options": []
  },
  {
    "id": "avlPlanUnitsVillId",
    "name": "avlPlanUnitsVill",
    "visible": false,
    "optionCount": 0,
    "selectedValue": "",
    "options": []
  },
  {
    "id": "selPlanUnitsVillId",
    "name": "selPlanUnitsVill",
    "visible": false,
    "optionCount": 0,
    "selectedValue": "",
    "options": []
  },
  {
    "id": "trngCatCdId",
    "name": "trainingCapacity.trngCatCd",
    "visible": false,
    "optionCount": 1,
    "selectedValue": "",
    "options": [
      "Select"
    ]
  },
  {
    "id": "trngOrgByCdId",
    "name": "trainingCapacity.trngOrgByCd",
    "visible": false,
    "optionCount": 1,
    "selectedValue": "",
    "options": [
      "Select"
    ]
  },
  {
    "id": "servieCdId",
    "name": "communityService.serviCd",
    "visible": false,
    "optionCount": 1,
    "selectedValue": "",
    "options": [
      "Select"
    ]
  }
]
2026-06-17 16:44:28 | ERROR    | FIELD FAIL | row=0 | field=focus_area | url=https://egramswaraj.gov.in/addactivity.htm | error=Dropdown #focusAreaId never populated beyond ['Select'] within 20000ms. Check that the parent field was selected correctly and that its onchange JS event fired.
2026-06-17 16:44:48 | WARNING  | Row 0 | FAILED field=activity_type | Dropdown #activityTypeListId never populated beyond ['Select'] within 20000ms. Check that the parent field was selected correctly and that its onchange JS event fired.
2026-06-17 16:44:48 | DEBUG    | DIAGNOSTIC [activity_type row=0] SELECT states: [
  {
    "id": "themeId",
    "name": "themeId",
    "visible": true,
    "optionCount": 10,
    "selectedValue": "8",
    "options": [
      "Select",
      "Theme 1 - Poverty Free and Enhanced Livelihoods Village",
      "Theme 2 - Healthy Village",
      "Theme 3 - Child Friendly Village",
      "Theme 4 - Water Sufficient Village"
    ]
  },
  {
    "id": "themeActivityNameID",
    "name": "activityNameId",
    "visible": true,
    "optionCount": 37,
    "selectedValue": "",
    "options": [
      "Select",
      "Activities realted to Record keeping /Maintainance of data base",
      "Awareness campaign on SHG-PRI Convergence",
      "Awareness for active participation in Gram Sabha, Ward Sabha, Mahila Sabha",
      "Awareness on Public Services/ Service Delivery Provisions/ RTI"
    ]
  },
  {
    "id": "focusAreaId",
    "name": "focusArea",
    "visible": true,
    "optionCount": 1,
    "selectedValue": "",
    "options": [
      "Select"
    ]
  },
  {
    "id": "activityTypeListId",
    "name": "activityType",
    "visible": true,
    "optionCount": 1,
    "selectedValue": "",
    "options": [
      "Select"
    ]
  },
  {
    "id": "",
    "name": "",
    "visible": true,
    "optionCount": 1,
    "selectedValue": "--Select--",
    "options": [
      "--Select--"
    ]
  },
  {
    "id": "activityFor",
    "name": "activityFor",
    "visible": true,
    "optionCount": 5,
    "selectedValue": "",
    "options": [
      "Select",
      "All",
      "GEN",
      "SC",
      "ST"
    ]
  },
  {
    "id": "",
    "name": "",
    "visible": true,
    "optionCount": 1,
    "selectedValue": "--Select--",
    "options": [
      "--Select--"
    ]
  },
  {
    "id": "workTypId",
    "name": "workTyp",
    "visible": true,
    "optionCount": 1,
    "selectedValue": "",
    "options": [
      "Select"
    ]
  },
  {
    "id": "submjrPrmptId",
    "name": "submjrPrmptId",
    "visible": false,
    "optionCount": 2,
    "selectedValue": "",
    "options": [
      "Select",
      "Select"
    ]
  },
  {
    "id": "minorPrmptId",
    "name": "minorPrmptId",
    "visible": false,
    "optionCount": 0,
    "selectedValue": "",
    "options": []
  },
  {
    "id": "startYearId",
    "name": "strtYr",
    "visible": true,
    "optionCount": 3,
    "selectedValue": "",
    "options": [
      "Select Year",
      "2025",
      "2026"
    ]
  },
  {
    "id": "startMonthId",
    "name": "strtMonth",
    "visible": true,
    "optionCount": 1,
    "selectedValue": "",
    "options": [
      "Select Month"
    ]
  },
  {
    "id": "flagshipSchemeId",
    "name": "flagshipSchemeCode",
    "visible": false,
    "optionCount": 84,
    "selectedValue": "",
    "options": [
      "Select",
      "ARI Division Schemes: Coir Udyami Yojana - Center Scheme",
      "ARI Division Schemes: Coir Vikas Yojana: Personal Accident Insurance\u2019 Scheme Coir Workers - Center Scheme",
      "ARI Division Schemes: Coir Vikas Yojana: Skill Upgradation & Mahila Coir Yojana (MCY) - Center Scheme",
      "ARI Division Schemes: Janshree Bima Yojana for Khadi Artisans - Center Scheme"
    ]
  },
  {
    "id": "supportedMinistriesId",
    "name": "ministryId",
    "visible": false,
    "optionCount": 1,
    "selectedValue": "",
    "options": [
      "Select"
    ]
  },
  {
    "id": "operationTypeId",
    "name": "operationType",
    "visible": false,
    "optionCount": 1,
    "selectedValue": "",
    "options": [
      "Select"
    ]
  },
  {
    "id": "maintAstCtgryId",
    "name": "mainAstCtgry",
    "visible": false,
    "optionCount": 1,
    "selectedValue": "",
    "options": [
      "select"
    ]
  },
  {
    "id": "mainAstSubCtgryId",
    "name": "mainAstSubCtgry",
    "visible": false,
    "optionCount": 1,
    "selectedValue": "",
    "options": [
      "select"
    ]
  },
  {
    "id": "astTypId",
    "name": "assetDetails.astTyp",
    "visible": false,
    "optionCount": 1,
    "selectedValue": "",
    "options": [
      "select"
    ]
  },
  {
    "id": "assetCategoryId",
    "name": "assetDetails.astCtgry",
    "visible": false,
    "optionCount": 1,
    "selectedValue": "",
    "options": [
      "select"
    ]
  },
  {
    "id": "astSubCtgryId",
    "name": "assetDetails.astSubCtgry",
    "visible": false,
    "optionCount": 1,
    "selectedValue": "",
    "options": [
      "select"
    ]
  },
  {
    "id": "avlPlanUnitsBPId",
    "name": "avlPlanUnitsBP",
    "visible": false,
    "optionCount": 0,
    "selectedValue": "",
    "options": []
  },
  {
    "id": "selPlanUnitsBPId",
    "name": "selPlanUnitsBP",
    "visible": false,
    "optionCount": 0,
    "selectedValue": "",
    "options": []
  },
  {
    "id": "avlPlanUnitsGPId",
    "name": "avlPlanUnitsGP",
    "visible": false,
    "optionCount": 0,
    "selectedValue": "",
    "options": []
  },
  {
    "id": "selPlanUnitsGPId",
    "name": "selPlanUnitsGP",
    "visible": false,
    "optionCount": 0,
    "selectedValue": "",
    "options": []
  },
  {
    "id": "avlPlanUnitsVillId",
    "name": "avlPlanUnitsVill",
    "visible": false,
    "optionCount": 0,
    "selectedValue": "",
    "options": []
  },
  {
    "id": "selPlanUnitsVillId",
    "name": "selPlanUnitsVill",
    "visible": false,
    "optionCount": 0,
    "selectedValue": "",
    "options": []
  },
  {
    "id": "trngCatCdId",
    "name": "trainingCapacity.trngCatCd",
    "visible": false,
    "optionCount": 1,
    "selectedValue": "",
    "options": [
      "Select"
    ]
  },
  {
    "id": "trngOrgByCdId",
    "name": "trainingCapacity.trngOrgByCd",
    "visible": false,
    "optionCount": 1,
    "selectedValue": "",
    "options": [
      "Select"
    ]
  },
  {
    "id": "servieCdId",
    "name": "communityService.serviCd",
    "visible": false,
    "optionCount": 1,
    "selectedValue": "",
    "options": [
      "Select"
    ]
  }
]
2026-06-17 16:44:48 | ERROR    | FIELD FAIL | row=0 | field=activity_type | url=https://egramswaraj.gov.in/addactivity.htm | error=Dropdown #activityTypeListId never populated beyond ['Select'] within 20000ms. Check that the parent field was selected correctly and that its onchange JS event fired.
2026-06-17 16:45:09 | WARNING  | Row 0 | FAILED field=pdi_indicator | Locator.wait_for: Timeout 20000ms exceeded.
Call log:
  - waiting for locator("#checkboxes") to be visible
    43 × locator resolved to hidden <div id="checkboxes" class="checkboxes"></div>

2026-06-17 16:45:09 | DEBUG    | DIAGNOSTIC [pdi_indicator row=0] SELECT states: [
  {
    "id": "themeId",
    "name": "themeId",
    "visible": true,
    "optionCount": 10,
    "selectedValue": "8",
    "options": [
      "Select",
      "Theme 1 - Poverty Free and Enhanced Livelihoods Village",
      "Theme 2 - Healthy Village",
      "Theme 3 - Child Friendly Village",
      "Theme 4 - Water Sufficient Village"
    ]
  },
  {
    "id": "themeActivityNameID",
    "name": "activityNameId",
    "visible": true,
    "optionCount": 37,
    "selectedValue": "",
    "options": [
      "Select",
      "Activities realted to Record keeping /Maintainance of data base",
      "Awareness campaign on SHG-PRI Convergence",
      "Awareness for active participation in Gram Sabha, Ward Sabha, Mahila Sabha",
      "Awareness on Public Services/ Service Delivery Provisions/ RTI"
    ]
  },
  {
    "id": "focusAreaId",
    "name": "focusArea",
    "visible": true,
    "optionCount": 1,
    "selectedValue": "",
    "options": [
      "Select"
    ]
  },
  {
    "id": "activityTypeListId",
    "name": "activityType",
    "visible": true,
    "optionCount": 1,
    "selectedValue": "",
    "options": [
      "Select"
    ]
  },
  {
    "id": "",
    "name": "",
    "visible": true,
    "optionCount": 1,
    "selectedValue": "--Select--",
    "options": [
      "--Select--"
    ]
  },
  {
    "id": "activityFor",
    "name": "activityFor",
    "visible": true,
    "optionCount": 5,
    "selectedValue": "",
    "options": [
      "Select",
      "All",
      "GEN",
      "SC",
      "ST"
    ]
  },
  {
    "id": "",
    "name": "",
    "visible": true,
    "optionCount": 1,
    "selectedValue": "--Select--",
    "options": [
      "--Select--"
    ]
  },
  {
    "id": "workTypId",
    "name": "workTyp",
    "visible": true,
    "optionCount": 1,
    "selectedValue": "",
    "options": [
      "Select"
    ]
  },
  {
    "id": "submjrPrmptId",
    "name": "submjrPrmptId",
    "visible": false,
    "optionCount": 2,
    "selectedValue": "",
    "options": [
      "Select",
      "Select"
    ]
  },
  {
    "id": "minorPrmptId",
    "name": "minorPrmptId",
    "visible": false,
    "optionCount": 0,
    "selectedValue": "",
    "options": []
  },
  {
    "id": "startYearId",
    "name": "strtYr",
    "visible": true,
    "optionCount": 3,
    "selectedValue": "",
    "options": [
      "Select Year",
      "2025",
      "2026"
    ]
  },
  {
    "id": "startMonthId",
    "name": "strtMonth",
    "visible": true,
    "optionCount": 1,
    "selectedValue": "",
    "options": [
      "Select Month"
    ]
  },
  {
    "id": "flagshipSchemeId",
    "name": "flagshipSchemeCode",
    "visible": false,
    "optionCount": 84,
    "selectedValue": "",
    "options": [
      "Select",
      "ARI Division Schemes: Coir Udyami Yojana - Center Scheme",
      "ARI Division Schemes: Coir Vikas Yojana: Personal Accident Insurance\u2019 Scheme Coir Workers - Center Scheme",
      "ARI Division Schemes: Coir Vikas Yojana: Skill Upgradation & Mahila Coir Yojana (MCY) - Center Scheme",
      "ARI Division Schemes: Janshree Bima Yojana for Khadi Artisans - Center Scheme"
    ]
  },
  {
    "id": "supportedMinistriesId",
    "name": "ministryId",
    "visible": false,
    "optionCount": 1,
    "selectedValue": "",
    "options": [
      "Select"
    ]
  },
  {
    "id": "operationTypeId",
    "name": "operationType",
    "visible": false,
    "optionCount": 1,
    "selectedValue": "",
    "options": [
      "Select"
    ]
  },
  {
    "id": "maintAstCtgryId",
    "name": "mainAstCtgry",
    "visible": false,
    "optionCount": 1,
    "selectedValue": "",
    "options": [
      "select"
    ]
  },
  {
    "id": "mainAstSubCtgryId",
    "name": "mainAstSubCtgry",
    "visible": false,
    "optionCount": 1,
    "selectedValue": "",
    "options": [
      "select"
    ]
  },
  {
    "id": "astTypId",
    "name": "assetDetails.astTyp",
    "visible": false,
    "optionCount": 1,
    "selectedValue": "",
    "options": [
      "select"
    ]
  },
  {
    "id": "assetCategoryId",
    "name": "assetDetails.astCtgry",
    "visible": false,
    "optionCount": 1,
    "selectedValue": "",
    "options": [
      "select"
    ]
  },
  {
    "id": "astSubCtgryId",
    "name": "assetDetails.astSubCtgry",
    "visible": false,
    "optionCount": 1,
    "selectedValue": "",
    "options": [
      "select"
    ]
  },
  {
    "id": "avlPlanUnitsBPId",
    "name": "avlPlanUnitsBP",
    "visible": false,
    "optionCount": 0,
    "selectedValue": "",
    "options": []
  },
  {
    "id": "selPlanUnitsBPId",
    "name": "selPlanUnitsBP",
    "visible": false,
    "optionCount": 0,
    "selectedValue": "",
    "options": []
  },
  {
    "id": "avlPlanUnitsGPId",
    "name": "avlPlanUnitsGP",
    "visible": false,
    "optionCount": 0,
    "selectedValue": "",
    "options": []
  },
  {
    "id": "selPlanUnitsGPId",
    "name": "selPlanUnitsGP",
    "visible": false,
    "optionCount": 0,
    "selectedValue": "",
    "options": []
  },
  {
    "id": "avlPlanUnitsVillId",
    "name": "avlPlanUnitsVill",
    "visible": false,
    "optionCount": 0,
    "selectedValue": "",
    "options": []
  },
  {
    "id": "selPlanUnitsVillId",
    "name": "selPlanUnitsVill",
    "visible": false,
    "optionCount": 0,
    "selectedValue": "",
    "options": []
  },
  {
    "id": "trngCatCdId",
    "name": "trainingCapacity.trngCatCd",
    "visible": false,
    "optionCount": 1,
    "selectedValue": "",
    "options": [
      "Select"
    ]
  },
  {
    "id": "trngOrgByCdId",
    "name": "trainingCapacity.trngOrgByCd",
    "visible": false,
    "optionCount": 1,
    "selectedValue": "",
    "options": [
      "Select"
    ]
  },
  {
    "id": "servieCdId",
    "name": "communityService.serviCd",
    "visible": false,
    "optionCount": 1,
    "selectedValue": "",
    "options": [
      "Select"
    ]
  }
]
2026-06-17 16:45:09 | ERROR    | FIELD FAIL | row=0 | field=pdi_indicator | url=https://egramswaraj.gov.in/addactivity.htm | error=Locator.wait_for: Timeout 20000ms exceeded.
Call log:
  - waiting for locator("#checkboxes") to be visible
    43 × locator resolved to hidden <div id="checkboxes" class="checkboxes"></div>

2026-06-17 16:45:29 | WARNING  | Row 0 | FAILED field=targeted_populace | Locator.wait_for: Timeout 20000ms exceeded.
Call log:
  - waiting for locator("#checkboxess") to be visible
    43 × locator resolved to hidden <div id="checkboxess" class="checkboxes">…</div>

2026-06-17 16:45:29 | DEBUG    | DIAGNOSTIC [targeted_populace row=0] SELECT states: [
  {
    "id": "themeId",
    "name": "themeId",
    "visible": true,
    "optionCount": 10,
    "selectedValue": "8",
    "options": [
      "Select",
      "Theme 1 - Poverty Free and Enhanced Livelihoods Village",
      "Theme 2 - Healthy Village",
      "Theme 3 - Child Friendly Village",
      "Theme 4 - Water Sufficient Village"
    ]
  },
  {
    "id": "themeActivityNameID",
    "name": "activityNameId",
    "visible": true,
    "optionCount": 37,
    "selectedValue": "",
    "options": [
      "Select",
      "Activities realted to Record keeping /Maintainance of data base",
      "Awareness campaign on SHG-PRI Convergence",
      "Awareness for active participation in Gram Sabha, Ward Sabha, Mahila Sabha",
      "Awareness on Public Services/ Service Delivery Provisions/ RTI"
    ]
  },
  {
    "id": "focusAreaId",
    "name": "focusArea",
    "visible": true,
    "optionCount": 1,
    "selectedValue": "",
    "options": [
      "Select"
    ]
  },
  {
    "id": "activityTypeListId",
    "name": "activityType",
    "visible": true,
    "optionCount": 1,
    "selectedValue": "",
    "options": [
      "Select"
    ]
  },
  {
    "id": "",
    "name": "",
    "visible": true,
    "optionCount": 1,
    "selectedValue": "--Select--",
    "options": [
      "--Select--"
    ]
  },
  {
    "id": "activityFor",
    "name": "activityFor",
    "visible": true,
    "optionCount": 5,
    "selectedValue": "114",
    "options": [
      "Select",
      "All",
      "GEN",
      "SC",
      "ST"
    ]
  },
  {
    "id": "",
    "name": "",
    "visible": true,
    "optionCount": 1,
    "selectedValue": "--Select--",
    "options": [
      "--Select--"
    ]
  },
  {
    "id": "workTypId",
    "name": "workTyp",
    "visible": true,
    "optionCount": 1,
    "selectedValue": "",
    "options": [
      "Select"
    ]
  },
  {
    "id": "submjrPrmptId",
    "name": "submjrPrmptId",
    "visible": false,
    "optionCount": 2,
    "selectedValue": "",
    "options": [
      "Select",
      "Select"
    ]
  },
  {
    "id": "minorPrmptId",
    "name": "minorPrmptId",
    "visible": false,
    "optionCount": 0,
    "selectedValue": "",
    "options": []
  },
  {
    "id": "startYearId",
    "name": "strtYr",
    "visible": true,
    "optionCount": 3,
    "selectedValue": "",
    "options": [
      "Select Year",
      "2025",
      "2026"
    ]
  },
  {
    "id": "startMonthId",
    "name": "strtMonth",
    "visible": true,
    "optionCount": 1,
    "selectedValue": "",
    "options": [
      "Select Month"
    ]
  },
  {
    "id": "flagshipSchemeId",
    "name": "flagshipSchemeCode",
    "visible": false,
    "optionCount": 84,
    "selectedValue": "",
    "options": [
      "Select",
      "ARI Division Schemes: Coir Udyami Yojana - Center Scheme",
      "ARI Division Schemes: Coir Vikas Yojana: Personal Accident Insurance\u2019 Scheme Coir Workers - Center Scheme",
      "ARI Division Schemes: Coir Vikas Yojana: Skill Upgradation & Mahila Coir Yojana (MCY) - Center Scheme",
      "ARI Division Schemes: Janshree Bima Yojana for Khadi Artisans - Center Scheme"
    ]
  },
  {
    "id": "supportedMinistriesId",
    "name": "ministryId",
    "visible": false,
    "optionCount": 1,
    "selectedValue": "",
    "options": [
      "Select"
    ]
  },
  {
    "id": "operationTypeId",
    "name": "operationType",
    "visible": false,
    "optionCount": 1,
    "selectedValue": "",
    "options": [
      "Select"
    ]
  },
  {
    "id": "maintAstCtgryId",
    "name": "mainAstCtgry",
    "visible": false,
    "optionCount": 1,
    "selectedValue": "",
    "options": [
      "select"
    ]
  },
  {
    "id": "mainAstSubCtgryId",
    "name": "mainAstSubCtgry",
    "visible": false,
    "optionCount": 1,
    "selectedValue": "",
    "options": [
      "select"
    ]
  },
  {
    "id": "astTypId",
    "name": "assetDetails.astTyp",
    "visible": false,
    "optionCount": 1,
    "selectedValue": "",
    "options": [
      "select"
    ]
  },
  {
    "id": "assetCategoryId",
    "name": "assetDetails.astCtgry",
    "visible": false,
    "optionCount": 1,
    "selectedValue": "",
    "options": [
      "select"
    ]
  },
  {
    "id": "astSubCtgryId",
    "name": "assetDetails.astSubCtgry",
    "visible": false,
    "optionCount": 1,
    "selectedValue": "",
    "options": [
      "select"
    ]
  },
  {
    "id": "avlPlanUnitsBPId",
    "name": "avlPlanUnitsBP",
    "visible": false,
    "optionCount": 0,
    "selectedValue": "",
    "options": []
  },
  {
    "id": "selPlanUnitsBPId",
    "name": "selPlanUnitsBP",
    "visible": false,
    "optionCount": 0,
    "selectedValue": "",
    "options": []
  },
  {
    "id": "avlPlanUnitsGPId",
    "name": "avlPlanUnitsGP",
    "visible": false,
    "optionCount": 0,
    "selectedValue": "",
    "options": []
  },
  {
    "id": "selPlanUnitsGPId",
    "name": "selPlanUnitsGP",
    "visible": false,
    "optionCount": 0,
    "selectedValue": "",
    "options": []
  },
  {
    "id": "avlPlanUnitsVillId",
    "name": "avlPlanUnitsVill",
    "visible": false,
    "optionCount": 0,
    "selectedValue": "",
    "options": []
  },
  {
    "id": "selPlanUnitsVillId",
    "name": "selPlanUnitsVill",
    "visible": false,
    "optionCount": 0,
    "selectedValue": "",
    "options": []
  },
  {
    "id": "trngCatCdId",
    "name": "trainingCapacity.trngCatCd",
    "visible": false,
    "optionCount": 1,
    "selectedValue": "",
    "options": [
      "Select"
    ]
  },
  {
    "id": "trngOrgByCdId",
    "name": "trainingCapacity.trngOrgByCd",
    "visible": false,
    "optionCount": 1,
    "selectedValue": "",
    "options": [
      "Select"
    ]
  },
  {
    "id": "servieCdId",
    "name": "communityService.serviCd",
    "visible": false,
    "optionCount": 1,
    "selectedValue": "",
    "options": [
      "Select"
    ]
  }
]
2026-06-17 16:45:29 | ERROR    | FIELD FAIL | row=0 | field=targeted_populace | url=https://egramswaraj.gov.in/addactivity.htm | error=Locator.wait_for: Timeout 20000ms exceeded.
Call log:
  - waiting for locator("#checkboxess") to be visible
    43 × locator resolved to hidden <div id="checkboxess" class="checkboxes">…</div>

2026-06-17 16:45:50 | WARNING  | Row 0 | FAILED field=activity_nature | Dropdown #workTypId never populated beyond ['Select'] within 20000ms. Check that the parent field was selected correctly and that its onchange JS event fired.
2026-06-17 16:45:50 | DEBUG    | DIAGNOSTIC [activity_nature row=0] SELECT states: [
  {
    "id": "themeId",
    "name": "themeId",
    "visible": true,
    "optionCount": 10,
    "selectedValue": "8",
    "options": [
      "Select",
      "Theme 1 - Poverty Free and Enhanced Livelihoods Village",
      "Theme 2 - Healthy Village",
      "Theme 3 - Child Friendly Village",
      "Theme 4 - Water Sufficient Village"
    ]
  },
  {
    "id": "themeActivityNameID",
    "name": "activityNameId",
    "visible": true,
    "optionCount": 37,
    "selectedValue": "",
    "options": [
      "Select",
      "Activities realted to Record keeping /Maintainance of data base",
      "Awareness campaign on SHG-PRI Convergence",
      "Awareness for active participation in Gram Sabha, Ward Sabha, Mahila Sabha",
      "Awareness on Public Services/ Service Delivery Provisions/ RTI"
    ]
  },
  {
    "id": "focusAreaId",
    "name": "focusArea",
    "visible": true,
    "optionCount": 1,
    "selectedValue": "",
    "options": [
      "Select"
    ]
  },
  {
    "id": "activityTypeListId",
    "name": "activityType",
    "visible": true,
    "optionCount": 1,
    "selectedValue": "",
    "options": [
      "Select"
    ]
  },
  {
    "id": "",
    "name": "",
    "visible": true,
    "optionCount": 1,
    "selectedValue": "--Select--",
    "options": [
      "--Select--"
    ]
  },
  {
    "id": "activityFor",
    "name": "activityFor",
    "visible": true,
    "optionCount": 5,
    "selectedValue": "114",
    "options": [
      "Select",
      "All",
      "GEN",
      "SC",
      "ST"
    ]
  },
  {
    "id": "",
    "name": "",
    "visible": true,
    "optionCount": 1,
    "selectedValue": "--Select--",
    "options": [
      "--Select--"
    ]
  },
  {
    "id": "workTypId",
    "name": "workTyp",
    "visible": true,
    "optionCount": 1,
    "selectedValue": "",
    "options": [
      "Select"
    ]
  },
  {
    "id": "submjrPrmptId",
    "name": "submjrPrmptId",
    "visible": false,
    "optionCount": 2,
    "selectedValue": "",
    "options": [
      "Select",
      "Select"
    ]
  },
  {
    "id": "minorPrmptId",
    "name": "minorPrmptId",
    "visible": false,
    "optionCount": 0,
    "selectedValue": "",
    "options": []
  },
  {
    "id": "startYearId",
    "name": "strtYr",
    "visible": true,
    "optionCount": 3,
    "selectedValue": "",
    "options": [
      "Select Year",
      "2025",
      "2026"
    ]
  },
  {
    "id": "startMonthId",
    "name": "strtMonth",
    "visible": true,
    "optionCount": 1,
    "selectedValue": "",
    "options": [
      "Select Month"
    ]
  },
  {
    "id": "flagshipSchemeId",
    "name": "flagshipSchemeCode",
    "visible": false,
    "optionCount": 84,
    "selectedValue": "",
    "options": [
      "Select",
      "ARI Division Schemes: Coir Udyami Yojana - Center Scheme",
      "ARI Division Schemes: Coir Vikas Yojana: Personal Accident Insurance\u2019 Scheme Coir Workers - Center Scheme",
      "ARI Division Schemes: Coir Vikas Yojana: Skill Upgradation & Mahila Coir Yojana (MCY) - Center Scheme",
      "ARI Division Schemes: Janshree Bima Yojana for Khadi Artisans - Center Scheme"
    ]
  },
  {
    "id": "supportedMinistriesId",
    "name": "ministryId",
    "visible": false,
    "optionCount": 1,
    "selectedValue": "",
    "options": [
      "Select"
    ]
  },
  {
    "id": "operationTypeId",
    "name": "operationType",
    "visible": false,
    "optionCount": 1,
    "selectedValue": "",
    "options": [
      "Select"
    ]
  },
  {
    "id": "maintAstCtgryId",
    "name": "mainAstCtgry",
    "visible": false,
    "optionCount": 1,
    "selectedValue": "",
    "options": [
      "select"
    ]
  },
  {
    "id": "mainAstSubCtgryId",
    "name": "mainAstSubCtgry",
    "visible": false,
    "optionCount": 1,
    "selectedValue": "",
    "options": [
      "select"
    ]
  },
  {
    "id": "astTypId",
    "name": "assetDetails.astTyp",
    "visible": false,
    "optionCount": 1,
    "selectedValue": "",
    "options": [
      "select"
    ]
  },
  {
    "id": "assetCategoryId",
    "name": "assetDetails.astCtgry",
    "visible": false,
    "optionCount": 1,
    "selectedValue": "",
    "options": [
      "select"
    ]
  },
  {
    "id": "astSubCtgryId",
    "name": "assetDetails.astSubCtgry",
    "visible": false,
    "optionCount": 1,
    "selectedValue": "",
    "options": [
      "select"
    ]
  },
  {
    "id": "avlPlanUnitsBPId",
    "name": "avlPlanUnitsBP",
    "visible": false,
    "optionCount": 0,
    "selectedValue": "",
    "options": []
  },
  {
    "id": "selPlanUnitsBPId",
    "name": "selPlanUnitsBP",
    "visible": false,
    "optionCount": 0,
    "selectedValue": "",
    "options": []
  },
  {
    "id": "avlPlanUnitsGPId",
    "name": "avlPlanUnitsGP",
    "visible": false,
    "optionCount": 0,
    "selectedValue": "",
    "options": []
  },
  {
    "id": "selPlanUnitsGPId",
    "name": "selPlanUnitsGP",
    "visible": false,
    "optionCount": 0,
    "selectedValue": "",
    "options": []
  },
  {
    "id": "avlPlanUnitsVillId",
    "name": "avlPlanUnitsVill",
    "visible": false,
    "optionCount": 0,
    "selectedValue": "",
    "options": []
  },
  {
    "id": "selPlanUnitsVillId",
    "name": "selPlanUnitsVill",
    "visible": false,
    "optionCount": 0,
    "selectedValue": "",
    "options": []
  },
  {
    "id": "trngCatCdId",
    "name": "trainingCapacity.trngCatCd",
    "visible": false,
    "optionCount": 1,
    "selectedValue": "",
    "options": [
      "Select"
    ]
  },
  {
    "id": "trngOrgByCdId",
    "name": "trainingCapacity.trngOrgByCd",
    "visible": false,
    "optionCount": 1,
    "selectedValue": "",
    "options": [
      "Select"
    ]
  },
  {
    "id": "servieCdId",
    "name": "communityService.serviCd",
    "visible": false,
    "optionCount": 1,
    "selectedValue": "",
    "options": [
      "Select"
    ]
  }
]
2026-06-17 16:45:50 | ERROR    | FIELD FAIL | row=0 | field=activity_nature | url=https://egramswaraj.gov.in/addactivity.htm | error=Dropdown #workTypId never populated beyond ['Select'] within 20000ms. Check that the parent field was selected correctly and that its onchange JS event fired.
2026-06-17 16:45:52 | WARNING  | Row 0 attempt 2 FAILED: [focus_area] Dropdown #focusAreaId never populated beyond ['Select'] within 20000ms. Check that the parent field was selected correctly and that its onchange JS event fired. | [activity_type] Dropdown #activityTypeListId never populated beyond ['Select'] within 20000ms. Check that the parent field w
2026-06-17 16:45:53 | INFO     | Row 0 — retrying in 2s ...
2026-06-17 16:46:21 | WARNING  | Row 0 | FAILED field=focus_area | Dropdown #focusAreaId never populated beyond ['Select'] within 20000ms. Check that the parent field was selected correctly and that its onchange JS event fired.
2026-06-17 16:46:22 | DEBUG    | DIAGNOSTIC [focus_area row=0] SELECT states: [
  {
    "id": "themeId",
    "name": "themeId",
    "visible": true,
    "optionCount": 10,
    "selectedValue": "8",
    "options": [
      "Select",
      "Theme 1 - Poverty Free and Enhanced Livelihoods Village",
      "Theme 2 - Healthy Village",
      "Theme 3 - Child Friendly Village",
      "Theme 4 - Water Sufficient Village"
    ]
  },
  {
    "id": "themeActivityNameID",
    "name": "activityNameId",
    "visible": true,
    "optionCount": 37,
    "selectedValue": "",
    "options": [
      "Select",
      "Activities realted to Record keeping /Maintainance of data base",
      "Awareness campaign on SHG-PRI Convergence",
      "Awareness for active participation in Gram Sabha, Ward Sabha, Mahila Sabha",
      "Awareness on Public Services/ Service Delivery Provisions/ RTI"
    ]
  },
  {
    "id": "focusAreaId",
    "name": "focusArea",
    "visible": true,
    "optionCount": 1,
    "selectedValue": "",
    "options": [
      "Select"
    ]
  },
  {
    "id": "activityTypeListId",
    "name": "activityType",
    "visible": true,
    "optionCount": 1,
    "selectedValue": "",
    "options": [
      "Select"
    ]
  },
  {
    "id": "",
    "name": "",
    "visible": true,
    "optionCount": 1,
    "selectedValue": "--Select--",
    "options": [
      "--Select--"
    ]
  },
  {
    "id": "activityFor",
    "name": "activityFor",
    "visible": true,
    "optionCount": 5,
    "selectedValue": "",
    "options": [
      "Select",
      "All",
      "GEN",
      "SC",
      "ST"
    ]
  },
  {
    "id": "",
    "name": "",
    "visible": true,
    "optionCount": 1,
    "selectedValue": "--Select--",
    "options": [
      "--Select--"
    ]
  },
  {
    "id": "workTypId",
    "name": "workTyp",
    "visible": true,
    "optionCount": 1,
    "selectedValue": "",
    "options": [
      "Select"
    ]
  },
  {
    "id": "submjrPrmptId",
    "name": "submjrPrmptId",
    "visible": false,
    "optionCount": 2,
    "selectedValue": "",
    "options": [
      "Select",
      "Select"
    ]
  },
  {
    "id": "minorPrmptId",
    "name": "minorPrmptId",
    "visible": false,
    "optionCount": 0,
    "selectedValue": "",
    "options": []
  },
  {
    "id": "startYearId",
    "name": "strtYr",
    "visible": true,
    "optionCount": 3,
    "selectedValue": "",
    "options": [
      "Select Year",
      "2025",
      "2026"
    ]
  },
  {
    "id": "startMonthId",
    "name": "strtMonth",
    "visible": true,
    "optionCount": 1,
    "selectedValue": "",
    "options": [
      "Select Month"
    ]
  },
  {
    "id": "flagshipSchemeId",
    "name": "flagshipSchemeCode",
    "visible": false,
    "optionCount": 84,
    "selectedValue": "",
    "options": [
      "Select",
      "ARI Division Schemes: Coir Udyami Yojana - Center Scheme",
      "ARI Division Schemes: Coir Vikas Yojana: Personal Accident Insurance\u2019 Scheme Coir Workers - Center Scheme",
      "ARI Division Schemes: Coir Vikas Yojana: Skill Upgradation & Mahila Coir Yojana (MCY) - Center Scheme",
      "ARI Division Schemes: Janshree Bima Yojana for Khadi Artisans - Center Scheme"
    ]
  },
  {
    "id": "supportedMinistriesId",
    "name": "ministryId",
    "visible": false,
    "optionCount": 1,
    "selectedValue": "",
    "options": [
      "Select"
    ]
  },
  {
    "id": "operationTypeId",
    "name": "operationType",
    "visible": false,
    "optionCount": 1,
    "selectedValue": "",
    "options": [
      "Select"
    ]
  },
  {
    "id": "maintAstCtgryId",
    "name": "mainAstCtgry",
    "visible": false,
    "optionCount": 1,
    "selectedValue": "",
    "options": [
      "select"
    ]
  },
  {
    "id": "mainAstSubCtgryId",
    "name": "mainAstSubCtgry",
    "visible": false,
    "optionCount": 1,
    "selectedValue": "",
    "options": [
      "select"
    ]
  },
  {
    "id": "astTypId",
    "name": "assetDetails.astTyp",
    "visible": false,
    "optionCount": 1,
    "selectedValue": "",
    "options": [
      "select"
    ]
  },
  {
    "id": "assetCategoryId",
    "name": "assetDetails.astCtgry",
    "visible": false,
    "optionCount": 1,
    "selectedValue": "",
    "options": [
      "select"
    ]
  },
  {
    "id": "astSubCtgryId",
    "name": "assetDetails.astSubCtgry",
    "visible": false,
    "optionCount": 1,
    "selectedValue": "",
    "options": [
      "select"
    ]
  },
  {
    "id": "avlPlanUnitsBPId",
    "name": "avlPlanUnitsBP",
    "visible": false,
    "optionCount": 0,
    "selectedValue": "",
    "options": []
  },
  {
    "id": "selPlanUnitsBPId",
    "name": "selPlanUnitsBP",
    "visible": false,
    "optionCount": 0,
    "selectedValue": "",
    "options": []
  },
  {
    "id": "avlPlanUnitsGPId",
    "name": "avlPlanUnitsGP",
    "visible": false,
    "optionCount": 0,
    "selectedValue": "",
    "options": []
  },
  {
    "id": "selPlanUnitsGPId",
    "name": "selPlanUnitsGP",
    "visible": false,
    "optionCount": 0,
    "selectedValue": "",
    "options": []
  },
  {
    "id": "avlPlanUnitsVillId",
    "name": "avlPlanUnitsVill",
    "visible": false,
    "optionCount": 0,
    "selectedValue": "",
    "options": []
  },
  {
    "id": "selPlanUnitsVillId",
    "name": "selPlanUnitsVill",
    "visible": false,
    "optionCount": 0,
    "selectedValue": "",
    "options": []
  },
  {
    "id": "trngCatCdId",
    "name": "trainingCapacity.trngCatCd",
    "visible": false,
    "optionCount": 1,
    "selectedValue": "",
    "options": [
      "Select"
    ]
  },
  {
    "id": "trngOrgByCdId",
    "name": "trainingCapacity.trngOrgByCd",
    "visible": false,
    "optionCount": 1,
    "selectedValue": "",
    "options": [
      "Select"
    ]
  },
  {
    "id": "servieCdId",
    "name": "communityService.serviCd",
    "visible": false,
    "optionCount": 1,
    "selectedValue": "",
    "options": [
      "Select"
    ]
  }
]
2026-06-17 16:46:22 | ERROR    | FIELD FAIL | row=0 | field=focus_area | url=https://egramswaraj.gov.in/addactivity.htm | error=Dropdown #focusAreaId never populated beyond ['Select'] within 20000ms. Check that the parent field was selected correctly and that its onchange JS event fired.
2026-06-18 18:52:54 | INFO     | ============================================================
2026-06-18 18:52:54 | INFO     | eGramSwaraj Activity Bot — START (v3)
2026-06-18 18:52:54 | INFO     | ============================================================
2026-06-18 18:52:55 | INFO     | Excel rows: total=15 | already SUCCESS=0 | pending=15
2026-06-18 18:53:09 | INFO     | ⏳  Waiting for you to log in and navigate to addactivity.htm ...
2026-06-18 18:54:34 | INFO     | ✅  addactivity.htm detected and form is ready.
2026-06-18 18:54:36 | INFO     | ── Row 0 | Activities realted to Record keeping /Maintainance of data base
2026-06-18 18:54:40 | WARNING  | Row 0 | field=focus_area | Option 'Focus Area 1' not found in #focusAreaId. Available: ['Maintenance of community system']
2026-06-18 18:54:40 | ERROR    | FIELD FAIL | row=0 | field=focus_area | Option 'Focus Area 1' not found in #focusAreaId. Available: ['Maintenance of community system']
2026-06-18 18:54:55 | WARNING  | Row 0 | field=targeted_populace | Locator.wait_for: Timeout 15000ms exceeded.
Call log:
  - waiting for locator("#checkboxess") to be visible
    33 × locator resolved to hidden <div id="checkboxess" class="checkboxes">…</div>

2026-06-18 18:54:56 | ERROR    | FIELD FAIL | row=0 | field=targeted_populace | Locator.wait_for: Timeout 15000ms exceeded.
Call log:
  - waiting for locator("#checkboxess") to be visible
    33 × locator resolved to hidden <div id="checkboxess" class="checkboxes">…</div>

2026-06-18 18:54:57 | WARNING  | Row 0 attempt 1 FAILED: [focus_area] Option 'Focus Area 1' not found in #focusAreaId. Available: ['Maintenance of community system'] | [targeted_populace] Locator.wait_for: Timeout 15000ms exceeded.
Call log:
  - waiting for locator("#checkboxess") to be visible
    33 × locator resolved to hidden <div id="checkboxess" cla
2026-06-18 18:54:57 | INFO     | Row 0 — retrying in 2s ...
2026-06-18 18:55:04 | WARNING  | Row 0 | field=focus_area | Option 'Focus Area 1' not found in #focusAreaId. Available: ['Maintenance of community system']
2026-06-18 18:55:04 | ERROR    | FIELD FAIL | row=0 | field=focus_area | Option 'Focus Area 1' not found in #focusAreaId. Available: ['Maintenance of community system']
2026-06-18 18:55:19 | WARNING  | Row 0 | field=targeted_populace | Locator.wait_for: Timeout 15000ms exceeded.
Call log:
  - waiting for locator("#checkboxess") to be visible
    33 × locator resolved to hidden <div id="checkboxess" class="checkboxes">…</div>

2026-06-18 18:55:19 | ERROR    | FIELD FAIL | row=0 | field=targeted_populace | Locator.wait_for: Timeout 15000ms exceeded.
Call log:
  - waiting for locator("#checkboxess") to be visible
    33 × locator resolved to hidden <div id="checkboxess" class="checkboxes">…</div>

2026-06-18 18:55:20 | WARNING  | Row 0 attempt 2 FAILED: [focus_area] Option 'Focus Area 1' not found in #focusAreaId. Available: ['Maintenance of community system'] | [targeted_populace] Locator.wait_for: Timeout 15000ms exceeded.
Call log:
  - waiting for locator("#checkboxess") to be visible
    33 × locator resolved to hidden <div id="checkboxess" cla
2026-06-18 18:55:20 | INFO     | Row 0 — retrying in 2s ...
2026-06-18 18:55:26 | WARNING  | Row 0 | field=focus_area | Option 'Focus Area 1' not found in #focusAreaId. Available: ['Maintenance of community system']
2026-06-18 18:55:26 | ERROR    | FIELD FAIL | row=0 | field=focus_area | Option 'Focus Area 1' not found in #focusAreaId. Available: ['Maintenance of community system']
2026-06-18 18:55:41 | WARNING  | Row 0 | field=targeted_populace | Locator.wait_for: Timeout 15000ms exceeded.
Call log:
  - waiting for locator("#checkboxess") to be visible
    33 × locator resolved to hidden <div id="checkboxess" class="checkboxes">…</div>

2026-06-18 18:55:41 | ERROR    | FIELD FAIL | row=0 | field=targeted_populace | Locator.wait_for: Timeout 15000ms exceeded.
Call log:
  - waiting for locator("#checkboxess") to be visible
    33 × locator resolved to hidden <div id="checkboxess" class="checkboxes">…</div>

2026-06-18 18:55:42 | WARNING  | Row 0 attempt 3 FAILED: [focus_area] Option 'Focus Area 1' not found in #focusAreaId. Available: ['Maintenance of community system'] | [targeted_populace] Locator.wait_for: Timeout 15000ms exceeded.
Call log:
  - waiting for locator("#checkboxess") to be visible
    33 × locator resolved to hidden <div id="checkboxess" cla
2026-06-18 18:55:42 | ERROR    | Row 0 → FAILED after all retries
2026-06-18 18:55:42 | INFO     | ── Row 1 | Awareness campaign on SHG-PRI Convergence
2026-06-18 18:56:01 | WARNING  | Row 1 | field=focus_area | Dropdown #focusAreaId never populated within 15000ms. Current options: ['Select']
2026-06-18 18:56:01 | ERROR    | FIELD FAIL | row=1 | field=focus_area | Dropdown #focusAreaId never populated within 15000ms. Current options: ['Select']
2026-06-18 18:56:02 | WARNING  | Row 1 | field=activity_type | Page.eval_on_selector: Execution context was destroyed, most likely because of a navigation
2026-06-18 18:56:04 | ERROR    | FIELD FAIL | row=1 | field=activity_type | Page.eval_on_selector: Execution context was destroyed, most likely because of a navigation
2026-06-18 18:56:19 | WARNING  | Row 1 | field=pdi_indicator | Locator.wait_for: Timeout 15000ms exceeded.
Call log:
  - waiting for locator("#checkboxes") to be visible
    18 × locator resolved to hidden <div id="checkboxes" class="checkboxes"></div>
    15 × l
2026-06-18 18:56:19 | ERROR    | FIELD FAIL | row=1 | field=pdi_indicator | Locator.wait_for: Timeout 15000ms exceeded.
Call log:
  - waiting for locator("#checkboxes") to be visible
    18 × locator resolved to hidden <div id="checkboxes" class="checkboxes"></div>
    15 × locator resolved to hidden <div id="checkboxes" class="checkboxes">…</div>

2026-06-18 18:56:34 | WARNING  | Row 1 | field=targeted_populace | Locator.wait_for: Timeout 15000ms exceeded.
Call log:
  - waiting for locator("#checkboxess") to be visible
    33 × locator resolved to hidden <div id="checkboxess" class="checkboxes">…</div>

2026-06-18 18:56:35 | ERROR    | FIELD FAIL | row=1 | field=targeted_populace | Locator.wait_for: Timeout 15000ms exceeded.
Call log:
  - waiting for locator("#checkboxess") to be visible
    33 × locator resolved to hidden <div id="checkboxess" class="checkboxes">…</div>

2026-06-18 18:56:55 | WARNING  | Row 1 | field=is_directly_funded_by_panchayat | Locator.click: Timeout 20000ms exceeded.
Call log:
  - waiting for locator("#activityForCostlessFlagNoId")
    - locator resolved to <input value="0" type="radio" checked="checked" disabled="disabled"
2026-06-18 18:56:55 | ERROR    | FIELD FAIL | row=1 | field=is_directly_funded_by_panchayat | Locator.click: Timeout 20000ms exceeded.
Call log:
  - waiting for locator("#activityForCostlessFlagNoId")
    - locator resolved to <input value="0" type="radio" checked="checked" disabled="disabled" name="activityForCostlessFlag" id="activityForCostlessFlagNoId" onclick="return showHideTotalCost(0
2026-06-18 18:57:10 | WARNING  | Row 1 | field=estimated_total_cost | Locator.wait_for: Timeout 15000ms exceeded.
Call log:
  - waiting for locator("#totalCostId") to be visible
    33 × locator resolved to hidden <input value="" type="text" maxlength="9" id="totalCostI
2026-06-18 18:57:10 | ERROR    | FIELD FAIL | row=1 | field=estimated_total_cost | Locator.wait_for: Timeout 15000ms exceeded.
Call log:
  - waiting for locator("#totalCostId") to be visible
    33 × locator resolved to hidden <input value="" type="text" maxlength="9" id="totalCostId" name="totalCost" disabled="disabled" class="form-control" onkeypress="return isNumberKey(event);"
2026-06-18 18:57:10 | WARNING  | Row 1 attempt 1 FAILED: [focus_area] Dropdown #focusAreaId never populated within 15000ms. Current options: ['Select'] | [activity_type] Page.eval_on_selector: Execution context was destroyed, most likely because of a navigation | [pdi_indicator] Locator.wait_for: Timeout 15000ms exceeded.
Call log:
  - waiting for locator
2026-06-18 18:57:10 | INFO     | Row 1 — retrying in 2s ...
2026-06-18 18:57:33 | WARNING  | Row 1 | field=focus_area | Dropdown #focusAreaId never populated within 15000ms. Current options: ['Select']
2026-06-18 18:57:33 | ERROR    | FIELD FAIL | row=1 | field=focus_area | Dropdown #focusAreaId never populated within 15000ms. Current options: ['Select']
2026-06-18 18:57:48 | WARNING  | Row 1 | field=activity_type | Dropdown #activityTypeListId never populated within 15000ms. Current options: ['Select']
2026-06-18 18:57:49 | ERROR    | FIELD FAIL | row=1 | field=activity_type | Dropdown #activityTypeListId never populated within 15000ms. Current options: ['Select']
2026-06-18 18:58:06 | WARNING  | Row 1 | field=pdi_indicator | Locator.wait_for: Timeout 15000ms exceeded.
Call log:
  - waiting for locator("#checkboxes") to be visible
    33 × locator resolved to hidden <div id="checkboxes" class="checkboxes"></div>

2026-06-18 18:58:07 | ERROR    | FIELD FAIL | row=1 | field=pdi_indicator | Locator.wait_for: Timeout 15000ms exceeded.
Call log:
  - waiting for locator("#checkboxes") to be visible
    33 × locator resolved to hidden <div id="checkboxes" class="checkboxes"></div>

2026-06-18 18:58:24 | WARNING  | Row 1 | field=targeted_populace | Locator.wait_for: Timeout 15000ms exceeded.
Call log:
  - waiting for locator("#checkboxess") to be visible
    33 × locator resolved to hidden <div id="checkboxess" class="checkboxes">…</div>

2026-06-18 18:58:26 | ERROR    | FIELD FAIL | row=1 | field=targeted_populace | Locator.wait_for: Timeout 15000ms exceeded.
Call log:
  - waiting for locator("#checkboxess") to be visible
    33 × locator resolved to hidden <div id="checkboxess" class="checkboxes">…</div>

2026-06-18 18:58:41 | WARNING  | Row 1 | field=activity_nature | Dropdown #workTypId never populated within 15000ms. Current options: ['Select']
2026-06-18 18:58:41 | ERROR    | FIELD FAIL | row=1 | field=activity_nature | Dropdown #workTypId never populated within 15000ms. Current options: ['Select']
2026-06-18 18:58:42 | WARNING  | Row 1 attempt 2 FAILED: [focus_area] Dropdown #focusAreaId never populated within 15000ms. Current options: ['Select'] | [activity_type] Dropdown #activityTypeListId never populated within 15000ms. Current options: ['Select'] | [pdi_indicator] Locator.wait_for: Timeout 15000ms exceeded.
Call log:
  - waiting for locator("#
2026-06-18 18:58:43 | INFO     | Row 1 — retrying in 2s ...
2026-06-18 18:59:07 | WARNING  | Row 1 | field=focus_area | Dropdown #focusAreaId never populated within 15000ms. Current options: ['Select']
2026-06-18 18:59:07 | ERROR    | FIELD FAIL | row=1 | field=focus_area | Dropdown #focusAreaId never populated within 15000ms. Current options: ['Select']
2026-06-18 18:59:23 | WARNING  | Row 1 | field=activity_type | Dropdown #activityTypeListId never populated within 15000ms. Current options: ['Select']
2026-06-18 18:59:23 | ERROR    | FIELD FAIL | row=1 | field=activity_type | Dropdown #activityTypeListId never populated within 15000ms. Current options: ['Select']
2026-06-18 18:59:38 | WARNING  | Row 1 | field=pdi_indicator | Locator.wait_for: Timeout 15000ms exceeded.
Call log:
  - waiting for locator("#checkboxes") to be visible
    33 × locator resolved to hidden <div id="checkboxes" class="checkboxes"></div>

2026-06-18 18:59:38 | ERROR    | FIELD FAIL | row=1 | field=pdi_indicator | Locator.wait_for: Timeout 15000ms exceeded.
Call log:
  - waiting for locator("#checkboxes") to be visible
    33 × locator resolved to hidden <div id="checkboxes" class="checkboxes"></div>

2026-06-18 18:59:53 | WARNING  | Row 1 | field=targeted_populace | Locator.wait_for: Timeout 15000ms exceeded.
Call log:
  - waiting for locator("#checkboxess") to be visible
    33 × locator resolved to hidden <div id="checkboxess" class="checkboxes">…</div>

2026-06-18 18:59:53 | ERROR    | FIELD FAIL | row=1 | field=targeted_populace | Locator.wait_for: Timeout 15000ms exceeded.
Call log:
  - waiting for locator("#checkboxess") to be visible
    33 × locator resolved to hidden <div id="checkboxess" class="checkboxes">…</div>

2026-06-18 19:00:08 | WARNING  | Row 1 | field=activity_nature | Dropdown #workTypId never populated within 15000ms. Current options: ['Select']
2026-06-18 19:00:09 | ERROR    | FIELD FAIL | row=1 | field=activity_nature | Dropdown #workTypId never populated within 15000ms. Current options: ['Select']
2026-06-18 19:00:09 | WARNING  | Row 1 attempt 3 FAILED: [focus_area] Dropdown #focusAreaId never populated within 15000ms. Current options: ['Select'] | [activity_type] Dropdown #activityTypeListId never populated within 15000ms. Current options: ['Select'] | [pdi_indicator] Locator.wait_for: Timeout 15000ms exceeded.
Call log:
  - waiting for locator("#
2026-06-18 19:00:10 | ERROR    | Row 1 → FAILED after all retries
2026-06-18 19:00:10 | INFO     | ── Row 2 | Awareness for active participation in Gram Sabha, Ward Sabha, Mahila Sabha
2026-06-18 19:00:29 | WARNING  | Row 2 | field=focus_area | Dropdown #focusAreaId never populated within 15000ms. Current options: ['Select']
2026-06-18 19:00:29 | ERROR    | FIELD FAIL | row=2 | field=focus_area | Dropdown #focusAreaId never populated within 15000ms. Current options: ['Select']
2026-06-18 19:00:44 | WARNING  | Row 2 | field=activity_type | Dropdown #activityTypeListId never populated within 15000ms. Current options: ['Select']
2026-06-18 19:00:45 | ERROR    | FIELD FAIL | row=2 | field=activity_type | Dropdown #activityTypeListId never populated within 15000ms. Current options: ['Select']
2026-06-18 19:01:00 | WARNING  | Row 2 | field=pdi_indicator | Locator.wait_for: Timeout 15000ms exceeded.
Call log:
  - waiting for locator("#checkboxes") to be visible
    33 × locator resolved to hidden <div id="checkboxes" class="checkboxes"></div>

2026-06-18 19:01:00 | ERROR    | FIELD FAIL | row=2 | field=pdi_indicator | Locator.wait_for: Timeout 15000ms exceeded.
Call log:
  - waiting for locator("#checkboxes") to be visible
    33 × locator resolved to hidden <div id="checkboxes" class="checkboxes"></div>

2026-06-18 19:01:15 | WARNING  | Row 2 | field=targeted_populace | Locator.wait_for: Timeout 15000ms exceeded.
Call log:
  - waiting for locator("#checkboxess") to be visible
    33 × locator resolved to hidden <div id="checkboxess" class="checkboxes">…</div>

2026-06-18 19:01:15 | ERROR    | FIELD FAIL | row=2 | field=targeted_populace | Locator.wait_for: Timeout 15000ms exceeded.
Call log:
  - waiting for locator("#checkboxess") to be visible
    33 × locator resolved to hidden <div id="checkboxess" class="checkboxes">…</div>

2026-06-18 19:01:30 | WARNING  | Row 2 | field=activity_nature | Dropdown #workTypId never populated within 15000ms. Current options: ['Select']
2026-06-18 19:01:30 | ERROR    | FIELD FAIL | row=2 | field=activity_nature | Dropdown #workTypId never populated within 15000ms. Current options: ['Select']
2026-06-18 19:01:31 | WARNING  | Row 2 attempt 1 FAILED: [focus_area] Dropdown #focusAreaId never populated within 15000ms. Current options: ['Select'] | [activity_type] Dropdown #activityTypeListId never populated within 15000ms. Current options: ['Select'] | [pdi_indicator] Locator.wait_for: Timeout 15000ms exceeded.
Call log:
  - waiting for locator("#
2026-06-18 19:01:32 | INFO     | Row 2 — retrying in 2s ...
2026-06-26 17:15:26 | INFO     | ============================================================
2026-06-26 17:15:26 | INFO     | eGramSwaraj Bot START (v5)
2026-06-26 17:15:26 | INFO     | ============================================================
2026-06-26 17:15:26 | INFO     | rows: total=15 done=0 pending=15
2026-06-26 17:15:41 | INFO     | Waiting for manual login → addactivity.htm ...
2026-06-26 17:16:56 | INFO     | Form ready at: https://egramswaraj.gov.in/addactivity.htm
2026-06-26 17:17:00 | INFO     | ── row 0 | Activities realted to Record keeping /Maintainance of data b
2026-06-26 17:17:04 | WARNING  | row=0 field=focus_area 'Focus Area 1' not found in #focusAreaId. Available (1): ['Maintenance of community system']
2026-06-26 17:17:05 | ERROR    | FAIL | row=0 field=focus_area | 'Focus Area 1' not found in #focusAreaId. Available (1): ['Maintenance of community system']
2026-06-26 17:17:05 | WARNING  | row=0 field=activity_type 'Public' not found in #activityTypeListId. Available (1): ['Community Works']
2026-06-26 17:17:05 | ERROR    | FAIL | row=0 field=activity_type | 'Public' not found in #activityTypeListId. Available (1): ['Community Works']
2026-06-26 17:17:20 | WARNING  | row=0 field=targeted_populace Locator.wait_for: Timeout 15000ms exceeded.
Call log:
  - waiting for locator("#checkboxess") to be visible
    33 × locator resolved to hidden <div id="checkboxess" class="checkboxes">…</div>

2026-06-26 17:17:20 | ERROR    | FAIL | row=0 field=targeted_populace | Locator.wait_for: Timeout 15000ms exceeded.
Call log:
  - waiting for locator("#checkboxess") to be visible
    33 × locator resolved to hidden <div id="checkboxess" class="checkboxes">…</div>

2026-06-26 17:17:21 | WARNING  | row 0 attempt 1 FAIL: [focus_area] 'Focus Area 1' not found in #focusAreaId. Available (1): ['Maintenance of community system'] | [activity_type] 'Public' not found in #activityTypeListId. Available (1): ['Community Works'] | [targeted_populace] Locator.wait_for: Timeout 15000ms exceeded.
Call log:
  - waiting for locato
2026-06-26 17:17:27 | WARNING  | row=0 field=focus_area 'Focus Area 1' not found in #focusAreaId. Available (1): ['Maintenance of community system']
2026-06-26 17:17:27 | ERROR    | FAIL | row=0 field=focus_area | 'Focus Area 1' not found in #focusAreaId. Available (1): ['Maintenance of community system']
2026-06-26 17:17:27 | WARNING  | row=0 field=activity_type 'Public' not found in #activityTypeListId. Available (1): ['Community Works']
2026-06-26 17:17:27 | ERROR    | FAIL | row=0 field=activity_type | 'Public' not found in #activityTypeListId. Available (1): ['Community Works']
2026-06-26 17:17:43 | WARNING  | row=0 field=targeted_populace Locator.wait_for: Timeout 15000ms exceeded.
Call log:
  - waiting for locator("#checkboxess") to be visible
    33 × locator resolved to hidden <div id="checkboxess" class="checkboxes">…</div>

2026-06-26 17:17:43 | ERROR    | FAIL | row=0 field=targeted_populace | Locator.wait_for: Timeout 15000ms exceeded.
Call log:
  - waiting for locator("#checkboxess") to be visible
    33 × locator resolved to hidden <div id="checkboxess" class="checkboxes">…</div>

2026-06-26 17:17:43 | WARNING  | row 0 attempt 2 FAIL: [focus_area] 'Focus Area 1' not found in #focusAreaId. Available (1): ['Maintenance of community system'] | [activity_type] 'Public' not found in #activityTypeListId. Available (1): ['Community Works'] | [targeted_populace] Locator.wait_for: Timeout 15000ms exceeded.
Call log:
  - waiting for locato
2026-06-26 17:17:50 | WARNING  | row=0 field=focus_area 'Focus Area 1' not found in #focusAreaId. Available (1): ['Maintenance of community system']
2026-06-26 17:17:50 | ERROR    | FAIL | row=0 field=focus_area | 'Focus Area 1' not found in #focusAreaId. Available (1): ['Maintenance of community system']
2026-06-26 17:17:50 | WARNING  | row=0 field=activity_type 'Public' not found in #activityTypeListId. Available (1): ['Community Works']
2026-06-26 17:17:50 | ERROR    | FAIL | row=0 field=activity_type | 'Public' not found in #activityTypeListId. Available (1): ['Community Works']
2026-06-26 17:18:05 | WARNING  | row=0 field=targeted_populace Locator.wait_for: Timeout 15000ms exceeded.
Call log:
  - waiting for locator("#checkboxess") to be visible
    33 × locator resolved to hidden <div id="checkboxess" class="checkboxes">…</div>

2026-06-26 17:18:05 | ERROR    | FAIL | row=0 field=targeted_populace | Locator.wait_for: Timeout 15000ms exceeded.
Call log:
  - waiting for locator("#checkboxess") to be visible
    33 × locator resolved to hidden <div id="checkboxess" class="checkboxes">…</div>

2026-06-26 17:18:06 | WARNING  | row 0 attempt 3 FAIL: [focus_area] 'Focus Area 1' not found in #focusAreaId. Available (1): ['Maintenance of community system'] | [activity_type] 'Public' not found in #activityTypeListId. Available (1): ['Community Works'] | [targeted_populace] Locator.wait_for: Timeout 15000ms exceeded.
Call log:
  - waiting for locato
2026-06-26 17:18:06 | ERROR    | row 0 FAILED after all retries
2026-06-26 17:18:06 | INFO     | ── row 1 | Awareness campaign on SHG-PRI Convergence
2026-06-26 17:18:26 | WARNING  | row=1 field=focus_area #focusAreaId never populated (timeout 15000ms). Options present: ['Select']
2026-06-26 17:18:26 | ERROR    | FAIL | row=1 field=focus_area | #focusAreaId never populated (timeout 15000ms). Options present: ['Select']
2026-06-26 17:18:41 | WARNING  | row=1 field=activity_type #activityTypeListId never populated (timeout 15000ms). Options present: ['Select']
2026-06-26 17:18:41 | ERROR    | FAIL | row=1 field=activity_type | #activityTypeListId never populated (timeout 15000ms). Options present: ['Select']
2026-06-26 17:18:56 | WARNING  | row=1 field=pdi_indicator Locator.wait_for: Timeout 15000ms exceeded.
Call log:
  - waiting for locator("#checkboxes") to be visible
    33 × locator resolved to hidden <div id="checkboxes" class="checkboxes"></div>

2026-06-26 17:18:57 | ERROR    | FAIL | row=1 field=pdi_indicator | Locator.wait_for: Timeout 15000ms exceeded.
Call log:
  - waiting for locator("#checkboxes") to be visible
    33 × locator resolved to hidden <div id="checkboxes" class="checkboxes"></div>

2026-06-26 17:19:12 | WARNING  | row=1 field=targeted_populace Locator.wait_for: Timeout 15000ms exceeded.
Call log:
  - waiting for locator("#checkboxess") to be visible
    33 × locator resolved to hidden <div id="checkboxess" class="checkboxes">…</div>

2026-06-26 17:19:12 | ERROR    | FAIL | row=1 field=targeted_populace | Locator.wait_for: Timeout 15000ms exceeded.
Call log:
  - waiting for locator("#checkboxess") to be visible
    33 × locator resolved to hidden <div id="checkboxess" class="checkboxes">…</div>

2026-06-26 17:19:27 | WARNING  | row=1 field=activity_nature #workTypId never populated (timeout 15000ms). Options present: ['Select']
2026-06-26 17:19:27 | ERROR    | FAIL | row=1 field=activity_nature | #workTypId never populated (timeout 15000ms). Options present: ['Select']
2026-06-26 17:19:28 | WARNING  | row 1 attempt 1 FAIL: [focus_area] #focusAreaId never populated (timeout 15000ms). Options present: ['Select'] | [activity_type] #activityTypeListId never populated (timeout 15000ms). Options present: ['Select'] | [pdi_indicator] Locator.wait_for: Timeout 15000ms exceeded.
Call log:
  - waiting for locator("#checkboxes")
2026-06-26 17:19:49 | WARNING  | row=1 field=focus_area #focusAreaId never populated (timeout 15000ms). Options present: ['Select']
2026-06-26 17:19:49 | ERROR    | FAIL | row=1 field=focus_area | #focusAreaId never populated (timeout 15000ms). Options present: ['Select']
2026-06-26 17:20:05 | WARNING  | row=1 field=activity_type #activityTypeListId never populated (timeout 15000ms). Options present: ['Select']
2026-06-26 17:20:05 | ERROR    | FAIL | row=1 field=activity_type | #activityTypeListId never populated (timeout 15000ms). Options present: ['Select']
2026-06-26 17:20:20 | WARNING  | row=1 field=pdi_indicator Locator.wait_for: Timeout 15000ms exceeded.
Call log:
  - waiting for locator("#checkboxes") to be visible
    33 × locator resolved to hidden <div id="checkboxes" class="checkboxes"></div>

2026-06-26 17:20:20 | ERROR    | FAIL | row=1 field=pdi_indicator | Locator.wait_for: Timeout 15000ms exceeded.
Call log:
  - waiting for locator("#checkboxes") to be visible
    33 × locator resolved to hidden <div id="checkboxes" class="checkboxes"></div>

2026-06-26 17:20:35 | WARNING  | row=1 field=targeted_populace Locator.wait_for: Timeout 15000ms exceeded.
Call log:
  - waiting for locator("#checkboxess") to be visible
    33 × locator resolved to hidden <div id="checkboxess" class="checkboxes">…</div>

2026-06-26 17:20:35 | ERROR    | FAIL | row=1 field=targeted_populace | Locator.wait_for: Timeout 15000ms exceeded.
Call log:
  - waiting for locator("#checkboxess") to be visible
    33 × locator resolved to hidden <div id="checkboxess" class="checkboxes">…</div>

2026-06-26 17:20:50 | WARNING  | row=1 field=activity_nature #workTypId never populated (timeout 15000ms). Options present: ['Select']
2026-06-26 17:20:51 | ERROR    | FAIL | row=1 field=activity_nature | #workTypId never populated (timeout 15000ms). Options present: ['Select']
2026-06-26 17:20:52 | WARNING  | row 1 attempt 2 FAIL: [focus_area] #focusAreaId never populated (timeout 15000ms). Options present: ['Select'] | [activity_type] #activityTypeListId never populated (timeout 15000ms). Options present: ['Select'] | [pdi_indicator] Locator.wait_for: Timeout 15000ms exceeded.
Call log:
  - waiting for locator("#checkboxes")
2026-06-26 17:21:14 | WARNING  | row=1 field=focus_area #focusAreaId never populated (timeout 15000ms). Options present: ['Select']
2026-06-26 17:21:14 | ERROR    | FAIL | row=1 field=focus_area | #focusAreaId never populated (timeout 15000ms). Options present: ['Select']
2026-06-26 17:21:29 | WARNING  | row=1 field=activity_type #activityTypeListId never populated (timeout 15000ms). Options present: ['Select']
2026-06-26 17:21:30 | ERROR    | FAIL | row=1 field=activity_type | #activityTypeListId never populated (timeout 15000ms). Options present: ['Select']
2026-06-26 17:21:45 | WARNING  | row=1 field=pdi_indicator Locator.wait_for: Timeout 15000ms exceeded.
Call log:
  - waiting for locator("#checkboxes") to be visible
    33 × locator resolved to hidden <div id="checkboxes" class="checkboxes"></div>

2026-06-26 17:21:45 | ERROR    | FAIL | row=1 field=pdi_indicator | Locator.wait_for: Timeout 15000ms exceeded.
Call log:
  - waiting for locator("#checkboxes") to be visible
    33 × locator resolved to hidden <div id="checkboxes" class="checkboxes"></div>

2026-06-26 17:22:00 | WARNING  | row=1 field=targeted_populace Locator.wait_for: Timeout 15000ms exceeded.
Call log:
  - waiting for locator("#checkboxess") to be visible
    33 × locator resolved to hidden <div id="checkboxess" class="checkboxes">…</div>

2026-06-26 17:22:00 | ERROR    | FAIL | row=1 field=targeted_populace | Locator.wait_for: Timeout 15000ms exceeded.
Call log:
  - waiting for locator("#checkboxess") to be visible
    33 × locator resolved to hidden <div id="checkboxess" class="checkboxes">…</div>

2026-06-26 17:22:15 | WARNING  | row=1 field=activity_nature #workTypId never populated (timeout 15000ms). Options present: ['Select']
2026-06-26 17:22:16 | ERROR    | FAIL | row=1 field=activity_nature | #workTypId never populated (timeout 15000ms). Options present: ['Select']
2026-06-26 17:22:17 | WARNING  | row 1 attempt 3 FAIL: [focus_area] #focusAreaId never populated (timeout 15000ms). Options present: ['Select'] | [activity_type] #activityTypeListId never populated (timeout 15000ms). Options present: ['Select'] | [pdi_indicator] Locator.wait_for: Timeout 15000ms exceeded.
Call log:
  - waiting for locator("#checkboxes")
2026-06-26 17:22:17 | ERROR    | row 1 FAILED after all retries
2026-06-26 17:22:17 | INFO     | ── row 2 | Awareness for active participation in Gram Sabha, Ward Sabha
2026-06-26 17:22:37 | WARNING  | row=2 field=focus_area #focusAreaId never populated (timeout 15000ms). Options present: ['Select']
2026-06-26 17:22:37 | ERROR    | FAIL | row=2 field=focus_area | #focusAreaId never populated (timeout 15000ms). Options present: ['Select']
2026-06-26 17:22:52 | WARNING  | row=2 field=activity_type #activityTypeListId never populated (timeout 15000ms). Options present: ['Select']
2026-06-26 17:22:52 | ERROR    | FAIL | row=2 field=activity_type | #activityTypeListId never populated (timeout 15000ms). Options present: ['Select']
2026-06-26 17:23:07 | WARNING  | row=2 field=pdi_indicator Locator.wait_for: Timeout 15000ms exceeded.
Call log:
  - waiting for locator("#checkboxes") to be visible
    33 × locator resolved to hidden <div id="checkboxes" class="checkboxes"></div>

2026-06-26 17:23:08 | ERROR    | FAIL | row=2 field=pdi_indicator | Locator.wait_for: Timeout 15000ms exceeded.
Call log:
  - waiting for locator("#checkboxes") to be visible
    33 × locator resolved to hidden <div id="checkboxes" class="checkboxes"></div>

2026-06-26 17:23:23 | WARNING  | row=2 field=targeted_populace Locator.wait_for: Timeout 15000ms exceeded.
Call log:
  - waiting for locator("#checkboxess") to be visible
    33 × locator resolved to hidden <div id="checkboxess" class="checkboxes">…</div>

2026-06-26 17:23:23 | ERROR    | FAIL | row=2 field=targeted_populace | Locator.wait_for: Timeout 15000ms exceeded.
Call log:
  - waiting for locator("#checkboxess") to be visible
    33 × locator resolved to hidden <div id="checkboxess" class="checkboxes">…</div>

2026-06-26 17:23:38 | WARNING  | row=2 field=activity_nature #workTypId never populated (timeout 15000ms). Options present: ['Select']
2026-06-26 17:23:38 | ERROR    | FAIL | row=2 field=activity_nature | #workTypId never populated (timeout 15000ms). Options present: ['Select']
2026-06-26 17:23:39 | WARNING  | row 2 attempt 1 FAIL: [focus_area] #focusAreaId never populated (timeout 15000ms). Options present: ['Select'] | [activity_type] #activityTypeListId never populated (timeout 15000ms). Options present: ['Select'] | [pdi_indicator] Locator.wait_for: Timeout 15000ms exceeded.
Call log:
  - waiting for locator("#checkboxes")
2026-06-26 17:24:01 | WARNING  | row=2 field=focus_area #focusAreaId never populated (timeout 15000ms). Options present: ['Select']
2026-06-26 17:24:01 | ERROR    | FAIL | row=2 field=focus_area | #focusAreaId never populated (timeout 15000ms). Options present: ['Select']
2026-06-29 14:08:07 | INFO     | ============================================================
2026-06-29 14:08:07 | INFO     | eGramSwaraj Bot START (v5)
2026-06-29 14:08:07 | INFO     | ============================================================
2026-06-29 14:08:07 | INFO     | rows: total=15 done=0 pending=15
2026-06-29 14:08:11 | INFO     | Waiting for manual login → addactivity.htm ...
2026-06-29 14:09:11 | INFO     | Form ready at: https://egramswaraj.gov.in/addactivity.htm
2026-06-29 14:09:17 | INFO     | ── row 0 | Activities realted to Record keeping /Maintainance of data b
2026-06-29 14:09:21 | WARNING  | row=0 field=focus_area 'Focus Area 1' not found in #focusAreaId. Available (1): ['Maintenance of community system']
2026-06-29 14:09:21 | ERROR    | FAIL | row=0 field=focus_area | 'Focus Area 1' not found in #focusAreaId. Available (1): ['Maintenance of community system']
2026-06-29 14:09:21 | WARNING  | row=0 field=activity_type 'Public' not found in #activityTypeListId. Available (1): ['Community Works']
2026-06-29 14:09:21 | ERROR    | FAIL | row=0 field=activity_type | 'Public' not found in #activityTypeListId. Available (1): ['Community Works']
2026-06-29 14:09:36 | WARNING  | row=0 field=targeted_populace Locator.wait_for: Timeout 15000ms exceeded.
Call log:
  - waiting for locator("#checkboxess") to be visible
    33 × locator resolved to hidden <div id="checkboxess" class="checkboxes">…</div>

2026-06-29 14:09:36 | ERROR    | FAIL | row=0 field=targeted_populace | Locator.wait_for: Timeout 15000ms exceeded.
Call log:
  - waiting for locator("#checkboxess") to be visible
    33 × locator resolved to hidden <div id="checkboxess" class="checkboxes">…</div>

2026-06-29 14:09:37 | WARNING  | row 0 attempt 1 FAIL: [focus_area] 'Focus Area 1' not found in #focusAreaId. Available (1): ['Maintenance of community system'] | [activity_type] 'Public' not found in #activityTypeListId. Available (1): ['Community Works'] | [targeted_populace] Locator.wait_for: Timeout 15000ms exceeded.
Call log:
  - waiting for locato
2026-06-29 14:09:43 | WARNING  | row=0 field=focus_area 'Focus Area 1' not found in #focusAreaId. Available (1): ['Maintenance of community system']
2026-06-29 14:09:43 | ERROR    | FAIL | row=0 field=focus_area | 'Focus Area 1' not found in #focusAreaId. Available (1): ['Maintenance of community system']
2026-06-29 14:09:43 | WARNING  | row=0 field=activity_type 'Public' not found in #activityTypeListId. Available (1): ['Community Works']
2026-06-29 14:09:44 | ERROR    | FAIL | row=0 field=activity_type | 'Public' not found in #activityTypeListId. Available (1): ['Community Works']
2026-06-29 14:09:59 | WARNING  | row=0 field=targeted_populace Locator.wait_for: Timeout 15000ms exceeded.
Call log:
  - waiting for locator("#checkboxess") to be visible
    33 × locator resolved to hidden <div id="checkboxess" class="checkboxes">…</div>

2026-06-29 14:09:59 | ERROR    | FAIL | row=0 field=targeted_populace | Locator.wait_for: Timeout 15000ms exceeded.
Call log:
  - waiting for locator("#checkboxess") to be visible
    33 × locator resolved to hidden <div id="checkboxess" class="checkboxes">…</div>

2026-06-29 14:10:00 | WARNING  | row 0 attempt 2 FAIL: [focus_area] 'Focus Area 1' not found in #focusAreaId. Available (1): ['Maintenance of community system'] | [activity_type] 'Public' not found in #activityTypeListId. Available (1): ['Community Works'] | [targeted_populace] Locator.wait_for: Timeout 15000ms exceeded.
Call log:
  - waiting for locato
2026-06-29 14:10:06 | WARNING  | row=0 field=focus_area 'Focus Area 1' not found in #focusAreaId. Available (1): ['Maintenance of community system']
2026-06-29 14:10:06 | ERROR    | FAIL | row=0 field=focus_area | 'Focus Area 1' not found in #focusAreaId. Available (1): ['Maintenance of community system']
2026-06-29 14:10:06 | WARNING  | row=0 field=activity_type 'Public' not found in #activityTypeListId. Available (1): ['Community Works']
2026-06-29 14:10:06 | ERROR    | FAIL | row=0 field=activity_type | 'Public' not found in #activityTypeListId. Available (1): ['Community Works']
2026-06-29 14:10:22 | WARNING  | row=0 field=targeted_populace Locator.wait_for: Timeout 15000ms exceeded.
Call log:
  - waiting for locator("#checkboxess") to be visible
    33 × locator resolved to hidden <div id="checkboxess" class="checkboxes">…</div>

2026-06-29 14:10:22 | ERROR    | FAIL | row=0 field=targeted_populace | Locator.wait_for: Timeout 15000ms exceeded.
Call log:
  - waiting for locator("#checkboxess") to be visible
    33 × locator resolved to hidden <div id="checkboxess" class="checkboxes">…</div>

2026-06-29 14:10:23 | WARNING  | row 0 attempt 3 FAIL: [focus_area] 'Focus Area 1' not found in #focusAreaId. Available (1): ['Maintenance of community system'] | [activity_type] 'Public' not found in #activityTypeListId. Available (1): ['Community Works'] | [targeted_populace] Locator.wait_for: Timeout 15000ms exceeded.
Call log:
  - waiting for locato
2026-06-29 14:10:23 | ERROR    | row 0 FAILED after all retries
2026-06-29 14:10:23 | INFO     | ── row 1 | Awareness campaign on SHG-PRI Convergence
2026-06-29 14:10:42 | WARNING  | row=1 field=focus_area #focusAreaId never populated (timeout 15000ms). Options present: ['Select']
2026-06-29 14:10:42 | ERROR    | FAIL | row=1 field=focus_area | #focusAreaId never populated (timeout 15000ms). Options present: ['Select']
2026-06-29 14:10:57 | WARNING  | row=1 field=activity_type #activityTypeListId never populated (timeout 15000ms). Options present: ['Select']
2026-06-29 14:10:58 | ERROR    | FAIL | row=1 field=activity_type | #activityTypeListId never populated (timeout 15000ms). Options present: ['Select']
2026-06-29 14:11:13 | WARNING  | row=1 field=pdi_indicator Locator.wait_for: Timeout 15000ms exceeded.
Call log:
  - waiting for locator("#checkboxes") to be visible
    33 × locator resolved to hidden <div id="checkboxes" class="checkboxes"></div>

2026-06-29 14:11:13 | ERROR    | FAIL | row=1 field=pdi_indicator | Locator.wait_for: Timeout 15000ms exceeded.
Call log:
  - waiting for locator("#checkboxes") to be visible
    33 × locator resolved to hidden <div id="checkboxes" class="checkboxes"></div>

2026-06-29 14:11:28 | WARNING  | row=1 field=targeted_populace Locator.wait_for: Timeout 15000ms exceeded.
Call log:
  - waiting for locator("#checkboxess") to be visible
    33 × locator resolved to hidden <div id="checkboxess" class="checkboxes">…</div>

2026-06-29 14:11:28 | ERROR    | FAIL | row=1 field=targeted_populace | Locator.wait_for: Timeout 15000ms exceeded.
Call log:
  - waiting for locator("#checkboxess") to be visible
    33 × locator resolved to hidden <div id="checkboxess" class="checkboxes">…</div>

2026-06-29 14:11:43 | WARNING  | row=1 field=activity_nature #workTypId never populated (timeout 15000ms). Options present: ['Select']
2026-06-29 14:11:43 | ERROR    | FAIL | row=1 field=activity_nature | #workTypId never populated (timeout 15000ms). Options present: ['Select']
2026-06-29 14:11:44 | WARNING  | row 1 attempt 1 FAIL: [focus_area] #focusAreaId never populated (timeout 15000ms). Options present: ['Select'] | [activity_type] #activityTypeListId never populated (timeout 15000ms). Options present: ['Select'] | [pdi_indicator] Locator.wait_for: Timeout 15000ms exceeded.
Call log:
  - waiting for locator("#checkboxes")
2026-06-29 14:12:06 | WARNING  | row=1 field=focus_area #focusAreaId never populated (timeout 15000ms). Options present: ['Select']
2026-06-29 14:12:06 | ERROR    | FAIL | row=1 field=focus_area | #focusAreaId never populated (timeout 15000ms). Options present: ['Select']
2026-06-29 14:12:22 | WARNING  | row=1 field=activity_type #activityTypeListId never populated (timeout 15000ms). Options present: ['Select']
2026-06-29 14:12:22 | ERROR    | FAIL | row=1 field=activity_type | #activityTypeListId never populated (timeout 15000ms). Options present: ['Select']
2026-06-29 14:12:37 | WARNING  | row=1 field=pdi_indicator Locator.wait_for: Timeout 15000ms exceeded.
Call log:
  - waiting for locator("#checkboxes") to be visible
    33 × locator resolved to hidden <div id="checkboxes" class="checkboxes"></div>

2026-06-29 14:12:37 | ERROR    | FAIL | row=1 field=pdi_indicator | Locator.wait_for: Timeout 15000ms exceeded.
Call log:
  - waiting for locator("#checkboxes") to be visible
    33 × locator resolved to hidden <div id="checkboxes" class="checkboxes"></div>

2026-06-29 14:12:52 | WARNING  | row=1 field=targeted_populace Locator.wait_for: Timeout 15000ms exceeded.
Call log:
  - waiting for locator("#checkboxess") to be visible
    33 × locator resolved to hidden <div id="checkboxess" class="checkboxes">…</div>

2026-06-29 14:12:52 | ERROR    | FAIL | row=1 field=targeted_populace | Locator.wait_for: Timeout 15000ms exceeded.
Call log:
  - waiting for locator("#checkboxess") to be visible
    33 × locator resolved to hidden <div id="checkboxess" class="checkboxes">…</div>

2026-06-29 14:13:07 | WARNING  | row=1 field=activity_nature #workTypId never populated (timeout 15000ms). Options present: ['Select']
2026-06-29 14:13:08 | ERROR    | FAIL | row=1 field=activity_nature | #workTypId never populated (timeout 15000ms). Options present: ['Select']
2026-06-29 14:13:09 | WARNING  | row 1 attempt 2 FAIL: [focus_area] #focusAreaId never populated (timeout 15000ms). Options present: ['Select'] | [activity_type] #activityTypeListId never populated (timeout 15000ms). Options present: ['Select'] | [pdi_indicator] Locator.wait_for: Timeout 15000ms exceeded.
Call log:
  - waiting for locator("#checkboxes")
2026-06-29 14:13:31 | WARNING  | row=1 field=focus_area #focusAreaId never populated (timeout 15000ms). Options present: ['Select']
2026-06-29 14:13:31 | ERROR    | FAIL | row=1 field=focus_area | #focusAreaId never populated (timeout 15000ms). Options present: ['Select']
2026-06-29 14:13:46 | WARNING  | row=1 field=activity_type #activityTypeListId never populated (timeout 15000ms). Options present: ['Select']
2026-06-29 14:13:47 | ERROR    | FAIL | row=1 field=activity_type | #activityTypeListId never populated (timeout 15000ms). Options present: ['Select']
2026-06-29 14:14:02 | WARNING  | row=1 field=pdi_indicator Locator.wait_for: Timeout 15000ms exceeded.
Call log:
  - waiting for locator("#checkboxes") to be visible
    33 × locator resolved to hidden <div id="checkboxes" class="checkboxes"></div>

2026-06-29 14:14:02 | ERROR    | FAIL | row=1 field=pdi_indicator | Locator.wait_for: Timeout 15000ms exceeded.
Call log:
  - waiting for locator("#checkboxes") to be visible
    33 × locator resolved to hidden <div id="checkboxes" class="checkboxes"></div>

2026-06-29 14:14:17 | WARNING  | row=1 field=targeted_populace Locator.wait_for: Timeout 15000ms exceeded.
Call log:
  - waiting for locator("#checkboxess") to be visible
    33 × locator resolved to hidden <div id="checkboxess" class="checkboxes">…</div>

2026-06-29 14:14:17 | ERROR    | FAIL | row=1 field=targeted_populace | Locator.wait_for: Timeout 15000ms exceeded.
Call log:
  - waiting for locator("#checkboxess") to be visible
    33 × locator resolved to hidden <div id="checkboxess" class="checkboxes">…</div>

2026-06-29 14:14:32 | WARNING  | row=1 field=activity_nature #workTypId never populated (timeout 15000ms). Options present: ['Select']
2026-06-29 14:14:32 | ERROR    | FAIL | row=1 field=activity_nature | #workTypId never populated (timeout 15000ms). Options present: ['Select']
2026-06-29 14:14:34 | WARNING  | row 1 attempt 3 FAIL: [focus_area] #focusAreaId never populated (timeout 15000ms). Options present: ['Select'] | [activity_type] #activityTypeListId never populated (timeout 15000ms). Options present: ['Select'] | [pdi_indicator] Locator.wait_for: Timeout 15000ms exceeded.
Call log:
  - waiting for locator("#checkboxes")
2026-06-29 14:14:34 | ERROR    | row 1 FAILED after all retries
2026-06-29 14:14:34 | INFO     | ── row 2 | Awareness for active participation in Gram Sabha, Ward Sabha
2026-06-29 14:14:53 | WARNING  | row=2 field=focus_area #focusAreaId never populated (timeout 15000ms). Options present: ['Select']
2026-06-29 14:14:54 | ERROR    | FAIL | row=2 field=focus_area | #focusAreaId never populated (timeout 15000ms). Options present: ['Select']
2026-06-29 14:15:09 | WARNING  | row=2 field=activity_type #activityTypeListId never populated (timeout 15000ms). Options present: ['Select']
2026-06-29 14:15:09 | ERROR    | FAIL | row=2 field=activity_type | #activityTypeListId never populated (timeout 15000ms). Options present: ['Select']
2026-06-29 14:15:24 | WARNING  | row=2 field=pdi_indicator Locator.wait_for: Timeout 15000ms exceeded.
Call log:
  - waiting for locator("#checkboxes") to be visible
    33 × locator resolved to hidden <div id="checkboxes" class="checkboxes"></div>

2026-06-29 14:15:24 | ERROR    | FAIL | row=2 field=pdi_indicator | Locator.wait_for: Timeout 15000ms exceeded.
Call log:
  - waiting for locator("#checkboxes") to be visible
    33 × locator resolved to hidden <div id="checkboxes" class="checkboxes"></div>

2026-06-29 14:15:39 | WARNING  | row=2 field=targeted_populace Locator.wait_for: Timeout 15000ms exceeded.
Call log:
  - waiting for locator("#checkboxess") to be visible
    33 × locator resolved to hidden <div id="checkboxess" class="checkboxes">…</div>

2026-06-29 14:15:39 | ERROR    | FAIL | row=2 field=targeted_populace | Locator.wait_for: Timeout 15000ms exceeded.
Call log:
  - waiting for locator("#checkboxess") to be visible
    33 × locator resolved to hidden <div id="checkboxess" class="checkboxes">…</div>

2026-06-29 14:15:55 | WARNING  | row=2 field=activity_nature #workTypId never populated (timeout 15000ms). Options present: ['Select']
2026-06-29 14:15:55 | ERROR    | FAIL | row=2 field=activity_nature | #workTypId never populated (timeout 15000ms). Options present: ['Select']
2026-06-29 14:15:56 | WARNING  | row 2 attempt 1 FAIL: [focus_area] #focusAreaId never populated (timeout 15000ms). Options present: ['Select'] | [activity_type] #activityTypeListId never populated (timeout 15000ms). Options present: ['Select'] | [pdi_indicator] Locator.wait_for: Timeout 15000ms exceeded.
Call log:
  - waiting for locator("#checkboxes")
2026-06-29 14:16:14 | WARNING  | row=2 field=focus_area 'Focus Area 3' not found in #focusAreaId. Available (1): ['Land improvement']
2026-06-29 14:16:14 | ERROR    | FAIL | row=2 field=focus_area | 'Focus Area 3' not found in #focusAreaId. Available (1): ['Land improvement']
2026-06-29 14:16:14 | WARNING  | row=2 field=activity_type 'Public' not found in #activityTypeListId. Available (1): ['Beneficiary Oriented Programmes']
2026-06-29 14:16:14 | ERROR    | FAIL | row=2 field=activity_type | 'Public' not found in #activityTypeListId. Available (1): ['Beneficiary Oriented Programmes']
2026-06-29 14:16:29 | WARNING  | row=2 field=targeted_populace Locator.wait_for: Timeout 15000ms exceeded.
Call log:
  - waiting for locator("#checkboxess") to be visible
    33 × locator resolved to hidden <div id="checkboxess" class="checkboxes">…</div>

2026-06-29 14:16:29 | ERROR    | FAIL | row=2 field=targeted_populace | Locator.wait_for: Timeout 15000ms exceeded.
Call log:
  - waiting for locator("#checkboxess") to be visible
    33 × locator resolved to hidden <div id="checkboxess" class="checkboxes">…</div>

2026-06-29 14:16:30 | WARNING  | row 2 attempt 2 FAIL: [focus_area] 'Focus Area 3' not found in #focusAreaId. Available (1): ['Land improvement'] | [activity_type] 'Public' not found in #activityTypeListId. Available (1): ['Beneficiary Oriented Programmes'] | [targeted_populace] Locator.wait_for: Timeout 15000ms exceeded.
Call log:
  - waiting for locat
2026-06-29 14:16:43 | WARNING  | row=2 field=focus_area 'Focus Area 3' not found in #focusAreaId. Available (1): ['Health']
2026-06-29 14:16:44 | ERROR    | FAIL | row=2 field=focus_area | 'Focus Area 3' not found in #focusAreaId. Available (1): ['Health']
2026-06-29 14:16:44 | WARNING  | row=2 field=activity_type 'Public' not found in #activityTypeListId. Available (1): ['Beneficiary Oriented Programmes']
2026-06-29 14:16:44 | ERROR    | FAIL | row=2 field=activity_type | 'Public' not found in #activityTypeListId. Available (1): ['Beneficiary Oriented Programmes']
2026-06-29 14:16:59 | WARNING  | row=2 field=targeted_populace Locator.wait_for: Timeout 15000ms exceeded.
Call log:
  - waiting for locator("#checkboxess") to be visible
    33 × locator resolved to hidden <div id="checkboxess" class="checkboxes">…</div>

2026-06-29 14:16:59 | ERROR    | FAIL | row=2 field=targeted_populace | Locator.wait_for: Timeout 15000ms exceeded.
Call log:
  - waiting for locator("#checkboxess") to be visible
    33 × locator resolved to hidden <div id="checkboxess" class="checkboxes">…</div>

2026-06-29 14:16:59 | WARNING  | row 2 attempt 3 FAIL: [focus_area] 'Focus Area 3' not found in #focusAreaId. Available (1): ['Health'] | [activity_type] 'Public' not found in #activityTypeListId. Available (1): ['Beneficiary Oriented Programmes'] | [targeted_populace] Locator.wait_for: Timeout 15000ms exceeded.
Call log:
  - waiting for locator("#check
2026-06-29 14:17:00 | ERROR    | row 2 FAILED after all retries
2026-06-29 14:17:00 | INFO     | ── row 3 | Awareness on Public Services/ Service Delivery Provisions/ R
2026-06-29 14:17:04 | WARNING  | row=3 field=focus_area 'Focus Area 4' not found in #focusAreaId. Available (1): ['Social welfare']
2026-06-29 14:17:04 | ERROR    | FAIL | row=3 field=focus_area | 'Focus Area 4' not found in #focusAreaId. Available (1): ['Social welfare']
2026-06-29 14:17:04 | WARNING  | row=3 field=activity_type 'Public' not found in #activityTypeListId. Available (1): ['Community Works']
2026-06-29 14:17:04 | ERROR    | FAIL | row=3 field=activity_type | 'Public' not found in #activityTypeListId. Available (1): ['Community Works']
2026-06-29 14:17:19 | WARNING  | row=3 field=targeted_populace Locator.wait_for: Timeout 15000ms exceeded.
Call log:
  - waiting for locator("#checkboxess") to be visible
    33 × locator resolved to hidden <div id="checkboxess" class="checkboxes">…</div>

2026-06-29 14:17:19 | ERROR    | FAIL | row=3 field=targeted_populace | Locator.wait_for: Timeout 15000ms exceeded.
Call log:
  - waiting for locator("#checkboxess") to be visible
    33 × locator resolved to hidden <div id="checkboxess" class="checkboxes">…</div>

2026-06-29 14:17:19 | WARNING  | row=3 field=activity_nature 'Maintenance' not found in #workTypId. Available (1): ['New/Fresh']
2026-06-29 14:17:20 | ERROR    | FAIL | row=3 field=activity_nature | 'Maintenance' not found in #workTypId. Available (1): ['New/Fresh']
2026-06-29 14:17:20 | WARNING  | row 3 attempt 1 FAIL: [focus_area] 'Focus Area 4' not found in #focusAreaId. Available (1): ['Social welfare'] | [activity_type] 'Public' not found in #activityTypeListId. Available (1): ['Community Works'] | [targeted_populace] Locator.wait_for: Timeout 15000ms exceeded.
Call log:
  - waiting for locator("#checkboxess")
2026-06-29 14:17:26 | WARNING  | row=3 field=focus_area 'Focus Area 4' not found in #focusAreaId. Available (1): ['Social welfare']
2026-06-29 14:17:26 | ERROR    | FAIL | row=3 field=focus_area | 'Focus Area 4' not found in #focusAreaId. Available (1): ['Social welfare']
2026-06-29 14:17:26 | WARNING  | row=3 field=activity_type 'Public' not found in #activityTypeListId. Available (1): ['Community Works']
2026-06-29 14:17:26 | ERROR    | FAIL | row=3 field=activity_type | 'Public' not found in #activityTypeListId. Available (1): ['Community Works']
2026-06-29 14:17:41 | WARNING  | row=3 field=targeted_populace Locator.wait_for: Timeout 15000ms exceeded.
Call log:
  - waiting for locator("#checkboxess") to be visible
    33 × locator resolved to hidden <div id="checkboxess" class="checkboxes">…</div>

2026-06-29 14:17:42 | ERROR    | FAIL | row=3 field=targeted_populace | Locator.wait_for: Timeout 15000ms exceeded.
Call log:
  - waiting for locator("#checkboxess") to be visible
    33 × locator resolved to hidden <div id="checkboxess" class="checkboxes">…</div>

2026-06-29 14:17:42 | WARNING  | row=3 field=activity_nature 'Maintenance' not found in #workTypId. Available (1): ['New/Fresh']
2026-06-29 14:17:42 | ERROR    | FAIL | row=3 field=activity_nature | 'Maintenance' not found in #workTypId. Available (1): ['New/Fresh']
2026-06-29 14:17:42 | WARNING  | row 3 attempt 2 FAIL: [focus_area] 'Focus Area 4' not found in #focusAreaId. Available (1): ['Social welfare'] | [activity_type] 'Public' not found in #activityTypeListId. Available (1): ['Community Works'] | [targeted_populace] Locator.wait_for: Timeout 15000ms exceeded.
Call log:
  - waiting for locator("#checkboxess")
2026-06-29 14:17:49 | WARNING  | row=3 field=focus_area 'Focus Area 4' not found in #focusAreaId. Available (1): ['Social welfare']
2026-06-29 14:17:49 | ERROR    | FAIL | row=3 field=focus_area | 'Focus Area 4' not found in #focusAreaId. Available (1): ['Social welfare']
2026-06-29 14:17:49 | WARNING  | row=3 field=activity_type 'Public' not found in #activityTypeListId. Available (1): ['Community Works']
2026-06-29 14:17:49 | ERROR    | FAIL | row=3 field=activity_type | 'Public' not found in #activityTypeListId. Available (1): ['Community Works']
2026-06-29 14:18:04 | WARNING  | row=3 field=targeted_populace Locator.wait_for: Timeout 15000ms exceeded.
Call log:
  - waiting for locator("#checkboxess") to be visible
    33 × locator resolved to hidden <div id="checkboxess" class="checkboxes">…</div>

2026-06-29 14:18:04 | ERROR    | FAIL | row=3 field=targeted_populace | Locator.wait_for: Timeout 15000ms exceeded.
Call log:
  - waiting for locator("#checkboxess") to be visible
    33 × locator resolved to hidden <div id="checkboxess" class="checkboxes">…</div>

2026-06-29 14:18:04 | WARNING  | row=3 field=activity_nature 'Maintenance' not found in #workTypId. Available (1): ['New/Fresh']
2026-06-29 14:18:04 | ERROR    | FAIL | row=3 field=activity_nature | 'Maintenance' not found in #workTypId. Available (1): ['New/Fresh']
2026-06-29 14:18:05 | WARNING  | row 3 attempt 3 FAIL: [focus_area] 'Focus Area 4' not found in #focusAreaId. Available (1): ['Social welfare'] | [activity_type] 'Public' not found in #activityTypeListId. Available (1): ['Community Works'] | [targeted_populace] Locator.wait_for: Timeout 15000ms exceeded.
Call log:
  - waiting for locator("#checkboxess")
2026-06-29 14:18:05 | ERROR    | row 3 FAILED after all retries
2026-06-29 14:18:05 | INFO     | ── row 4 | Awareness on disaster preparedness and mitigation
2026-06-29 14:18:24 | WARNING  | row=4 field=focus_area #focusAreaId never populated (timeout 15000ms). Options present: ['Select']
2026-06-29 14:18:24 | ERROR    | FAIL | row=4 field=focus_area | #focusAreaId never populated (timeout 15000ms). Options present: ['Select']
2026-06-29 14:18:39 | WARNING  | row=4 field=activity_type #activityTypeListId never populated (timeout 15000ms). Options present: ['Select']
2026-06-29 14:18:40 | ERROR    | FAIL | row=4 field=activity_type | #activityTypeListId never populated (timeout 15000ms). Options present: ['Select']
2026-06-29 14:18:55 | WARNING  | row=4 field=pdi_indicator Locator.wait_for: Timeout 15000ms exceeded.
Call log:
  - waiting for locator("#checkboxes") to be visible
    33 × locator resolved to hidden <div id="checkboxes" class="checkboxes"></div>

2026-06-29 14:18:55 | ERROR    | FAIL | row=4 field=pdi_indicator | Locator.wait_for: Timeout 15000ms exceeded.
Call log:
  - waiting for locator("#checkboxes") to be visible
    33 × locator resolved to hidden <div id="checkboxes" class="checkboxes"></div>

2026-06-29 14:19:10 | WARNING  | row=4 field=targeted_populace Locator.wait_for: Timeout 15000ms exceeded.
Call log:
  - waiting for locator("#checkboxess") to be visible
    33 × locator resolved to hidden <div id="checkboxess" class="checkboxes">…</div>

2026-06-29 14:19:10 | ERROR    | FAIL | row=4 field=targeted_populace | Locator.wait_for: Timeout 15000ms exceeded.
Call log:
  - waiting for locator("#checkboxess") to be visible
    33 × locator resolved to hidden <div id="checkboxess" class="checkboxes">…</div>

2026-06-29 14:19:25 | WARNING  | row=4 field=activity_nature #workTypId never populated (timeout 15000ms). Options present: ['Select']
2026-06-29 14:19:25 | ERROR    | FAIL | row=4 field=activity_nature | #workTypId never populated (timeout 15000ms). Options present: ['Select']
2026-06-29 14:19:26 | WARNING  | row 4 attempt 1 FAIL: [focus_area] #focusAreaId never populated (timeout 15000ms). Options present: ['Select'] | [activity_type] #activityTypeListId never populated (timeout 15000ms). Options present: ['Select'] | [pdi_indicator] Locator.wait_for: Timeout 15000ms exceeded.
Call log:
  - waiting for locator("#checkboxes")
2026-06-29 14:19:48 | WARNING  | row=4 field=focus_area #focusAreaId never populated (timeout 15000ms). Options present: ['Select']
2026-06-29 14:19:48 | ERROR    | FAIL | row=4 field=focus_area | #focusAreaId never populated (timeout 15000ms). Options present: ['Select']
2026-06-29 14:20:03 | WARNING  | row=4 field=activity_type #activityTypeListId never populated (timeout 15000ms). Options present: ['Select']
2026-06-29 14:20:04 | ERROR    | FAIL | row=4 field=activity_type | #activityTypeListId never populated (timeout 15000ms). Options present: ['Select']
2026-06-29 14:20:19 | WARNING  | row=4 field=pdi_indicator Locator.wait_for: Timeout 15000ms exceeded.
Call log:
  - waiting for locator("#checkboxes") to be visible
    33 × locator resolved to hidden <div id="checkboxes" class="checkboxes"></div>

2026-06-29 14:20:19 | ERROR    | FAIL | row=4 field=pdi_indicator | Locator.wait_for: Timeout 15000ms exceeded.
Call log:
  - waiting for locator("#checkboxes") to be visible
    33 × locator resolved to hidden <div id="checkboxes" class="checkboxes"></div>

2026-06-29 14:20:34 | WARNING  | row=4 field=targeted_populace Locator.wait_for: Timeout 15000ms exceeded.
Call log:
  - waiting for locator("#checkboxess") to be visible
    33 × locator resolved to hidden <div id="checkboxess" class="checkboxes">…</div>

2026-06-29 14:20:34 | ERROR    | FAIL | row=4 field=targeted_populace | Locator.wait_for: Timeout 15000ms exceeded.
Call log:
  - waiting for locator("#checkboxess") to be visible
    33 × locator resolved to hidden <div id="checkboxess" class="checkboxes">…</div>

2026-06-29 14:20:49 | WARNING  | row=4 field=activity_nature #workTypId never populated (timeout 15000ms). Options present: ['Select']
2026-06-29 14:20:50 | ERROR    | FAIL | row=4 field=activity_nature | #workTypId never populated (timeout 15000ms). Options present: ['Select']
2026-06-29 14:20:50 | WARNING  | row 4 attempt 2 FAIL: [focus_area] #focusAreaId never populated (timeout 15000ms). Options present: ['Select'] | [activity_type] #activityTypeListId never populated (timeout 15000ms). Options present: ['Select'] | [pdi_indicator] Locator.wait_for: Timeout 15000ms exceeded.
Call log:
  - waiting for locator("#checkboxes")
2026-06-29 14:21:12 | WARNING  | row=4 field=focus_area #focusAreaId never populated (timeout 15000ms). Options present: ['Select']
2026-06-29 14:21:12 | ERROR    | FAIL | row=4 field=focus_area | #focusAreaId never populated (timeout 15000ms). Options present: ['Select']
2026-06-29 14:21:28 | WARNING  | row=4 field=activity_type #activityTypeListId never populated (timeout 15000ms). Options present: ['Select']
2026-06-29 14:21:28 | ERROR    | FAIL | row=4 field=activity_type | #activityTypeListId never populated (timeout 15000ms). Options present: ['Select']
2026-06-29 14:21:43 | WARNING  | row=4 field=pdi_indicator Locator.wait_for: Timeout 15000ms exceeded.
Call log:
  - waiting for locator("#checkboxes") to be visible
    33 × locator resolved to hidden <div id="checkboxes" class="checkboxes"></div>

2026-06-29 14:21:43 | ERROR    | FAIL | row=4 field=pdi_indicator | Locator.wait_for: Timeout 15000ms exceeded.
Call log:
  - waiting for locator("#checkboxes") to be visible
    33 × locator resolved to hidden <div id="checkboxes" class="checkboxes"></div>

2026-06-29 14:21:58 | WARNING  | row=4 field=targeted_populace Locator.wait_for: Timeout 15000ms exceeded.
Call log:
  - waiting for locator("#checkboxess") to be visible
    33 × locator resolved to hidden <div id="checkboxess" class="checkboxes">…</div>

2026-06-29 14:21:58 | ERROR    | FAIL | row=4 field=targeted_populace | Locator.wait_for: Timeout 15000ms exceeded.
Call log:
  - waiting for locator("#checkboxess") to be visible
    33 × locator resolved to hidden <div id="checkboxess" class="checkboxes">…</div>

2026-06-29 14:22:13 | WARNING  | row=4 field=activity_nature #workTypId never populated (timeout 15000ms). Options present: ['Select']
2026-06-29 14:22:14 | ERROR    | FAIL | row=4 field=activity_nature | #workTypId never populated (timeout 15000ms). Options present: ['Select']
2026-06-29 14:22:14 | WARNING  | row 4 attempt 3 FAIL: [focus_area] #focusAreaId never populated (timeout 15000ms). Options present: ['Select'] | [activity_type] #activityTypeListId never populated (timeout 15000ms). Options present: ['Select'] | [pdi_indicator] Locator.wait_for: Timeout 15000ms exceeded.
Call log:
  - waiting for locator("#checkboxes")
2026-06-29 14:22:15 | ERROR    | row 4 FAILED after all retries
2026-06-29 14:22:15 | INFO     | ── row 5 | Capacity Building & Training of Elected Representatives & Fu
2026-06-29 14:22:20 | WARNING  | row=5 field=focus_area 'Focus Area 6' not found in #focusAreaId. Available (1): ['Social welfare']
2026-06-29 14:22:20 | ERROR    | FAIL | row=5 field=focus_area | 'Focus Area 6' not found in #focusAreaId. Available (1): ['Social welfare']
2026-06-29 14:22:20 | WARNING  | row=5 field=activity_type 'Public' not found in #activityTypeListId. Available (1): ['Community Works']
2026-06-29 14:22:20 | ERROR    | FAIL | row=5 field=activity_type | 'Public' not found in #activityTypeListId. Available (1): ['Community Works']
2026-06-29 14:22:36 | WARNING  | row=5 field=targeted_populace Locator.wait_for: Timeout 15000ms exceeded.
Call log:
  - waiting for locator("#checkboxess") to be visible
    33 × locator resolved to hidden <div id="checkboxess" class="checkboxes">…</div>

2026-06-29 14:22:36 | ERROR    | FAIL | row=5 field=targeted_populace | Locator.wait_for: Timeout 15000ms exceeded.
Call log:
  - waiting for locator("#checkboxess") to be visible
    33 × locator resolved to hidden <div id="checkboxess" class="checkboxes">…</div>

2026-06-29 14:22:37 | WARNING  | row 5 attempt 1 FAIL: [focus_area] 'Focus Area 6' not found in #focusAreaId. Available (1): ['Social welfare'] | [activity_type] 'Public' not found in #activityTypeListId. Available (1): ['Community Works'] | [targeted_populace] Locator.wait_for: Timeout 15000ms exceeded.
Call log:
  - waiting for locator("#checkboxess")
2026-06-29 14:22:43 | WARNING  | row=5 field=focus_area 'Focus Area 6' not found in #focusAreaId. Available (1): ['Social welfare']
2026-06-29 14:22:43 | ERROR    | FAIL | row=5 field=focus_area | 'Focus Area 6' not found in #focusAreaId. Available (1): ['Social welfare']
2026-06-29 14:22:43 | WARNING  | row=5 field=activity_type 'Public' not found in #activityTypeListId. Available (1): ['Community Works']
2026-06-29 14:22:43 | ERROR    | FAIL | row=5 field=activity_type | 'Public' not found in #activityTypeListId. Available (1): ['Community Works']
2026-06-29 14:22:59 | WARNING  | row=5 field=targeted_populace Locator.wait_for: Timeout 15000ms exceeded.
Call log:
  - waiting for locator("#checkboxess") to be visible
    33 × locator resolved to hidden <div id="checkboxess" class="checkboxes">…</div>

2026-06-29 14:22:59 | ERROR    | FAIL | row=5 field=targeted_populace | Locator.wait_for: Timeout 15000ms exceeded.
Call log:
  - waiting for locator("#checkboxess") to be visible
    33 × locator resolved to hidden <div id="checkboxess" class="checkboxes">…</div>

2026-06-29 14:22:59 | WARNING  | row 5 attempt 2 FAIL: [focus_area] 'Focus Area 6' not found in #focusAreaId. Available (1): ['Social welfare'] | [activity_type] 'Public' not found in #activityTypeListId. Available (1): ['Community Works'] | [targeted_populace] Locator.wait_for: Timeout 15000ms exceeded.
Call log:
  - waiting for locator("#checkboxess")
2026-06-29 14:42:52 | INFO     | ============================================================
2026-06-29 14:42:52 | INFO     | eGramSwaraj Bot START (v5)
2026-06-29 14:42:52 | INFO     | ============================================================
2026-06-29 14:42:52 | INFO     | rows: total=15 done=0 pending=15
2026-06-29 14:42:56 | INFO     | Waiting for manual login → addactivity.htm ...
2026-06-29 14:44:06 | INFO     | Form ready at: https://egramswaraj.gov.in/addactivity.htm
2026-06-29 14:44:15 | INFO     | ── row 0 | Activities realted to Record keeping /Maintainance of data b
2026-06-29 14:44:35 | WARNING  | row=0 field=targeted_populace Locator.wait_for: Timeout 15000ms exceeded.
Call log:
  - waiting for locator("#checkboxess") to be visible
    33 × locator resolved to hidden <div id="checkboxess" class="checkboxes">…</div>

2026-06-29 14:44:35 | ERROR    | FAIL | row=0 field=targeted_populace | Locator.wait_for: Timeout 15000ms exceeded.
Call log:
  - waiting for locator("#checkboxess") to be visible
    33 × locator resolved to hidden <div id="checkboxess" class="checkboxes">…</div>

2026-06-29 14:44:35 | WARNING  | row 0 attempt 1 FAIL: [targeted_populace] Locator.wait_for: Timeout 15000ms exceeded.
Call log:
  - waiting for locator("#checkboxess") to be visible
    33 × locator resolved to hidden <div id="checkboxess" class="checkboxes">…</div>

2026-06-29 14:44:57 | WARNING  | row=0 field=targeted_populace Locator.wait_for: Timeout 15000ms exceeded.
Call log:
  - waiting for locator("#checkboxess") to be visible
    33 × locator resolved to hidden <div id="checkboxess" class="checkboxes">…</div>

2026-06-29 14:44:57 | ERROR    | FAIL | row=0 field=targeted_populace | Locator.wait_for: Timeout 15000ms exceeded.
Call log:
  - waiting for locator("#checkboxess") to be visible
    33 × locator resolved to hidden <div id="checkboxess" class="checkboxes">…</div>

2026-06-29 14:44:57 | WARNING  | row 0 attempt 2 FAIL: [targeted_populace] Locator.wait_for: Timeout 15000ms exceeded.
Call log:
  - waiting for locator("#checkboxess") to be visible
    33 × locator resolved to hidden <div id="checkboxess" class="checkboxes">…</div>

2026-06-29 14:45:19 | WARNING  | row=0 field=targeted_populace Locator.wait_for: Timeout 15000ms exceeded.
Call log:
  - waiting for locator("#checkboxess") to be visible
    33 × locator resolved to hidden <div id="checkboxess" class="checkboxes">…</div>

2026-06-29 14:45:19 | ERROR    | FAIL | row=0 field=targeted_populace | Locator.wait_for: Timeout 15000ms exceeded.
Call log:
  - waiting for locator("#checkboxess") to be visible
    33 × locator resolved to hidden <div id="checkboxess" class="checkboxes">…</div>

2026-06-29 14:45:19 | WARNING  | row 0 attempt 3 FAIL: [targeted_populace] Locator.wait_for: Timeout 15000ms exceeded.
Call log:
  - waiting for locator("#checkboxess") to be visible
    33 × locator resolved to hidden <div id="checkboxess" class="checkboxes">…</div>

2026-06-29 14:45:20 | ERROR    | row 0 FAILED after all retries
2026-06-29 14:45:20 | INFO     | ── row 1 | Awareness generation for use of natural products in daily li
2026-06-29 14:45:39 | WARNING  | row=1 field=targeted_populace Locator.wait_for: Timeout 15000ms exceeded.
Call log:
  - waiting for locator("#checkboxess") to be visible
    33 × locator resolved to hidden <div id="checkboxess" class="checkboxes">…</div>

2026-06-29 14:45:39 | ERROR    | FAIL | row=1 field=targeted_populace | Locator.wait_for: Timeout 15000ms exceeded.
Call log:
  - waiting for locator("#checkboxess") to be visible
    33 × locator resolved to hidden <div id="checkboxess" class="checkboxes">…</div>

2026-06-29 14:45:40 | WARNING  | row 1 attempt 1 FAIL: [targeted_populace] Locator.wait_for: Timeout 15000ms exceeded.
Call log:
  - waiting for locator("#checkboxess") to be visible
    33 × locator resolved to hidden <div id="checkboxess" class="checkboxes">…</div>

2026-06-29 14:46:01 | WARNING  | row=1 field=targeted_populace Locator.wait_for: Timeout 15000ms exceeded.
Call log:
  - waiting for locator("#checkboxess") to be visible
    33 × locator resolved to hidden <div id="checkboxess" class="checkboxes">…</div>

2026-06-29 14:46:01 | ERROR    | FAIL | row=1 field=targeted_populace | Locator.wait_for: Timeout 15000ms exceeded.
Call log:
  - waiting for locator("#checkboxess") to be visible
    33 × locator resolved to hidden <div id="checkboxess" class="checkboxes">…</div>

2026-06-29 14:46:02 | WARNING  | row 1 attempt 2 FAIL: [targeted_populace] Locator.wait_for: Timeout 15000ms exceeded.
Call log:
  - waiting for locator("#checkboxess") to be visible
    33 × locator resolved to hidden <div id="checkboxess" class="checkboxes">…</div>

2026-06-29 14:46:23 | WARNING  | row=1 field=targeted_populace Locator.wait_for: Timeout 15000ms exceeded.
Call log:
  - waiting for locator("#checkboxess") to be visible
    33 × locator resolved to hidden <div id="checkboxess" class="checkboxes">…</div>

2026-06-29 14:46:23 | ERROR    | FAIL | row=1 field=targeted_populace | Locator.wait_for: Timeout 15000ms exceeded.
Call log:
  - waiting for locator("#checkboxess") to be visible
    33 × locator resolved to hidden <div id="checkboxess" class="checkboxes">…</div>

2026-06-29 14:46:23 | WARNING  | row 1 attempt 3 FAIL: [targeted_populace] Locator.wait_for: Timeout 15000ms exceeded.
Call log:
  - waiting for locator("#checkboxess") to be visible
    33 × locator resolved to hidden <div id="checkboxess" class="checkboxes">…</div>

2026-06-29 14:46:24 | ERROR    | row 1 FAILED after all retries
2026-06-29 14:46:24 | INFO     | ── row 2 | Awareness camp on behavioural issues of Mission LiFE
2026-06-29 14:46:43 | WARNING  | row=2 field=targeted_populace Locator.wait_for: Timeout 15000ms exceeded.
Call log:
  - waiting for locator("#checkboxess") to be visible
    33 × locator resolved to hidden <div id="checkboxess" class="checkboxes">…</div>

2026-06-29 14:46:43 | ERROR    | FAIL | row=2 field=targeted_populace | Locator.wait_for: Timeout 15000ms exceeded.
Call log:
  - waiting for locator("#checkboxess") to be visible
    33 × locator resolved to hidden <div id="checkboxess" class="checkboxes">…</div>

2026-06-29 14:46:44 | WARNING  | row 2 attempt 1 FAIL: [targeted_populace] Locator.wait_for: Timeout 15000ms exceeded.
Call log:
  - waiting for locator("#checkboxess") to be visible
    33 × locator resolved to hidden <div id="checkboxess" class="checkboxes">…</div>

2026-06-29 14:47:05 | WARNING  | row=2 field=targeted_populace Locator.wait_for: Timeout 15000ms exceeded.
Call log:
  - waiting for locator("#checkboxess") to be visible
    33 × locator resolved to hidden <div id="checkboxess" class="checkboxes">…</div>

2026-06-29 14:47:05 | ERROR    | FAIL | row=2 field=targeted_populace | Locator.wait_for: Timeout 15000ms exceeded.
Call log:
  - waiting for locator("#checkboxess") to be visible
    33 × locator resolved to hidden <div id="checkboxess" class="checkboxes">…</div>

2026-06-29 14:47:05 | WARNING  | row 2 attempt 2 FAIL: [targeted_populace] Locator.wait_for: Timeout 15000ms exceeded.
Call log:
  - waiting for locator("#checkboxess") to be visible
    33 × locator resolved to hidden <div id="checkboxess" class="checkboxes">…</div>

2026-06-29 14:47:26 | WARNING  | row=2 field=targeted_populace Locator.wait_for: Timeout 15000ms exceeded.
Call log:
  - waiting for locator("#checkboxess") to be visible
    33 × locator resolved to hidden <div id="checkboxess" class="checkboxes">…</div>

2026-06-29 14:47:27 | ERROR    | FAIL | row=2 field=targeted_populace | Locator.wait_for: Timeout 15000ms exceeded.
Call log:
  - waiting for locator("#checkboxess") to be visible
    33 × locator resolved to hidden <div id="checkboxess" class="checkboxes">…</div>

2026-06-29 14:47:27 | WARNING  | row 2 attempt 3 FAIL: [targeted_populace] Locator.wait_for: Timeout 15000ms exceeded.
Call log:
  - waiting for locator("#checkboxess") to be visible
    33 × locator resolved to hidden <div id="checkboxess" class="checkboxes">…</div>

2026-06-29 14:47:27 | ERROR    | row 2 FAILED after all retries
2026-06-29 14:47:27 | INFO     | ── row 3 | Awareness campaign on SHG-PRI Convergence
2026-06-29 14:47:46 | WARNING  | row=3 field=targeted_populace Locator.wait_for: Timeout 15000ms exceeded.
Call log:
  - waiting for locator("#checkboxess") to be visible
    33 × locator resolved to hidden <div id="checkboxess" class="checkboxes">…</div>

2026-06-29 14:47:46 | ERROR    | FAIL | row=3 field=targeted_populace | Locator.wait_for: Timeout 15000ms exceeded.
Call log:
  - waiting for locator("#checkboxess") to be visible
    33 × locator resolved to hidden <div id="checkboxess" class="checkboxes">…</div>

2026-06-29 14:47:46 | WARNING  | row=3 field=activity_nature 'Maintenance' not found in #workTypId. Available (1): ['New/Fresh']
2026-06-29 14:47:47 | ERROR    | FAIL | row=3 field=activity_nature | 'Maintenance' not found in #workTypId. Available (1): ['New/Fresh']
2026-06-29 14:47:47 | WARNING  | row 3 attempt 1 FAIL: [targeted_populace] Locator.wait_for: Timeout 15000ms exceeded.
Call log:
  - waiting for locator("#checkboxess") to be visible
    33 × locator resolved to hidden <div id="checkboxess" class="checkboxes">…</div>
 | [activity_nature] 'Maintenance' not found in #workTypId. Available (1): ['New/Fresh'
2026-06-29 14:48:09 | WARNING  | row=3 field=targeted_populace Locator.wait_for: Timeout 15000ms exceeded.
Call log:
  - waiting for locator("#checkboxess") to be visible
    33 × locator resolved to hidden <div id="checkboxess" class="checkboxes">…</div>

2026-06-29 14:48:09 | ERROR    | FAIL | row=3 field=targeted_populace | Locator.wait_for: Timeout 15000ms exceeded.
Call log:
  - waiting for locator("#checkboxess") to be visible
    33 × locator resolved to hidden <div id="checkboxess" class="checkboxes">…</div>

2026-06-29 14:48:09 | WARNING  | row=3 field=activity_nature 'Maintenance' not found in #workTypId. Available (1): ['New/Fresh']
2026-06-29 14:48:09 | ERROR    | FAIL | row=3 field=activity_nature | 'Maintenance' not found in #workTypId. Available (1): ['New/Fresh']
2026-06-29 14:48:10 | WARNING  | row 3 attempt 2 FAIL: [targeted_populace] Locator.wait_for: Timeout 15000ms exceeded.
Call log:
  - waiting for locator("#checkboxess") to be visible
    33 × locator resolved to hidden <div id="checkboxess" class="checkboxes">…</div>
 | [activity_nature] 'Maintenance' not found in #workTypId. Available (1): ['New/Fresh'
2026-06-29 14:48:31 | WARNING  | row=3 field=targeted_populace Locator.wait_for: Timeout 15000ms exceeded.
Call log:
  - waiting for locator("#checkboxess") to be visible
    33 × locator resolved to hidden <div id="checkboxess" class="checkboxes">…</div>

2026-06-29 14:48:31 | ERROR    | FAIL | row=3 field=targeted_populace | Locator.wait_for: Timeout 15000ms exceeded.
Call log:
  - waiting for locator("#checkboxess") to be visible
    33 × locator resolved to hidden <div id="checkboxess" class="checkboxes">…</div>

2026-06-29 14:48:31 | WARNING  | row=3 field=activity_nature 'Maintenance' not found in #workTypId. Available (1): ['New/Fresh']
2026-06-29 14:48:31 | ERROR    | FAIL | row=3 field=activity_nature | 'Maintenance' not found in #workTypId. Available (1): ['New/Fresh']
2026-06-29 14:48:31 | WARNING  | row 3 attempt 3 FAIL: [targeted_populace] Locator.wait_for: Timeout 15000ms exceeded.
Call log:
  - waiting for locator("#checkboxess") to be visible
    33 × locator resolved to hidden <div id="checkboxess" class="checkboxes">…</div>
 | [activity_nature] 'Maintenance' not found in #workTypId. Available (1): ['New/Fresh'
2026-06-29 14:48:32 | ERROR    | row 3 FAILED after all retries
2026-06-29 14:48:32 | INFO     | ── row 4 | Amrit Sarovar/Pond/Farm Pond
2026-06-29 14:48:50 | WARNING  | row=4 field=targeted_populace Locator.wait_for: Timeout 15000ms exceeded.
Call log:
  - waiting for locator("#checkboxess") to be visible
    33 × locator resolved to hidden <div id="checkboxess" class="checkboxes">…</div>

2026-06-29 14:48:51 | ERROR    | FAIL | row=4 field=targeted_populace | Locator.wait_for: Timeout 15000ms exceeded.
Call log:
  - waiting for locator("#checkboxess") to be visible
    33 × locator resolved to hidden <div id="checkboxess" class="checkboxes">…</div>

2026-06-29 14:48:51 | WARNING  | row 4 attempt 1 FAIL: [targeted_populace] Locator.wait_for: Timeout 15000ms exceeded.
Call log:
  - waiting for locator("#checkboxess") to be visible
    33 × locator resolved to hidden <div id="checkboxess" class="checkboxes">…</div>

2026-06-29 14:49:13 | WARNING  | row=4 field=targeted_populace Locator.wait_for: Timeout 15000ms exceeded.
Call log:
  - waiting for locator("#checkboxess") to be visible
    33 × locator resolved to hidden <div id="checkboxess" class="checkboxes">…</div>

2026-06-29 14:49:13 | ERROR    | FAIL | row=4 field=targeted_populace | Locator.wait_for: Timeout 15000ms exceeded.
Call log:
  - waiting for locator("#checkboxess") to be visible
    33 × locator resolved to hidden <div id="checkboxess" class="checkboxes">…</div>

2026-06-29 14:49:13 | WARNING  | row 4 attempt 2 FAIL: [targeted_populace] Locator.wait_for: Timeout 15000ms exceeded.
Call log:
  - waiting for locator("#checkboxess") to be visible
    33 × locator resolved to hidden <div id="checkboxess" class="checkboxes">…</div>

2026-06-29 14:49:35 | WARNING  | row=4 field=targeted_populace Locator.wait_for: Timeout 15000ms exceeded.
Call log:
  - waiting for locator("#checkboxess") to be visible
    33 × locator resolved to hidden <div id="checkboxess" class="checkboxes">…</div>

2026-06-29 14:49:35 | ERROR    | FAIL | row=4 field=targeted_populace | Locator.wait_for: Timeout 15000ms exceeded.
Call log:
  - waiting for locator("#checkboxess") to be visible
    33 × locator resolved to hidden <div id="checkboxess" class="checkboxes">…</div>

2026-06-29 14:49:36 | WARNING  | row 4 attempt 3 FAIL: [targeted_populace] Locator.wait_for: Timeout 15000ms exceeded.
Call log:
  - waiting for locator("#checkboxess") to be visible
    33 × locator resolved to hidden <div id="checkboxess" class="checkboxes">…</div>

2026-06-29 14:49:36 | ERROR    | row 4 FAILED after all retries
2026-06-29 14:49:36 | INFO     | ── row 5 | Awareness for active participation in Gram Sabha, Ward Sabha
2026-06-29 14:49:55 | WARNING  | row=5 field=targeted_populace Locator.wait_for: Timeout 15000ms exceeded.
Call log:
  - waiting for locator("#checkboxess") to be visible
    33 × locator resolved to hidden <div id="checkboxess" class="checkboxes">…</div>

2026-06-29 14:49:55 | ERROR    | FAIL | row=5 field=targeted_populace | Locator.wait_for: Timeout 15000ms exceeded.
Call log:
  - waiting for locator("#checkboxess") to be visible
    33 × locator resolved to hidden <div id="checkboxess" class="checkboxes">…</div>

2026-06-29 14:49:56 | WARNING  | row 5 attempt 1 FAIL: [targeted_populace] Locator.wait_for: Timeout 15000ms exceeded.
Call log:
  - waiting for locator("#checkboxess") to be visible
    33 × locator resolved to hidden <div id="checkboxess" class="checkboxes">…</div>

2026-06-29 14:50:17 | WARNING  | row=5 field=targeted_populace Locator.wait_for: Timeout 15000ms exceeded.
Call log:
  - waiting for locator("#checkboxess") to be visible
    33 × locator resolved to hidden <div id="checkboxess" class="checkboxes">…</div>

2026-06-29 14:50:17 | ERROR    | FAIL | row=5 field=targeted_populace | Locator.wait_for: Timeout 15000ms exceeded.
Call log:
  - waiting for locator("#checkboxess") to be visible
    33 × locator resolved to hidden <div id="checkboxess" class="checkboxes">…</div>

2026-06-29 14:50:18 | WARNING  | row 5 attempt 2 FAIL: [targeted_populace] Locator.wait_for: Timeout 15000ms exceeded.
Call log:
  - waiting for locator("#checkboxess") to be visible
    33 × locator resolved to hidden <div id="checkboxess" class="checkboxes">…</div>

2026-06-29 14:50:40 | WARNING  | row=5 field=targeted_populace Locator.wait_for: Timeout 15000ms exceeded.
Call log:
  - waiting for locator("#checkboxess") to be visible
    33 × locator resolved to hidden <div id="checkboxess" class="checkboxes">…</div>

2026-06-29 14:50:40 | ERROR    | FAIL | row=5 field=targeted_populace | Locator.wait_for: Timeout 15000ms exceeded.
Call log:
  - waiting for locator("#checkboxess") to be visible
    33 × locator resolved to hidden <div id="checkboxess" class="checkboxes">…</div>

2026-06-29 14:50:41 | WARNING  | row 5 attempt 3 FAIL: [targeted_populace] Locator.wait_for: Timeout 15000ms exceeded.
Call log:
  - waiting for locator("#checkboxess") to be visible
    33 × locator resolved to hidden <div id="checkboxess" class="checkboxes">…</div>

2026-06-29 14:50:41 | ERROR    | row 5 FAILED after all retries
2026-06-29 14:50:41 | INFO     | ── row 6 | Awareness Campaign  pension
2026-06-29 14:51:00 | WARNING  | row=6 field=targeted_populace Locator.wait_for: Timeout 15000ms exceeded.
Call log:
  - waiting for locator("#checkboxess") to be visible
    33 × locator resolved to hidden <div id="checkboxess" class="checkboxes">…</div>

2026-06-29 14:51:00 | ERROR    | FAIL | row=6 field=targeted_populace | Locator.wait_for: Timeout 15000ms exceeded.
Call log:
  - waiting for locator("#checkboxess") to be visible
    33 × locator resolved to hidden <div id="checkboxess" class="checkboxes">…</div>

2026-06-29 14:51:00 | WARNING  | row=6 field=activity_nature 'Maintenance' not found in #workTypId. Available (1): ['New/Fresh']
2026-06-29 14:51:00 | ERROR    | FAIL | row=6 field=activity_nature | 'Maintenance' not found in #workTypId. Available (1): ['New/Fresh']
2026-06-29 14:51:01 | WARNING  | row=6 field=start_month 'January' not found in #startMonthId. Available (9): ['April', 'May', 'June', 'July', 'August', 'September', 'October', 'November', 'December']
2026-06-29 14:51:01 | ERROR    | FAIL | row=6 field=start_month | 'January' not found in #startMonthId. Available (9): ['April', 'May', 'June', 'July', 'August', 'September', 'October', 'November', 'December']
2026-06-29 14:51:01 | WARNING  | row 6 attempt 1 FAIL: [targeted_populace] Locator.wait_for: Timeout 15000ms exceeded.
Call log:
  - waiting for locator("#checkboxess") to be visible
    33 × locator resolved to hidden <div id="checkboxess" class="checkboxes">…</div>
 | [activity_nature] 'Maintenance' not found in #workTypId. Available (1): ['New/Fresh'
2026-06-29 14:51:23 | WARNING  | row=6 field=targeted_populace Locator.wait_for: Timeout 15000ms exceeded.
Call log:
  - waiting for locator("#checkboxess") to be visible
    33 × locator resolved to hidden <div id="checkboxess" class="checkboxes">…</div>

2026-06-29 14:51:23 | ERROR    | FAIL | row=6 field=targeted_populace | Locator.wait_for: Timeout 15000ms exceeded.
Call log:
  - waiting for locator("#checkboxess") to be visible
    33 × locator resolved to hidden <div id="checkboxess" class="checkboxes">…</div>

2026-06-29 14:51:23 | WARNING  | row=6 field=activity_nature 'Maintenance' not found in #workTypId. Available (1): ['New/Fresh']
2026-06-29 14:51:23 | ERROR    | FAIL | row=6 field=activity_nature | 'Maintenance' not found in #workTypId. Available (1): ['New/Fresh']
2026-06-29 14:51:24 | WARNING  | row=6 field=start_month 'January' not found in #startMonthId. Available (9): ['April', 'May', 'June', 'July', 'August', 'September', 'October', 'November', 'December']
2026-06-29 14:51:24 | ERROR    | FAIL | row=6 field=start_month | 'January' not found in #startMonthId. Available (9): ['April', 'May', 'June', 'July', 'August', 'September', 'October', 'November', 'December']
2026-06-29 14:51:24 | WARNING  | row 6 attempt 2 FAIL: [targeted_populace] Locator.wait_for: Timeout 15000ms exceeded.
Call log:
  - waiting for locator("#checkboxess") to be visible
    33 × locator resolved to hidden <div id="checkboxess" class="checkboxes">…</div>
 | [activity_nature] 'Maintenance' not found in #workTypId. Available (1): ['New/Fresh'
2026-06-29 14:51:46 | WARNING  | row=6 field=targeted_populace Locator.wait_for: Timeout 15000ms exceeded.
Call log:
  - waiting for locator("#checkboxess") to be visible
    33 × locator resolved to hidden <div id="checkboxess" class="checkboxes">…</div>

2026-06-29 14:51:46 | ERROR    | FAIL | row=6 field=targeted_populace | Locator.wait_for: Timeout 15000ms exceeded.
Call log:
  - waiting for locator("#checkboxess") to be visible
    33 × locator resolved to hidden <div id="checkboxess" class="checkboxes">…</div>

2026-06-29 14:51:46 | WARNING  | row=6 field=activity_nature 'Maintenance' not found in #workTypId. Available (1): ['New/Fresh']
2026-06-29 14:51:46 | ERROR    | FAIL | row=6 field=activity_nature | 'Maintenance' not found in #workTypId. Available (1): ['New/Fresh']
2026-06-29 14:51:47 | WARNING  | row=6 field=start_month 'January' not found in #startMonthId. Available (9): ['April', 'May', 'June', 'July', 'August', 'September', 'October', 'November', 'December']
2026-06-29 14:51:47 | ERROR    | FAIL | row=6 field=start_month | 'January' not found in #startMonthId. Available (9): ['April', 'May', 'June', 'July', 'August', 'September', 'October', 'November', 'December']
2026-06-29 14:51:47 | WARNING  | row 6 attempt 3 FAIL: [targeted_populace] Locator.wait_for: Timeout 15000ms exceeded.
Call log:
  - waiting for locator("#checkboxess") to be visible
    33 × locator resolved to hidden <div id="checkboxess" class="checkboxes">…</div>
 | [activity_nature] 'Maintenance' not found in #workTypId. Available (1): ['New/Fresh'
2026-06-29 14:51:47 | ERROR    | row 6 FAILED after all retries
2026-06-29 14:51:47 | INFO     | ── row 7 | Awareness on Public Services/ Service Delivery Provisions/ R
2026-06-29 14:52:07 | WARNING  | row=7 field=targeted_populace Locator.wait_for: Timeout 15000ms exceeded.
Call log:
  - waiting for locator("#checkboxess") to be visible
    33 × locator resolved to hidden <div id="checkboxess" class="checkboxes">…</div>

2026-06-29 14:52:07 | ERROR    | FAIL | row=7 field=targeted_populace | Locator.wait_for: Timeout 15000ms exceeded.
Call log:
  - waiting for locator("#checkboxess") to be visible
    33 × locator resolved to hidden <div id="checkboxess" class="checkboxes">…</div>

2026-06-29 14:52:07 | WARNING  | row=7 field=start_month 'February' not found in #startMonthId. Available (9): ['April', 'May', 'June', 'July', 'August', 'September', 'October', 'November', 'December']
2026-06-29 14:52:08 | ERROR    | FAIL | row=7 field=start_month | 'February' not found in #startMonthId. Available (9): ['April', 'May', 'June', 'July', 'August', 'September', 'October', 'November', 'December']
2026-06-29 14:52:08 | WARNING  | row 7 attempt 1 FAIL: [targeted_populace] Locator.wait_for: Timeout 15000ms exceeded.
Call log:
  - waiting for locator("#checkboxess") to be visible
    33 × locator resolved to hidden <div id="checkboxess" class="checkboxes">…</div>
 | [start_month] 'February' not found in #startMonthId. Available (9): ['April', 'May',
2026-06-29 14:52:30 | WARNING  | row=7 field=targeted_populace Locator.wait_for: Timeout 15000ms exceeded.
Call log:
  - waiting for locator("#checkboxess") to be visible
    33 × locator resolved to hidden <div id="checkboxess" class="checkboxes">…</div>

2026-06-29 14:52:30 | ERROR    | FAIL | row=7 field=targeted_populace | Locator.wait_for: Timeout 15000ms exceeded.
Call log:
  - waiting for locator("#checkboxess") to be visible
    33 × locator resolved to hidden <div id="checkboxess" class="checkboxes">…</div>

2026-06-29 14:52:31 | WARNING  | row=7 field=start_month 'February' not found in #startMonthId. Available (9): ['April', 'May', 'June', 'July', 'August', 'September', 'October', 'November', 'December']
2026-06-29 14:52:31 | ERROR    | FAIL | row=7 field=start_month | 'February' not found in #startMonthId. Available (9): ['April', 'May', 'June', 'July', 'August', 'September', 'October', 'November', 'December']
2026-06-29 14:52:31 | WARNING  | row 7 attempt 2 FAIL: [targeted_populace] Locator.wait_for: Timeout 15000ms exceeded.
Call log:
  - waiting for locator("#checkboxess") to be visible
    33 × locator resolved to hidden <div id="checkboxess" class="checkboxes">…</div>
 | [start_month] 'February' not found in #startMonthId. Available (9): ['April', 'May',
2026-06-29 14:52:52 | WARNING  | row=7 field=targeted_populace Locator.wait_for: Timeout 15000ms exceeded.
Call log:
  - waiting for locator("#checkboxess") to be visible
    33 × locator resolved to hidden <div id="checkboxess" class="checkboxes">…</div>

2026-06-29 14:52:52 | ERROR    | FAIL | row=7 field=targeted_populace | Locator.wait_for: Timeout 15000ms exceeded.
Call log:
  - waiting for locator("#checkboxess") to be visible
    33 × locator resolved to hidden <div id="checkboxess" class="checkboxes">…</div>

2026-06-29 14:52:53 | WARNING  | row=7 field=start_month 'February' not found in #startMonthId. Available (9): ['April', 'May', 'June', 'July', 'August', 'September', 'October', 'November', 'December']
2026-06-29 14:52:53 | ERROR    | FAIL | row=7 field=start_month | 'February' not found in #startMonthId. Available (9): ['April', 'May', 'June', 'July', 'August', 'September', 'October', 'November', 'December']
2026-06-29 14:52:53 | WARNING  | row 7 attempt 3 FAIL: [targeted_populace] Locator.wait_for: Timeout 15000ms exceeded.
Call log:
  - waiting for locator("#checkboxess") to be visible
    33 × locator resolved to hidden <div id="checkboxess" class="checkboxes">…</div>
 | [start_month] 'February' not found in #startMonthId. Available (9): ['April', 'May',
2026-06-29 14:52:53 | ERROR    | row 7 FAILED after all retries
2026-06-29 14:52:53 | INFO     | ── row 8 | Annual Expenses - Water Charges, Postal, Electricity Bills, 
2026-06-29 14:53:12 | WARNING  | row=8 field=targeted_populace Locator.wait_for: Timeout 15000ms exceeded.
Call log:
  - waiting for locator("#checkboxess") to be visible
    33 × locator resolved to hidden <div id="checkboxess" class="checkboxes">…</div>

2026-06-29 14:53:12 | ERROR    | FAIL | row=8 field=targeted_populace | Locator.wait_for: Timeout 15000ms exceeded.
Call log:
  - waiting for locator("#checkboxess") to be visible
    33 × locator resolved to hidden <div id="checkboxess" class="checkboxes">…</div>

2026-06-29 14:53:12 | WARNING  | row=8 field=activity_nature 'New/Fresh' not found in #workTypId. Available (1): ['Operational']
2026-06-29 14:53:13 | ERROR    | FAIL | row=8 field=activity_nature | 'New/Fresh' not found in #workTypId. Available (1): ['Operational']
2026-06-29 14:53:13 | WARNING  | row 8 attempt 1 FAIL: [targeted_populace] Locator.wait_for: Timeout 15000ms exceeded.
Call log:
  - waiting for locator("#checkboxess") to be visible
    33 × locator resolved to hidden <div id="checkboxess" class="checkboxes">…</div>
 | [activity_nature] 'New/Fresh' not found in #workTypId. Available (1): ['Operational'
2026-06-29 14:53:40 | WARNING  | row=8 field=targeted_populace Locator.wait_for: Timeout 15000ms exceeded.
Call log:
  - waiting for locator("#checkboxess") to be visible
    33 × locator resolved to hidden <div id="checkboxess" class="checkboxes">…</div>

2026-06-29 14:53:40 | ERROR    | FAIL | row=8 field=targeted_populace | Locator.wait_for: Timeout 15000ms exceeded.
Call log:
  - waiting for locator("#checkboxess") to be visible
    33 × locator resolved to hidden <div id="checkboxess" class="checkboxes">…</div>

2026-06-29 14:53:40 | WARNING  | row=8 field=activity_nature 'New/Fresh' not found in #workTypId. Available (1): ['Operational']
2026-06-29 14:53:40 | ERROR    | FAIL | row=8 field=activity_nature | 'New/Fresh' not found in #workTypId. Available (1): ['Operational']
2026-06-29 14:53:41 | WARNING  | row 8 attempt 2 FAIL: [targeted_populace] Locator.wait_for: Timeout 15000ms exceeded.
Call log:
  - waiting for locator("#checkboxess") to be visible
    33 × locator resolved to hidden <div id="checkboxess" class="checkboxes">…</div>
 | [activity_nature] 'New/Fresh' not found in #workTypId. Available (1): ['Operational'
2026-06-29 14:54:17 | WARNING  | row=8 field=targeted_populace Locator.wait_for: Timeout 15000ms exceeded.
Call log:
  - waiting for locator("#checkboxess") to be visible
    33 × locator resolved to hidden <div id="checkboxess" class="checkboxes">…</div>

2026-06-29 14:54:17 | ERROR    | FAIL | row=8 field=targeted_populace | Locator.wait_for: Timeout 15000ms exceeded.
Call log:
  - waiting for locator("#checkboxess") to be visible
    33 × locator resolved to hidden <div id="checkboxess" class="checkboxes">…</div>

2026-06-29 14:54:17 | WARNING  | row=8 field=activity_nature 'New/Fresh' not found in #workTypId. Available (1): ['Operational']
2026-06-29 14:54:17 | ERROR    | FAIL | row=8 field=activity_nature | 'New/Fresh' not found in #workTypId. Available (1): ['Operational']
2026-06-29 14:54:18 | WARNING  | row 8 attempt 3 FAIL: [targeted_populace] Locator.wait_for: Timeout 15000ms exceeded.
Call log:
  - waiting for locator("#checkboxess") to be visible
    33 × locator resolved to hidden <div id="checkboxess" class="checkboxes">…</div>
 | [activity_nature] 'New/Fresh' not found in #workTypId. Available (1): ['Operational'
2026-06-29 14:54:18 | ERROR    | row 8 FAILED after all retries
2026-06-29 14:54:18 | INFO     | ── row 9 | Awareness on disaster preparedness and mitigation
2026-06-29 14:54:38 | WARNING  | row=9 field=targeted_populace Locator.wait_for: Timeout 15000ms exceeded.
Call log:
  - waiting for locator("#checkboxess") to be visible
    33 × locator resolved to hidden <div id="checkboxess" class="checkboxes">…</div>

2026-06-29 14:54:38 | ERROR    | FAIL | row=9 field=targeted_populace | Locator.wait_for: Timeout 15000ms exceeded.
Call log:
  - waiting for locator("#checkboxess") to be visible
    33 × locator resolved to hidden <div id="checkboxess" class="checkboxes">…</div>

2026-06-29 14:54:38 | WARNING  | row=9 field=activity_nature 'Maintenance' not found in #workTypId. Available (1): ['New/Fresh']
2026-06-29 14:54:38 | ERROR    | FAIL | row=9 field=activity_nature | 'Maintenance' not found in #workTypId. Available (1): ['New/Fresh']
2026-06-29 14:54:39 | WARNING  | row=9 field=start_month 'April' not found in #startMonthId. Available (3): ['January', 'February', 'March']
2026-06-29 14:54:39 | ERROR    | FAIL | row=9 field=start_month | 'April' not found in #startMonthId. Available (3): ['January', 'February', 'March']
2026-06-29 14:54:39 | WARNING  | row 9 attempt 1 FAIL: [targeted_populace] Locator.wait_for: Timeout 15000ms exceeded.
Call log:
  - waiting for locator("#checkboxess") to be visible
    33 × locator resolved to hidden <div id="checkboxess" class="checkboxes">…</div>
 | [activity_nature] 'Maintenance' not found in #workTypId. Available (1): ['New/Fresh'
2026-06-29 14:55:01 | WARNING  | row=9 field=targeted_populace Locator.wait_for: Timeout 15000ms exceeded.
Call log:
  - waiting for locator("#checkboxess") to be visible
    33 × locator resolved to hidden <div id="checkboxess" class="checkboxes">…</div>

2026-06-29 14:55:01 | ERROR    | FAIL | row=9 field=targeted_populace | Locator.wait_for: Timeout 15000ms exceeded.
Call log:
  - waiting for locator("#checkboxess") to be visible
    33 × locator resolved to hidden <div id="checkboxess" class="checkboxes">…</div>

2026-06-29 14:55:01 | WARNING  | row=9 field=activity_nature 'Maintenance' not found in #workTypId. Available (1): ['New/Fresh']
2026-06-29 14:55:01 | ERROR    | FAIL | row=9 field=activity_nature | 'Maintenance' not found in #workTypId. Available (1): ['New/Fresh']
2026-06-29 14:55:01 | WARNING  | row=9 field=start_month 'April' not found in #startMonthId. Available (3): ['January', 'February', 'March']
2026-06-29 14:55:02 | ERROR    | FAIL | row=9 field=start_month | 'April' not found in #startMonthId. Available (3): ['January', 'February', 'March']
2026-06-29 14:55:02 | WARNING  | row 9 attempt 2 FAIL: [targeted_populace] Locator.wait_for: Timeout 15000ms exceeded.
Call log:
  - waiting for locator("#checkboxess") to be visible
    33 × locator resolved to hidden <div id="checkboxess" class="checkboxes">…</div>
 | [activity_nature] 'Maintenance' not found in #workTypId. Available (1): ['New/Fresh'
2026-06-29 14:55:23 | WARNING  | row=9 field=targeted_populace Locator.wait_for: Timeout 15000ms exceeded.
Call log:
  - waiting for locator("#checkboxess") to be visible
    33 × locator resolved to hidden <div id="checkboxess" class="checkboxes">…</div>

2026-06-29 14:55:23 | ERROR    | FAIL | row=9 field=targeted_populace | Locator.wait_for: Timeout 15000ms exceeded.
Call log:
  - waiting for locator("#checkboxess") to be visible
    33 × locator resolved to hidden <div id="checkboxess" class="checkboxes">…</div>

2026-06-29 14:55:23 | WARNING  | row=9 field=activity_nature 'Maintenance' not found in #workTypId. Available (1): ['New/Fresh']
2026-06-29 14:55:23 | ERROR    | FAIL | row=9 field=activity_nature | 'Maintenance' not found in #workTypId. Available (1): ['New/Fresh']
2026-06-29 14:55:24 | WARNING  | row=9 field=start_month 'April' not found in #startMonthId. Available (3): ['January', 'February', 'March']
2026-06-29 14:55:24 | ERROR    | FAIL | row=9 field=start_month | 'April' not found in #startMonthId. Available (3): ['January', 'February', 'March']
2026-06-29 14:55:24 | WARNING  | row 9 attempt 3 FAIL: [targeted_populace] Locator.wait_for: Timeout 15000ms exceeded.
Call log:
  - waiting for locator("#checkboxess") to be visible
    33 × locator resolved to hidden <div id="checkboxess" class="checkboxes">…</div>
 | [activity_nature] 'Maintenance' not found in #workTypId. Available (1): ['New/Fresh'
2026-06-29 14:55:24 | ERROR    | row 9 FAILED after all retries
2026-06-29 14:55:24 | INFO     | ── row 10 | Awareness on inclusion of beneficiaries under different sche
2026-06-29 14:55:43 | WARNING  | row=10 field=targeted_populace Locator.wait_for: Timeout 15000ms exceeded.
Call log:
  - waiting for locator("#checkboxess") to be visible
    33 × locator resolved to hidden <div id="checkboxess" class="checkboxes">…</div>

2026-06-29 14:55:44 | ERROR    | FAIL | row=10 field=targeted_populace | Locator.wait_for: Timeout 15000ms exceeded.
Call log:
  - waiting for locator("#checkboxess") to be visible
    33 × locator resolved to hidden <div id="checkboxess" class="checkboxes">…</div>

2026-06-29 14:55:44 | WARNING  | row=10 field=start_month 'May' not found in #startMonthId. Available (3): ['January', 'February', 'March']
2026-06-29 14:55:44 | ERROR    | FAIL | row=10 field=start_month | 'May' not found in #startMonthId. Available (3): ['January', 'February', 'March']
2026-06-29 14:55:44 | WARNING  | row 10 attempt 1 FAIL: [targeted_populace] Locator.wait_for: Timeout 15000ms exceeded.
Call log:
  - waiting for locator("#checkboxess") to be visible
    33 × locator resolved to hidden <div id="checkboxess" class="checkboxes">…</div>
 | [start_month] 'May' not found in #startMonthId. Available (3): ['January', 'February
2026-06-29 14:56:06 | WARNING  | row=10 field=targeted_populace Locator.wait_for: Timeout 15000ms exceeded.
Call log:
  - waiting for locator("#checkboxess") to be visible
    33 × locator resolved to hidden <div id="checkboxess" class="checkboxes">…</div>

2026-06-29 14:56:06 | ERROR    | FAIL | row=10 field=targeted_populace | Locator.wait_for: Timeout 15000ms exceeded.
Call log:
  - waiting for locator("#checkboxess") to be visible
    33 × locator resolved to hidden <div id="checkboxess" class="checkboxes">…</div>

2026-06-29 14:56:06 | WARNING  | row=10 field=start_month 'May' not found in #startMonthId. Available (3): ['January', 'February', 'March']
2026-06-29 14:56:07 | ERROR    | FAIL | row=10 field=start_month | 'May' not found in #startMonthId. Available (3): ['January', 'February', 'March']
2026-06-29 14:56:07 | WARNING  | row 10 attempt 2 FAIL: [targeted_populace] Locator.wait_for: Timeout 15000ms exceeded.
Call log:
  - waiting for locator("#checkboxess") to be visible
    33 × locator resolved to hidden <div id="checkboxess" class="checkboxes">…</div>
 | [start_month] 'May' not found in #startMonthId. Available (3): ['January', 'February
2026-06-29 14:56:29 | WARNING  | row=10 field=targeted_populace Locator.wait_for: Timeout 15000ms exceeded.
Call log:
  - waiting for locator("#checkboxess") to be visible
    33 × locator resolved to hidden <div id="checkboxess" class="checkboxes">…</div>

2026-06-29 14:56:29 | ERROR    | FAIL | row=10 field=targeted_populace | Locator.wait_for: Timeout 15000ms exceeded.
Call log:
  - waiting for locator("#checkboxess") to be visible
    33 × locator resolved to hidden <div id="checkboxess" class="checkboxes">…</div>

2026-06-29 14:56:29 | WARNING  | row=10 field=start_month 'May' not found in #startMonthId. Available (3): ['January', 'February', 'March']
2026-06-29 14:56:30 | ERROR    | FAIL | row=10 field=start_month | 'May' not found in #startMonthId. Available (3): ['January', 'February', 'March']
2026-06-29 14:56:30 | WARNING  | row 10 attempt 3 FAIL: [targeted_populace] Locator.wait_for: Timeout 15000ms exceeded.
Call log:
  - waiting for locator("#checkboxess") to be visible
    33 × locator resolved to hidden <div id="checkboxess" class="checkboxes">…</div>
 | [start_month] 'May' not found in #startMonthId. Available (3): ['January', 'February
2026-06-29 14:56:30 | ERROR    | row 10 FAILED after all retries
2026-06-29 14:56:30 | INFO     | ── row 11 | Awareness Campaign on services of ICDS
2026-06-29 14:56:49 | WARNING  | row=11 field=targeted_populace Locator.wait_for: Timeout 15000ms exceeded.
Call log:
  - waiting for locator("#checkboxess") to be visible
    33 × locator resolved to hidden <div id="checkboxess" class="checkboxes">…</div>

2026-06-29 14:56:50 | ERROR    | FAIL | row=11 field=targeted_populace | Locator.wait_for: Timeout 15000ms exceeded.
Call log:
  - waiting for locator("#checkboxess") to be visible
    33 × locator resolved to hidden <div id="checkboxess" class="checkboxes">…</div>

2026-06-29 14:56:50 | WARNING  | row=11 field=start_month 'June' not found in #startMonthId. Available (3): ['January', 'February', 'March']
2026-06-29 14:56:51 | ERROR    | FAIL | row=11 field=start_month | 'June' not found in #startMonthId. Available (3): ['January', 'February', 'March']
2026-06-29 14:56:51 | WARNING  | row 11 attempt 1 FAIL: [targeted_populace] Locator.wait_for: Timeout 15000ms exceeded.
Call log:
  - waiting for locator("#checkboxess") to be visible
    33 × locator resolved to hidden <div id="checkboxess" class="checkboxes">…</div>
 | [start_month] 'June' not found in #startMonthId. Available (3): ['January', 'Februar
2026-06-29 14:57:12 | WARNING  | row=11 field=targeted_populace Locator.wait_for: Timeout 15000ms exceeded.
Call log:
  - waiting for locator("#checkboxess") to be visible
    33 × locator resolved to hidden <div id="checkboxess" class="checkboxes">…</div>

2026-06-29 14:57:12 | ERROR    | FAIL | row=11 field=targeted_populace | Locator.wait_for: Timeout 15000ms exceeded.
Call log:
  - waiting for locator("#checkboxess") to be visible
    33 × locator resolved to hidden <div id="checkboxess" class="checkboxes">…</div>

2026-06-29 14:57:13 | WARNING  | row=11 field=start_month 'June' not found in #startMonthId. Available (3): ['January', 'February', 'March']
2026-06-29 14:57:13 | ERROR    | FAIL | row=11 field=start_month | 'June' not found in #startMonthId. Available (3): ['January', 'February', 'March']
2026-06-29 14:57:13 | WARNING  | row 11 attempt 2 FAIL: [targeted_populace] Locator.wait_for: Timeout 15000ms exceeded.
Call log:
  - waiting for locator("#checkboxess") to be visible
    33 × locator resolved to hidden <div id="checkboxess" class="checkboxes">…</div>
 | [start_month] 'June' not found in #startMonthId. Available (3): ['January', 'Februar
2026-06-29 14:57:35 | WARNING  | row=11 field=targeted_populace Locator.wait_for: Timeout 15000ms exceeded.
Call log:
  - waiting for locator("#checkboxess") to be visible
    33 × locator resolved to hidden <div id="checkboxess" class="checkboxes">…</div>

2026-06-29 14:57:35 | ERROR    | FAIL | row=11 field=targeted_populace | Locator.wait_for: Timeout 15000ms exceeded.
Call log:
  - waiting for locator("#checkboxess") to be visible
    33 × locator resolved to hidden <div id="checkboxess" class="checkboxes">…</div>

2026-06-29 14:57:35 | WARNING  | row=11 field=start_month 'June' not found in #startMonthId. Available (3): ['January', 'February', 'March']
2026-06-29 14:57:35 | ERROR    | FAIL | row=11 field=start_month | 'June' not found in #startMonthId. Available (3): ['January', 'February', 'March']
2026-06-29 14:57:36 | WARNING  | row 11 attempt 3 FAIL: [targeted_populace] Locator.wait_for: Timeout 15000ms exceeded.
Call log:
  - waiting for locator("#checkboxess") to be visible
    33 × locator resolved to hidden <div id="checkboxess" class="checkboxes">…</div>
 | [start_month] 'June' not found in #startMonthId. Available (3): ['January', 'Februar
2026-06-29 14:57:36 | ERROR    | row 11 FAILED after all retries
2026-06-29 14:57:36 | INFO     | ── row 12 | Capacity Building & Training of Elected Representatives & Fu
2026-06-29 14:57:56 | WARNING  | row=12 field=targeted_populace Locator.wait_for: Timeout 15000ms exceeded.
Call log:
  - waiting for locator("#checkboxess") to be visible
    33 × locator resolved to hidden <div id="checkboxess" class="checkboxes">…</div>

2026-06-29 14:57:56 | ERROR    | FAIL | row=12 field=targeted_populace | Locator.wait_for: Timeout 15000ms exceeded.
Call log:
  - waiting for locator("#checkboxess") to be visible
    33 × locator resolved to hidden <div id="checkboxess" class="checkboxes">…</div>

2026-06-29 14:57:56 | WARNING  | row=12 field=activity_nature 'Maintenance' not found in #workTypId. Available (1): ['New/Fresh']
2026-06-29 14:57:56 | ERROR    | FAIL | row=12 field=activity_nature | 'Maintenance' not found in #workTypId. Available (1): ['New/Fresh']
2026-06-29 14:57:57 | WARNING  | row=12 field=start_month 'July' not found in #startMonthId. Available (3): ['January', 'February', 'March']
2026-06-29 14:57:57 | ERROR    | FAIL | row=12 field=start_month | 'July' not found in #startMonthId. Available (3): ['January', 'February', 'March']
2026-06-29 14:57:57 | WARNING  | row 12 attempt 1 FAIL: [targeted_populace] Locator.wait_for: Timeout 15000ms exceeded.
Call log:
  - waiting for locator("#checkboxess") to be visible
    33 × locator resolved to hidden <div id="checkboxess" class="checkboxes">…</div>
 | [activity_nature] 'Maintenance' not found in #workTypId. Available (1): ['New/Fresh'
2026-06-29 14:58:19 | WARNING  | row=12 field=targeted_populace Locator.wait_for: Timeout 15000ms exceeded.
Call log:
  - waiting for locator("#checkboxess") to be visible
    33 × locator resolved to hidden <div id="checkboxess" class="checkboxes">…</div>

2026-06-29 14:58:19 | ERROR    | FAIL | row=12 field=targeted_populace | Locator.wait_for: Timeout 15000ms exceeded.
Call log:
  - waiting for locator("#checkboxess") to be visible
    33 × locator resolved to hidden <div id="checkboxess" class="checkboxes">…</div>

2026-06-29 14:58:19 | WARNING  | row=12 field=activity_nature 'Maintenance' not found in #workTypId. Available (1): ['New/Fresh']
2026-06-29 14:58:19 | ERROR    | FAIL | row=12 field=activity_nature | 'Maintenance' not found in #workTypId. Available (1): ['New/Fresh']
2026-06-29 14:58:20 | WARNING  | row=12 field=start_month 'July' not found in #startMonthId. Available (3): ['January', 'February', 'March']
2026-06-29 14:58:20 | ERROR    | FAIL | row=12 field=start_month | 'July' not found in #startMonthId. Available (3): ['January', 'February', 'March']
2026-06-29 14:58:20 | WARNING  | row 12 attempt 2 FAIL: [targeted_populace] Locator.wait_for: Timeout 15000ms exceeded.
Call log:
  - waiting for locator("#checkboxess") to be visible
    33 × locator resolved to hidden <div id="checkboxess" class="checkboxes">…</div>
 | [activity_nature] 'Maintenance' not found in #workTypId. Available (1): ['New/Fresh'
2026-06-29 14:58:42 | WARNING  | row=12 field=targeted_populace Locator.wait_for: Timeout 15000ms exceeded.
Call log:
  - waiting for locator("#checkboxess") to be visible
    33 × locator resolved to hidden <div id="checkboxess" class="checkboxes">…</div>

2026-06-29 14:58:42 | ERROR    | FAIL | row=12 field=targeted_populace | Locator.wait_for: Timeout 15000ms exceeded.
Call log:
  - waiting for locator("#checkboxess") to be visible
    33 × locator resolved to hidden <div id="checkboxess" class="checkboxes">…</div>

2026-06-29 14:58:42 | WARNING  | row=12 field=activity_nature 'Maintenance' not found in #workTypId. Available (1): ['New/Fresh']
2026-06-29 14:58:42 | ERROR    | FAIL | row=12 field=activity_nature | 'Maintenance' not found in #workTypId. Available (1): ['New/Fresh']
2026-06-29 14:58:43 | WARNING  | row=12 field=start_month 'July' not found in #startMonthId. Available (3): ['January', 'February', 'March']
2026-06-29 14:58:43 | ERROR    | FAIL | row=12 field=start_month | 'July' not found in #startMonthId. Available (3): ['January', 'February', 'March']
2026-06-29 14:58:43 | WARNING  | row 12 attempt 3 FAIL: [targeted_populace] Locator.wait_for: Timeout 15000ms exceeded.
Call log:
  - waiting for locator("#checkboxess") to be visible
    33 × locator resolved to hidden <div id="checkboxess" class="checkboxes">…</div>
 | [activity_nature] 'Maintenance' not found in #workTypId. Available (1): ['New/Fresh'
2026-06-29 14:58:43 | ERROR    | row 12 FAILED after all retries
2026-06-29 14:58:43 | INFO     | ── row 13 | Access to Maternal Benefits
2026-06-29 14:59:03 | WARNING  | row=13 field=targeted_populace Locator.wait_for: Timeout 15000ms exceeded.
Call log:
  - waiting for locator("#checkboxess") to be visible
    33 × locator resolved to hidden <div id="checkboxess" class="checkboxes">…</div>

2026-06-29 14:59:03 | ERROR    | FAIL | row=13 field=targeted_populace | Locator.wait_for: Timeout 15000ms exceeded.
Call log:
  - waiting for locator("#checkboxess") to be visible
    33 × locator resolved to hidden <div id="checkboxess" class="checkboxes">…</div>

2026-06-29 14:59:18 | WARNING  | row=13 field=start_month #startMonthId never populated (timeout 15000ms). Options present: ['Select']
2026-06-29 14:59:18 | ERROR    | FAIL | row=13 field=start_month | #startMonthId never populated (timeout 15000ms). Options present: ['Select']
2026-06-29 14:59:18 | WARNING  | row 13 attempt 1 FAIL: [targeted_populace] Locator.wait_for: Timeout 15000ms exceeded.
Call log:
  - waiting for locator("#checkboxess") to be visible
    33 × locator resolved to hidden <div id="checkboxess" class="checkboxes">…</div>
 | [start_month] #startMonthId never populated (timeout 15000ms). Options present: ['Se
2026-06-29 14:59:54 | WARNING  | row 13 attempt 2 FAIL: Page.wait_for_selector: Timeout 30000ms exceeded.
Call log:
  - waiting for locator("#themeId") to be visible

2026-06-29 14:59:54 | WARNING  | Session expired at row 13 | URL: https://egramswaraj.gov.in/welcome.do?ERROR=This+session+has+been+terminated+due+to+a+login+detected+from+another+device+or+browser.
2026-06-29 14:59:54 | INFO     | Waiting for manual login → addactivity.htm ...
2026-06-29 16:07:59 | INFO     | ============================================================
2026-06-29 16:07:59 | INFO     | eGramSwaraj Bot START (v5)
2026-06-29 16:07:59 | INFO     | ============================================================
2026-06-29 16:07:59 | INFO     | rows: total=15 done=0 pending=15
2026-06-29 16:08:03 | INFO     | Waiting for manual login → addactivity.htm ...
2026-06-29 16:09:30 | INFO     | Form ready at: https://egramswaraj.gov.in/addactivity.htm
2026-06-29 16:09:33 | INFO     | ── row 0 | Activities realted to Record keeping /Maintainance of data b
2026-06-29 16:09:52 | WARNING  | row=0 field=targeted_populace Locator.wait_for: Timeout 15000ms exceeded.
Call log:
  - waiting for locator("#checkboxess") to be visible
    33 × locator resolved to hidden <div id="checkboxess" class="checkboxes">…</div>

2026-06-29 16:09:52 | ERROR    | FAIL | row=0 field=targeted_populace | Locator.wait_for: Timeout 15000ms exceeded.
Call log:
  - waiting for locator("#checkboxess") to be visible
    33 × locator resolved to hidden <div id="checkboxess" class="checkboxes">…</div>

2026-06-29 16:09:53 | WARNING  | row 0 attempt 1 FAIL: [targeted_populace] Locator.wait_for: Timeout 15000ms exceeded.
Call log:
  - waiting for locator("#checkboxess") to be visible
    33 × locator resolved to hidden <div id="checkboxess" class="checkboxes">…</div>

2026-06-29 16:10:14 | WARNING  | row=0 field=targeted_populace Locator.wait_for: Timeout 15000ms exceeded.
Call log:
  - waiting for locator("#checkboxess") to be visible
    33 × locator resolved to hidden <div id="checkboxess" class="checkboxes">…</div>

2026-06-29 16:10:14 | ERROR    | FAIL | row=0 field=targeted_populace | Locator.wait_for: Timeout 15000ms exceeded.
Call log:
  - waiting for locator("#checkboxess") to be visible
    33 × locator resolved to hidden <div id="checkboxess" class="checkboxes">…</div>

2026-06-29 16:10:15 | WARNING  | row 0 attempt 2 FAIL: [targeted_populace] Locator.wait_for: Timeout 15000ms exceeded.
Call log:
  - waiting for locator("#checkboxess") to be visible
    33 × locator resolved to hidden <div id="checkboxess" class="checkboxes">…</div>

2026-06-29 16:10:36 | WARNING  | row=0 field=targeted_populace Locator.wait_for: Timeout 15000ms exceeded.
Call log:
  - waiting for locator("#checkboxess") to be visible
    33 × locator resolved to hidden <div id="checkboxess" class="checkboxes">…</div>

2026-06-29 16:10:36 | ERROR    | FAIL | row=0 field=targeted_populace | Locator.wait_for: Timeout 15000ms exceeded.
Call log:
  - waiting for locator("#checkboxess") to be visible
    33 × locator resolved to hidden <div id="checkboxess" class="checkboxes">…</div>

2026-06-29 16:10:37 | WARNING  | row 0 attempt 3 FAIL: [targeted_populace] Locator.wait_for: Timeout 15000ms exceeded.
Call log:
  - waiting for locator("#checkboxess") to be visible
    33 × locator resolved to hidden <div id="checkboxess" class="checkboxes">…</div>

2026-06-29 16:11:05 | INFO     | ============================================================
2026-06-29 16:11:05 | INFO     | eGramSwaraj Bot START (v5)
2026-06-29 16:11:05 | INFO     | ============================================================
2026-06-29 16:11:05 | INFO     | rows: total=15 done=0 pending=15
2026-06-29 16:11:08 | INFO     | Waiting for manual login → addactivity.htm ...
2026-06-29 16:12:33 | INFO     | Form ready at: https://egramswaraj.gov.in/addactivity.htm
2026-06-29 16:12:34 | INFO     | ── row 0 | Activities realted to Record keeping /Maintainance of data b
2026-06-29 16:12:53 | WARNING  | row=0 field=targeted_populace Locator.wait_for: Timeout 15000ms exceeded.
Call log:
  - waiting for locator("#checkboxess") to be visible
    33 × locator resolved to hidden <div id="checkboxess" class="checkboxes">…</div>

2026-06-29 16:12:53 | ERROR    | FAIL | row=0 field=targeted_populace | Locator.wait_for: Timeout 15000ms exceeded.
Call log:
  - waiting for locator("#checkboxess") to be visible
    33 × locator resolved to hidden <div id="checkboxess" class="checkboxes">…</div>

2026-06-29 16:12:54 | WARNING  | row 0 attempt 1 FAIL: [targeted_populace] Locator.wait_for: Timeout 15000ms exceeded.
Call log:
  - waiting for locator("#checkboxess") to be visible
    33 × locator resolved to hidden <div id="checkboxess" class="checkboxes">…</div>

2026-06-29 16:13:15 | WARNING  | row=0 field=targeted_populace Locator.wait_for: Timeout 15000ms exceeded.
Call log:
  - waiting for locator("#checkboxess") to be visible
    33 × locator resolved to hidden <div id="checkboxess" class="checkboxes">…</div>

2026-06-29 16:13:15 | ERROR    | FAIL | row=0 field=targeted_populace | Locator.wait_for: Timeout 15000ms exceeded.
Call log:
  - waiting for locator("#checkboxess") to be visible
    33 × locator resolved to hidden <div id="checkboxess" class="checkboxes">…</div>

2026-06-29 16:13:16 | WARNING  | row 0 attempt 2 FAIL: [targeted_populace] Locator.wait_for: Timeout 15000ms exceeded.
Call log:
  - waiting for locator("#checkboxess") to be visible
    33 × locator resolved to hidden <div id="checkboxess" class="checkboxes">…</div>

2026-06-29 16:13:37 | WARNING  | row=0 field=targeted_populace Locator.wait_for: Timeout 15000ms exceeded.
Call log:
  - waiting for locator("#checkboxess") to be visible
    33 × locator resolved to hidden <div id="checkboxess" class="checkboxes">…</div>

2026-06-29 16:13:37 | ERROR    | FAIL | row=0 field=targeted_populace | Locator.wait_for: Timeout 15000ms exceeded.
Call log:
  - waiting for locator("#checkboxess") to be visible
    33 × locator resolved to hidden <div id="checkboxess" class="checkboxes">…</div>

2026-06-29 16:13:38 | WARNING  | row 0 attempt 3 FAIL: [targeted_populace] Locator.wait_for: Timeout 15000ms exceeded.
Call log:
  - waiting for locator("#checkboxess") to be visible
    33 × locator resolved to hidden <div id="checkboxess" class="checkboxes">…</div>

2026-06-29 16:14:04 | INFO     | ============================================================
2026-06-29 16:14:04 | INFO     | eGramSwaraj Bot START (v5)
2026-06-29 16:14:04 | INFO     | ============================================================
2026-06-29 16:14:04 | INFO     | rows: total=15 done=0 pending=15
2026-06-29 16:14:08 | INFO     | Waiting for manual login → addactivity.htm ...
2026-06-29 16:14:54 | INFO     | Form ready at: https://egramswaraj.gov.in/addactivity.htm
2026-06-29 16:14:56 | INFO     | ── row 0 | Activities realted to Record keeping /Maintainance of data b
2026-06-29 16:15:15 | WARNING  | row=0 field=targeted_populace Locator.wait_for: Timeout 15000ms exceeded.
Call log:
  - waiting for locator("#checkboxess") to be visible
    33 × locator resolved to hidden <div id="checkboxess" class="checkboxes">…</div>

2026-06-29 16:15:16 | ERROR    | FAIL | row=0 field=targeted_populace | Locator.wait_for: Timeout 15000ms exceeded.
Call log:
  - waiting for locator("#checkboxess") to be visible
    33 × locator resolved to hidden <div id="checkboxess" class="checkboxes">…</div>

2026-06-29 16:15:16 | WARNING  | row 0 attempt 1 FAIL: [targeted_populace] Locator.wait_for: Timeout 15000ms exceeded.
Call log:
  - waiting for locator("#checkboxess") to be visible
    33 × locator resolved to hidden <div id="checkboxess" class="checkboxes">…</div>

2026-06-29 16:15:37 | WARNING  | row=0 field=targeted_populace Locator.wait_for: Timeout 15000ms exceeded.
Call log:
  - waiting for locator("#checkboxess") to be visible
    33 × locator resolved to hidden <div id="checkboxess" class="checkboxes">…</div>

2026-06-29 16:15:38 | ERROR    | FAIL | row=0 field=targeted_populace | Locator.wait_for: Timeout 15000ms exceeded.
Call log:
  - waiting for locator("#checkboxess") to be visible
    33 × locator resolved to hidden <div id="checkboxess" class="checkboxes">…</div>

2026-06-29 16:15:38 | WARNING  | row 0 attempt 2 FAIL: [targeted_populace] Locator.wait_for: Timeout 15000ms exceeded.
Call log:
  - waiting for locator("#checkboxess") to be visible
    33 × locator resolved to hidden <div id="checkboxess" class="checkboxes">…</div>

2026-06-29 16:15:59 | WARNING  | row=0 field=targeted_populace Locator.wait_for: Timeout 15000ms exceeded.
Call log:
  - waiting for locator("#checkboxess") to be visible
    33 × locator resolved to hidden <div id="checkboxess" class="checkboxes">…</div>

2026-06-29 16:16:00 | ERROR    | FAIL | row=0 field=targeted_populace | Locator.wait_for: Timeout 15000ms exceeded.
Call log:
  - waiting for locator("#checkboxess") to be visible
    33 × locator resolved to hidden <div id="checkboxess" class="checkboxes">…</div>

2026-06-29 16:16:00 | WARNING  | row 0 attempt 3 FAIL: [targeted_populace] Locator.wait_for: Timeout 15000ms exceeded.
Call log:
  - waiting for locator("#checkboxess") to be visible
    33 × locator resolved to hidden <div id="checkboxess" class="checkboxes">…</div>

2026-06-29 16:16:00 | ERROR    | row 0 FAILED after all retries
2026-06-29 16:16:00 | INFO     | ── row 1 | Awareness generation for use of natural products in daily li
2026-06-29 16:16:19 | WARNING  | row=1 field=targeted_populace Locator.wait_for: Timeout 15000ms exceeded.
Call log:
  - waiting for locator("#checkboxess") to be visible
    33 × locator resolved to hidden <div id="checkboxess" class="checkboxes">…</div>

2026-06-29 16:16:19 | ERROR    | FAIL | row=1 field=targeted_populace | Locator.wait_for: Timeout 15000ms exceeded.
Call log:
  - waiting for locator("#checkboxess") to be visible
    33 × locator resolved to hidden <div id="checkboxess" class="checkboxes">…</div>

2026-06-29 16:16:20 | WARNING  | row 1 attempt 1 FAIL: [targeted_populace] Locator.wait_for: Timeout 15000ms exceeded.
Call log:
  - waiting for locator("#checkboxess") to be visible
    33 × locator resolved to hidden <div id="checkboxess" class="checkboxes">…</div>

2026-06-29 16:16:42 | WARNING  | row=1 field=targeted_populace Locator.wait_for: Timeout 15000ms exceeded.
Call log:
  - waiting for locator("#checkboxess") to be visible
    33 × locator resolved to hidden <div id="checkboxess" class="checkboxes">…</div>

2026-06-29 16:16:42 | ERROR    | FAIL | row=1 field=targeted_populace | Locator.wait_for: Timeout 15000ms exceeded.
Call log:
  - waiting for locator("#checkboxess") to be visible
    33 × locator resolved to hidden <div id="checkboxess" class="checkboxes">…</div>

2026-06-29 16:16:42 | WARNING  | row 1 attempt 2 FAIL: [targeted_populace] Locator.wait_for: Timeout 15000ms exceeded.
Call log:
  - waiting for locator("#checkboxess") to be visible
    33 × locator resolved to hidden <div id="checkboxess" class="checkboxes">…</div>

2026-06-29 16:16:52 | INFO     | ============================================================
2026-06-29 16:16:52 | INFO     | eGramSwaraj Bot START (v5)
2026-06-29 16:16:52 | INFO     | ============================================================
2026-06-29 16:16:52 | INFO     | rows: total=15 done=0 pending=15
2026-06-29 16:17:04 | WARNING  | row=1 field=targeted_populace Locator.wait_for: Timeout 15000ms exceeded.
Call log:
  - waiting for locator("#checkboxess") to be visible
    33 × locator resolved to hidden <div id="checkboxess" class="checkboxes">…</div>

2026-06-29 16:17:04 | ERROR    | FAIL | row=1 field=targeted_populace | Locator.wait_for: Timeout 15000ms exceeded.
Call log:
  - waiting for locator("#checkboxess") to be visible
    33 × locator resolved to hidden <div id="checkboxess" class="checkboxes">…</div>

2026-06-29 16:17:04 | WARNING  | row 1 attempt 3 FAIL: [targeted_populace] Locator.wait_for: Timeout 15000ms exceeded.
Call log:
  - waiting for locator("#checkboxess") to be visible
    33 × locator resolved to hidden <div id="checkboxess" class="checkboxes">…</div>

2026-06-29 16:17:05 | ERROR    | row 1 FAILED after all retries
2026-06-29 16:17:05 | INFO     | ── row 2 | Awareness camp on behavioural issues of Mission LiFE
2026-06-29 16:17:14 | INFO     | ============================================================
2026-06-29 16:17:14 | INFO     | eGramSwaraj Bot START (v5)
2026-06-29 16:17:14 | INFO     | ============================================================
2026-06-29 16:17:14 | INFO     | rows: total=15 done=0 pending=15
2026-06-29 16:17:24 | WARNING  | row=2 field=targeted_populace Locator.wait_for: Timeout 15000ms exceeded.
Call log:
  - waiting for locator("#checkboxess") to be visible
    33 × locator resolved to hidden <div id="checkboxess" class="checkboxes">…</div>

2026-06-29 16:17:24 | ERROR    | FAIL | row=2 field=targeted_populace | Locator.wait_for: Timeout 15000ms exceeded.
Call log:
  - waiting for locator("#checkboxess") to be visible
    33 × locator resolved to hidden <div id="checkboxess" class="checkboxes">…</div>

2026-06-29 16:17:24 | WARNING  | row 2 attempt 1 FAIL: [targeted_populace] Locator.wait_for: Timeout 15000ms exceeded.
Call log:
  - waiting for locator("#checkboxess") to be visible
    33 × locator resolved to hidden <div id="checkboxess" class="checkboxes">…</div>

2026-06-29 16:17:41 | INFO     | ============================================================
2026-06-29 16:17:41 | INFO     | eGramSwaraj Bot START (v5)
2026-06-29 16:17:41 | INFO     | ============================================================
2026-06-29 16:17:41 | INFO     | rows: total=15 done=0 pending=15
2026-06-29 16:17:45 | INFO     | Waiting for manual login → addactivity.htm ...
2026-06-29 16:17:45 | WARNING  | row=2 field=targeted_populace Locator.wait_for: Timeout 15000ms exceeded.
Call log:
  - waiting for locator("#checkboxess") to be visible
    33 × locator resolved to hidden <div id="checkboxess" class="checkboxes">…</div>

2026-06-29 16:17:46 | ERROR    | FAIL | row=2 field=targeted_populace | Locator.wait_for: Timeout 15000ms exceeded.
Call log:
  - waiting for locator("#checkboxess") to be visible
    33 × locator resolved to hidden <div id="checkboxess" class="checkboxes">…</div>

2026-06-29 16:17:46 | WARNING  | row 2 attempt 2 FAIL: [targeted_populace] Locator.wait_for: Timeout 15000ms exceeded.
Call log:
  - waiting for locator("#checkboxess") to be visible
    33 × locator resolved to hidden <div id="checkboxess" class="checkboxes">…</div>

2026-06-29 16:17:49 | WARNING  | row 2 attempt 3 FAIL: Page.goto: Target page, context or browser has been closed
Call log:
  - navigating to "https://egramswaraj.gov.in/addactivity.htm", waiting until "domcontentloaded"

2026-06-29 16:17:49 | ERROR    | row 2 FAILED after all retries
2026-06-29 16:17:49 | INFO     | ── row 3 | Awareness campaign on SHG-PRI Convergence
2026-06-29 16:17:49 | WARNING  | row 3 attempt 1 FAIL: Page.goto: Target page, context or browser has been closed
2026-06-29 16:17:51 | WARNING  | row 3 attempt 2 FAIL: Page.goto: Target page, context or browser has been closed
2026-06-29 16:17:53 | WARNING  | row 3 attempt 3 FAIL: Page.goto: Target page, context or browser has been closed
2026-06-29 16:17:53 | ERROR    | row 3 FAILED after all retries
2026-06-29 16:17:53 | INFO     | ── row 4 | Amrit Sarovar/Pond/Farm Pond
2026-06-29 16:17:53 | WARNING  | row 4 attempt 1 FAIL: Page.goto: Target page, context or browser has been closed
2026-06-29 16:17:55 | WARNING  | row 4 attempt 2 FAIL: Page.goto: Target page, context or browser has been closed
2026-06-29 16:17:57 | WARNING  | row 4 attempt 3 FAIL: Page.goto: Target page, context or browser has been closed
2026-06-29 16:17:57 | ERROR    | row 4 FAILED after all retries
2026-06-29 16:17:57 | INFO     | ── row 5 | Awareness for active participation in Gram Sabha, Ward Sabha
2026-06-29 16:17:57 | WARNING  | row 5 attempt 1 FAIL: Page.goto: Target page, context or browser has been closed
2026-06-29 16:17:59 | WARNING  | row 5 attempt 2 FAIL: Page.goto: Target page, context or browser has been closed
2026-06-29 16:18:01 | WARNING  | row 5 attempt 3 FAIL: Page.goto: Target page, context or browser has been closed
2026-06-29 16:18:01 | ERROR    | row 5 FAILED after all retries
2026-06-29 16:18:01 | INFO     | ── row 6 | Awareness Campaign  pension
2026-06-29 16:18:01 | WARNING  | row 6 attempt 1 FAIL: Page.goto: Target page, context or browser has been closed
2026-06-29 16:18:03 | WARNING  | row 6 attempt 2 FAIL: Page.goto: Target page, context or browser has been closed
2026-06-29 16:18:05 | WARNING  | row 6 attempt 3 FAIL: Page.goto: Target page, context or browser has been closed
2026-06-29 16:18:05 | ERROR    | row 6 FAILED after all retries
2026-06-29 16:18:05 | INFO     | ── row 7 | Awareness on Public Services/ Service Delivery Provisions/ R
2026-06-29 16:18:05 | WARNING  | row 7 attempt 1 FAIL: Page.goto: Target page, context or browser has been closed
2026-06-29 16:18:07 | WARNING  | row 7 attempt 2 FAIL: Page.goto: Target page, context or browser has been closed
2026-06-29 16:18:09 | WARNING  | row 7 attempt 3 FAIL: Page.goto: Target page, context or browser has been closed
2026-06-29 16:18:09 | ERROR    | row 7 FAILED after all retries
2026-06-29 16:18:09 | INFO     | ── row 8 | Annual Expenses - Water Charges, Postal, Electricity Bills, 
2026-06-29 16:18:09 | WARNING  | row 8 attempt 1 FAIL: Page.goto: Target page, context or browser has been closed
2026-06-29 16:18:11 | WARNING  | row 8 attempt 2 FAIL: Page.goto: Target page, context or browser has been closed
2026-06-29 16:18:13 | WARNING  | row 8 attempt 3 FAIL: Page.goto: Target page, context or browser has been closed
2026-06-29 16:18:14 | ERROR    | row 8 FAILED after all retries
2026-06-29 16:18:14 | INFO     | ── row 9 | Awareness on disaster preparedness and mitigation
2026-06-29 16:18:14 | WARNING  | row 9 attempt 1 FAIL: Page.goto: Target page, context or browser has been closed
2026-06-29 16:18:16 | WARNING  | row 9 attempt 2 FAIL: Page.goto: Target page, context or browser has been closed
2026-06-29 16:18:18 | WARNING  | row 9 attempt 3 FAIL: Page.goto: Target page, context or browser has been closed
2026-06-29 16:18:18 | ERROR    | row 9 FAILED after all retries
2026-06-29 16:18:18 | INFO     | ── row 10 | Awareness on inclusion of beneficiaries under different sche
2026-06-29 16:18:18 | WARNING  | row 10 attempt 1 FAIL: Page.goto: Target page, context or browser has been closed
2026-06-29 16:18:20 | WARNING  | row 10 attempt 2 FAIL: Page.goto: Target page, context or browser has been closed
2026-06-29 16:18:22 | WARNING  | row 10 attempt 3 FAIL: Page.goto: Target page, context or browser has been closed
2026-06-29 16:18:22 | ERROR    | row 10 FAILED after all retries
2026-06-29 16:18:22 | INFO     | ── row 11 | Awareness Campaign on services of ICDS
2026-06-29 16:18:22 | WARNING  | row 11 attempt 1 FAIL: Page.goto: Target page, context or browser has been closed
2026-06-29 16:18:24 | WARNING  | row 11 attempt 2 FAIL: Page.goto: Target page, context or browser has been closed
2026-06-29 16:18:26 | WARNING  | row 11 attempt 3 FAIL: Page.goto: Target page, context or browser has been closed
2026-06-29 16:18:26 | ERROR    | row 11 FAILED after all retries
2026-06-29 16:18:26 | INFO     | ── row 12 | Capacity Building & Training of Elected Representatives & Fu
2026-06-29 16:18:26 | WARNING  | row 12 attempt 1 FAIL: Page.goto: Target page, context or browser has been closed
2026-06-29 16:18:28 | WARNING  | row 12 attempt 2 FAIL: Page.goto: Target page, context or browser has been closed
2026-06-29 16:18:30 | WARNING  | row 12 attempt 3 FAIL: Page.goto: Target page, context or browser has been closed
2026-06-29 16:18:30 | ERROR    | row 12 FAILED after all retries
2026-06-29 16:18:30 | INFO     | ── row 13 | Access to Maternal Benefits
2026-06-29 16:18:30 | WARNING  | row 13 attempt 1 FAIL: Page.goto: Target page, context or browser has been closed
2026-06-29 16:18:32 | WARNING  | row 13 attempt 2 FAIL: Page.goto: Target page, context or browser has been closed
2026-06-29 16:18:33 | INFO     | Form ready at: https://egramswaraj.gov.in/addactivity.htm
2026-06-29 16:18:34 | WARNING  | row 13 attempt 3 FAIL: Page.goto: Target page, context or browser has been closed
2026-06-29 16:18:34 | ERROR    | row 13 FAILED after all retries
2026-06-29 16:18:34 | INFO     | ── row 14 | Charages / Fees and other activites for ISO Certification
2026-06-29 16:18:34 | WARNING  | row 14 attempt 1 FAIL: Page.goto: Target page, context or browser has been closed
2026-06-29 16:18:36 | WARNING  | row 14 attempt 2 FAIL: Page.goto: Target page, context or browser has been closed
2026-06-29 16:18:38 | WARNING  | row 14 attempt 3 FAIL: Page.goto: Target page, context or browser has been closed
2026-06-29 16:18:38 | ERROR    | row 14 FAILED after all retries
2026-06-29 16:18:39 | INFO     | DONE 275s total=15 success=0 failed=15 rate=0.0%
2026-06-29 16:18:50 | INFO     | ============================================================
2026-06-29 16:18:50 | INFO     | eGramSwaraj Bot START (v5)
2026-06-29 16:18:50 | INFO     | ============================================================
2026-06-29 16:18:50 | INFO     | rows: total=15 done=0 pending=15
2026-06-29 16:18:54 | INFO     | Waiting for manual login -> addactivity.htm ...
2026-06-29 16:19:59 | INFO     | Form ready at: https://egramswaraj.gov.in/addactivity.htm
2026-06-29 16:20:16 | INFO     | ============================================================
2026-06-29 16:20:16 | INFO     | eGramSwaraj Bot START (v5)
2026-06-29 16:20:16 | INFO     | ============================================================
2026-06-29 16:20:16 | INFO     | rows: total=15 done=0 pending=15
2026-06-29 16:20:20 | INFO     | Waiting for manual login -> addactivity.htm ...
2026-06-29 16:21:10 | INFO     | Form ready at: https://egramswaraj.gov.in/addactivity.htm
2026-06-29 16:26:25 | INFO     | -- row 0 | Activities realted to Record keeping /Maintainance of data b
2026-06-29 16:26:32 | INFO     | row 0 SUCCESS (attempt 1)
2026-06-29 16:26:32 | INFO     | -- row 1 | Awareness generation for use of natural products in daily li
2026-06-29 16:26:40 | INFO     | row 1 SUCCESS (attempt 1)
2026-06-29 16:26:40 | INFO     | -- row 2 | Awareness camp on behavioural issues of Mission LiFE
2026-06-29 16:26:46 | INFO     | row 2 SUCCESS (attempt 1)
2026-06-29 16:26:46 | INFO     | -- row 3 | Awareness campaign on SHG-PRI Convergence
2026-06-29 16:26:51 | WARNING  | row=3 field=activity_nature 'Maintenance' not found in #workTypId. Available (1): ['New/Fresh']
2026-06-29 16:26:52 | ERROR    | FAIL | row=3 field=activity_nature | 'Maintenance' not found in #workTypId. Available (1): ['New/Fresh']
2026-06-29 16:26:52 | WARNING  | row 3 attempt 1 FAIL: [activity_nature] 'Maintenance' not found in #workTypId. Available (1): ['New/Fresh']
2026-06-29 16:27:00 | WARNING  | row=3 field=activity_nature 'Maintenance' not found in #workTypId. Available (1): ['New/Fresh']
2026-06-29 16:27:00 | ERROR    | FAIL | row=3 field=activity_nature | 'Maintenance' not found in #workTypId. Available (1): ['New/Fresh']
2026-06-29 16:27:01 | WARNING  | row 3 attempt 2 FAIL: [activity_nature] 'Maintenance' not found in #workTypId. Available (1): ['New/Fresh']
2026-06-29 16:27:09 | WARNING  | row=3 field=activity_nature 'Maintenance' not found in #workTypId. Available (1): ['New/Fresh']
2026-06-29 16:27:09 | ERROR    | FAIL | row=3 field=activity_nature | 'Maintenance' not found in #workTypId. Available (1): ['New/Fresh']
2026-06-29 16:27:10 | WARNING  | row 3 attempt 3 FAIL: [activity_nature] 'Maintenance' not found in #workTypId. Available (1): ['New/Fresh']
2026-06-29 16:30:47 | INFO     | ============================================================
2026-06-29 16:30:47 | INFO     | eGramSwaraj Bot START (v5)
2026-06-29 16:30:47 | INFO     | ============================================================
2026-06-29 16:30:47 | INFO     | rows: total=15 done=0 pending=15
2026-06-29 16:30:51 | INFO     | Waiting for manual login -> addactivity.htm ...
2026-06-29 16:37:16 | INFO     | Form ready at: https://egramswaraj.gov.in/addactivity.htm
2026-06-29 16:37:20 | INFO     | -- row 0 | Activities realted to Record keeping /Maintainance of data b
2026-06-29 16:37:26 | INFO     | row 0 SUCCESS (attempt 1)
2026-06-29 16:37:26 | INFO     | -- row 1 | Awareness generation for use of natural products in daily li
2026-06-29 16:37:30 | INFO     | row 1 SUCCESS (attempt 1)
2026-06-29 16:37:30 | INFO     | -- row 2 | Awareness camp on behavioural issues of Mission LiFE
2026-06-29 16:37:35 | INFO     | row 2 SUCCESS (attempt 1)
2026-06-29 16:37:35 | INFO     | -- row 3 | Awareness campaign on SHG-PRI Convergence
2026-06-29 16:37:40 | WARNING  | row=3 field=activity_nature 'Maintenance' not found in #workTypId. Available (1): ['New/Fresh']
2026-06-29 16:37:40 | ERROR    | FAIL | row=3 field=activity_nature | 'Maintenance' not found in #workTypId. Available (1): ['New/Fresh']
2026-06-29 16:37:41 | WARNING  | row 3 attempt 1 FAIL: [activity_nature] 'Maintenance' not found in #workTypId. Available (1): ['New/Fresh']
2026-06-29 16:37:48 | WARNING  | row=3 field=activity_nature 'Maintenance' not found in #workTypId. Available (1): ['New/Fresh']
2026-06-29 16:37:48 | ERROR    | FAIL | row=3 field=activity_nature | 'Maintenance' not found in #workTypId. Available (1): ['New/Fresh']
2026-06-29 16:37:49 | WARNING  | row 3 attempt 2 FAIL: [activity_nature] 'Maintenance' not found in #workTypId. Available (1): ['New/Fresh']
2026-06-29 16:37:56 | WARNING  | row=3 field=activity_nature 'Maintenance' not found in #workTypId. Available (1): ['New/Fresh']
2026-06-29 16:37:56 | ERROR    | FAIL | row=3 field=activity_nature | 'Maintenance' not found in #workTypId. Available (1): ['New/Fresh']
2026-06-29 16:37:56 | WARNING  | row 3 attempt 3 FAIL: [activity_nature] 'Maintenance' not found in #workTypId. Available (1): ['New/Fresh']
2026-06-29 16:37:57 | ERROR    | row 3 FAILED after all retries
2026-06-29 16:37:57 | INFO     | -- row 4 | Amrit Sarovar/Pond/Farm Pond
2026-06-29 16:38:02 | INFO     | row 4 SUCCESS (attempt 1)
2026-06-29 16:38:02 | INFO     | -- row 5 | Awareness for active participation in Gram Sabha, Ward Sabha
2026-06-29 16:38:08 | INFO     | row 5 SUCCESS (attempt 1)
2026-06-29 16:38:08 | INFO     | -- row 6 | Awareness Campaign  pension
2026-06-29 16:38:12 | WARNING  | row=6 field=activity_nature 'Maintenance' not found in #workTypId. Available (1): ['New/Fresh']
2026-06-29 16:38:12 | ERROR    | FAIL | row=6 field=activity_nature | 'Maintenance' not found in #workTypId. Available (1): ['New/Fresh']
2026-06-29 16:38:13 | WARNING  | row=6 field=start_month 'January' not found in #startMonthId. Available (9): ['April', 'May', 'June', 'July', 'August', 'September', 'October', 'November', 'December']
2026-06-29 16:38:13 | ERROR    | FAIL | row=6 field=start_month | 'January' not found in #startMonthId. Available (9): ['April', 'May', 'June', 'July', 'August', 'September', 'October', 'November', 'December']
2026-06-29 16:38:13 | WARNING  | row 6 attempt 1 FAIL: [activity_nature] 'Maintenance' not found in #workTypId. Available (1): ['New/Fresh'] | [start_month] 'January' not found in #startMonthId. Available (9): ['April', 'May', 'June', 'July', 'August', 'September', 'October', 'November', 'December']
2026-06-29 16:38:20 | WARNING  | row=6 field=activity_nature 'Maintenance' not found in #workTypId. Available (1): ['New/Fresh']
2026-06-29 16:38:20 | ERROR    | FAIL | row=6 field=activity_nature | 'Maintenance' not found in #workTypId. Available (1): ['New/Fresh']
2026-06-29 16:38:20 | WARNING  | row=6 field=start_month 'January' not found in #startMonthId. Available (9): ['April', 'May', 'June', 'July', 'August', 'September', 'October', 'November', 'December']
2026-06-29 16:38:20 | ERROR    | FAIL | row=6 field=start_month | 'January' not found in #startMonthId. Available (9): ['April', 'May', 'June', 'July', 'August', 'September', 'October', 'November', 'December']
2026-06-29 16:38:21 | WARNING  | row 6 attempt 2 FAIL: [activity_nature] 'Maintenance' not found in #workTypId. Available (1): ['New/Fresh'] | [start_month] 'January' not found in #startMonthId. Available (9): ['April', 'May', 'June', 'July', 'August', 'September', 'October', 'November', 'December']
2026-06-29 16:38:27 | WARNING  | row=6 field=activity_nature 'Maintenance' not found in #workTypId. Available (1): ['New/Fresh']
2026-06-29 16:38:28 | ERROR    | FAIL | row=6 field=activity_nature | 'Maintenance' not found in #workTypId. Available (1): ['New/Fresh']
2026-06-29 16:38:28 | WARNING  | row=6 field=start_month 'January' not found in #startMonthId. Available (9): ['April', 'May', 'June', 'July', 'August', 'September', 'October', 'November', 'December']
2026-06-29 16:38:28 | ERROR    | FAIL | row=6 field=start_month | 'January' not found in #startMonthId. Available (9): ['April', 'May', 'June', 'July', 'August', 'September', 'October', 'November', 'December']
2026-06-29 16:38:28 | WARNING  | row 6 attempt 3 FAIL: [activity_nature] 'Maintenance' not found in #workTypId. Available (1): ['New/Fresh'] | [start_month] 'January' not found in #startMonthId. Available (9): ['April', 'May', 'June', 'July', 'August', 'September', 'October', 'November', 'December']
2026-06-29 16:38:28 | ERROR    | row 6 FAILED after all retries
2026-06-29 16:38:28 | INFO     | -- row 7 | Awareness on Public Services/ Service Delivery Provisions/ R
2026-06-29 16:38:33 | WARNING  | row=7 field=start_month 'February' not found in #startMonthId. Available (9): ['April', 'May', 'June', 'July', 'August', 'September', 'October', 'November', 'December']
2026-06-29 16:38:33 | ERROR    | FAIL | row=7 field=start_month | 'February' not found in #startMonthId. Available (9): ['April', 'May', 'June', 'July', 'August', 'September', 'October', 'November', 'December']
2026-06-29 16:38:33 | WARNING  | row 7 attempt 1 FAIL: [start_month] 'February' not found in #startMonthId. Available (9): ['April', 'May', 'June', 'July', 'August', 'September', 'October', 'November', 'December']
2026-06-29 16:38:41 | WARNING  | row=7 field=start_month 'February' not found in #startMonthId. Available (9): ['April', 'May', 'June', 'July', 'August', 'September', 'October', 'November', 'December']
2026-06-29 16:38:41 | ERROR    | FAIL | row=7 field=start_month | 'February' not found in #startMonthId. Available (9): ['April', 'May', 'June', 'July', 'August', 'September', 'October', 'November', 'December']
2026-06-29 16:38:41 | WARNING  | row 7 attempt 2 FAIL: [start_month] 'February' not found in #startMonthId. Available (9): ['April', 'May', 'June', 'July', 'August', 'September', 'October', 'November', 'December']
2026-06-29 16:38:48 | WARNING  | row=7 field=start_month 'February' not found in #startMonthId. Available (9): ['April', 'May', 'June', 'July', 'August', 'September', 'October', 'November', 'December']
2026-06-29 16:38:49 | ERROR    | FAIL | row=7 field=start_month | 'February' not found in #startMonthId. Available (9): ['April', 'May', 'June', 'July', 'August', 'September', 'October', 'November', 'December']
2026-06-29 16:38:49 | WARNING  | row 7 attempt 3 FAIL: [start_month] 'February' not found in #startMonthId. Available (9): ['April', 'May', 'June', 'July', 'August', 'September', 'October', 'November', 'December']
2026-06-29 16:38:49 | ERROR    | row 7 FAILED after all retries
2026-06-29 16:38:49 | INFO     | -- row 8 | Annual Expenses - Water Charges, Postal, Electricity Bills, 
2026-06-29 16:38:53 | WARNING  | row=8 field=activity_nature 'New/Fresh' not found in #workTypId. Available (1): ['Operational']
2026-06-29 16:38:53 | ERROR    | FAIL | row=8 field=activity_nature | 'New/Fresh' not found in #workTypId. Available (1): ['Operational']
2026-06-29 16:38:54 | WARNING  | row 8 attempt 1 FAIL: [activity_nature] 'New/Fresh' not found in #workTypId. Available (1): ['Operational']
2026-06-29 16:39:01 | WARNING  | row=8 field=activity_nature 'New/Fresh' not found in #workTypId. Available (1): ['Operational']
2026-06-29 16:39:01 | ERROR    | FAIL | row=8 field=activity_nature | 'New/Fresh' not found in #workTypId. Available (1): ['Operational']
2026-06-29 16:39:01 | WARNING  | row 8 attempt 2 FAIL: [activity_nature] 'New/Fresh' not found in #workTypId. Available (1): ['Operational']
2026-06-29 16:39:08 | WARNING  | row=8 field=activity_nature 'New/Fresh' not found in #workTypId. Available (1): ['Operational']
2026-06-29 16:39:08 | ERROR    | FAIL | row=8 field=activity_nature | 'New/Fresh' not found in #workTypId. Available (1): ['Operational']
2026-06-29 16:39:08 | WARNING  | row 8 attempt 3 FAIL: [activity_nature] 'New/Fresh' not found in #workTypId. Available (1): ['Operational']
2026-06-29 16:39:08 | ERROR    | row 8 FAILED after all retries
2026-06-29 16:39:08 | INFO     | -- row 9 | Awareness on disaster preparedness and mitigation
2026-06-29 16:39:14 | WARNING  | row=9 field=activity_nature 'Maintenance' not found in #workTypId. Available (1): ['New/Fresh']
2026-06-29 16:39:14 | ERROR    | FAIL | row=9 field=activity_nature | 'Maintenance' not found in #workTypId. Available (1): ['New/Fresh']
2026-06-29 16:39:14 | WARNING  | row=9 field=start_month 'April' not found in #startMonthId. Available (3): ['January', 'February', 'March']
2026-06-29 16:39:14 | ERROR    | FAIL | row=9 field=start_month | 'April' not found in #startMonthId. Available (3): ['January', 'February', 'March']
2026-06-29 16:39:14 | WARNING  | row 9 attempt 1 FAIL: [activity_nature] 'Maintenance' not found in #workTypId. Available (1): ['New/Fresh'] | [start_month] 'April' not found in #startMonthId. Available (3): ['January', 'February', 'March']
2026-06-29 16:39:21 | WARNING  | row=9 field=activity_nature 'Maintenance' not found in #workTypId. Available (1): ['New/Fresh']
2026-06-29 16:39:21 | ERROR    | FAIL | row=9 field=activity_nature | 'Maintenance' not found in #workTypId. Available (1): ['New/Fresh']
2026-06-29 16:39:22 | WARNING  | row=9 field=start_month 'April' not found in #startMonthId. Available (3): ['January', 'February', 'March']
2026-06-29 16:39:22 | ERROR    | FAIL | row=9 field=start_month | 'April' not found in #startMonthId. Available (3): ['January', 'February', 'March']
2026-06-29 16:39:22 | WARNING  | row 9 attempt 2 FAIL: [activity_nature] 'Maintenance' not found in #workTypId. Available (1): ['New/Fresh'] | [start_month] 'April' not found in #startMonthId. Available (3): ['January', 'February', 'March']
2026-06-29 16:39:30 | WARNING  | row=9 field=activity_nature 'Maintenance' not found in #workTypId. Available (1): ['New/Fresh']
2026-06-29 16:39:30 | ERROR    | FAIL | row=9 field=activity_nature | 'Maintenance' not found in #workTypId. Available (1): ['New/Fresh']
2026-06-29 16:39:31 | WARNING  | row=9 field=start_month 'April' not found in #startMonthId. Available (3): ['January', 'February', 'March']
2026-06-29 16:39:31 | ERROR    | FAIL | row=9 field=start_month | 'April' not found in #startMonthId. Available (3): ['January', 'February', 'March']
2026-06-29 16:39:31 | WARNING  | row 9 attempt 3 FAIL: [activity_nature] 'Maintenance' not found in #workTypId. Available (1): ['New/Fresh'] | [start_month] 'April' not found in #startMonthId. Available (3): ['January', 'February', 'March']
2026-06-29 16:39:31 | ERROR    | row 9 FAILED after all retries
2026-06-29 16:39:31 | INFO     | -- row 10 | Awareness on inclusion of beneficiaries under different sche
2026-06-29 16:39:37 | WARNING  | row=10 field=start_month 'May' not found in #startMonthId. Available (3): ['January', 'February', 'March']
2026-06-29 16:39:37 | ERROR    | FAIL | row=10 field=start_month | 'May' not found in #startMonthId. Available (3): ['January', 'February', 'March']
2026-06-29 16:39:37 | WARNING  | row 10 attempt 1 FAIL: [start_month] 'May' not found in #startMonthId. Available (3): ['January', 'February', 'March']
2026-06-29 16:39:45 | WARNING  | row=10 field=start_month 'May' not found in #startMonthId. Available (3): ['January', 'February', 'March']
2026-06-29 16:39:45 | ERROR    | FAIL | row=10 field=start_month | 'May' not found in #startMonthId. Available (3): ['January', 'February', 'March']
2026-06-29 16:39:45 | WARNING  | row 10 attempt 2 FAIL: [start_month] 'May' not found in #startMonthId. Available (3): ['January', 'February', 'March']
2026-06-29 16:39:54 | WARNING  | row=10 field=start_month 'May' not found in #startMonthId. Available (3): ['January', 'February', 'March']
2026-06-29 16:39:54 | ERROR    | FAIL | row=10 field=start_month | 'May' not found in #startMonthId. Available (3): ['January', 'February', 'March']
2026-06-29 16:39:54 | WARNING  | row 10 attempt 3 FAIL: [start_month] 'May' not found in #startMonthId. Available (3): ['January', 'February', 'March']
2026-06-29 16:39:54 | ERROR    | row 10 FAILED after all retries
2026-06-29 16:39:54 | INFO     | -- row 11 | Awareness Campaign on services of ICDS
2026-06-29 16:40:01 | WARNING  | row=11 field=start_month 'June' not found in #startMonthId. Available (3): ['January', 'February', 'March']
2026-06-29 16:40:01 | ERROR    | FAIL | row=11 field=start_month | 'June' not found in #startMonthId. Available (3): ['January', 'February', 'March']
2026-06-29 16:40:01 | WARNING  | row 11 attempt 1 FAIL: [start_month] 'June' not found in #startMonthId. Available (3): ['January', 'February', 'March']
2026-06-29 16:40:10 | WARNING  | row=11 field=start_month 'June' not found in #startMonthId. Available (3): ['January', 'February', 'March']
2026-06-29 16:40:10 | ERROR    | FAIL | row=11 field=start_month | 'June' not found in #startMonthId. Available (3): ['January', 'February', 'March']
2026-06-29 16:40:10 | WARNING  | row 11 attempt 2 FAIL: [start_month] 'June' not found in #startMonthId. Available (3): ['January', 'February', 'March']
2026-06-29 16:40:20 | WARNING  | row=11 field=start_month 'June' not found in #startMonthId. Available (3): ['January', 'February', 'March']
2026-06-29 16:40:20 | ERROR    | FAIL | row=11 field=start_month | 'June' not found in #startMonthId. Available (3): ['January', 'February', 'March']
2026-06-29 16:40:20 | WARNING  | row 11 attempt 3 FAIL: [start_month] 'June' not found in #startMonthId. Available (3): ['January', 'February', 'March']
2026-06-29 16:40:21 | ERROR    | row 11 FAILED after all retries
2026-06-29 16:40:21 | INFO     | -- row 12 | Capacity Building & Training of Elected Representatives & Fu
2026-06-29 16:40:26 | WARNING  | row=12 field=activity_nature 'Maintenance' not found in #workTypId. Available (1): ['New/Fresh']
2026-06-29 16:40:26 | ERROR    | FAIL | row=12 field=activity_nature | 'Maintenance' not found in #workTypId. Available (1): ['New/Fresh']
2026-06-29 16:40:26 | WARNING  | row=12 field=start_month 'July' not found in #startMonthId. Available (3): ['January', 'February', 'March']
2026-06-29 16:40:27 | ERROR    | FAIL | row=12 field=start_month | 'July' not found in #startMonthId. Available (3): ['January', 'February', 'March']
2026-06-29 16:40:27 | WARNING  | row 12 attempt 1 FAIL: [activity_nature] 'Maintenance' not found in #workTypId. Available (1): ['New/Fresh'] | [start_month] 'July' not found in #startMonthId. Available (3): ['January', 'February', 'March']
2026-06-29 16:40:34 | WARNING  | row=12 field=activity_nature 'Maintenance' not found in #workTypId. Available (1): ['New/Fresh']
2026-06-29 16:40:34 | ERROR    | FAIL | row=12 field=activity_nature | 'Maintenance' not found in #workTypId. Available (1): ['New/Fresh']
2026-06-29 16:40:35 | WARNING  | row=12 field=start_month 'July' not found in #startMonthId. Available (3): ['January', 'February', 'March']
2026-06-29 16:40:35 | ERROR    | FAIL | row=12 field=start_month | 'July' not found in #startMonthId. Available (3): ['January', 'February', 'March']
2026-06-29 16:40:35 | WARNING  | row 12 attempt 2 FAIL: [activity_nature] 'Maintenance' not found in #workTypId. Available (1): ['New/Fresh'] | [start_month] 'July' not found in #startMonthId. Available (3): ['January', 'February', 'March']
2026-06-29 16:40:43 | WARNING  | row=12 field=activity_nature 'Maintenance' not found in #workTypId. Available (1): ['New/Fresh']
2026-06-29 16:40:43 | ERROR    | FAIL | row=12 field=activity_nature | 'Maintenance' not found in #workTypId. Available (1): ['New/Fresh']
2026-06-29 16:40:43 | WARNING  | row=12 field=start_month 'July' not found in #startMonthId. Available (3): ['January', 'February', 'March']
2026-06-29 16:40:43 | ERROR    | FAIL | row=12 field=start_month | 'July' not found in #startMonthId. Available (3): ['January', 'February', 'March']
2026-06-29 16:40:43 | WARNING  | row 12 attempt 3 FAIL: [activity_nature] 'Maintenance' not found in #workTypId. Available (1): ['New/Fresh'] | [start_month] 'July' not found in #startMonthId. Available (3): ['January', 'February', 'March']
2026-06-29 16:40:44 | ERROR    | row 12 FAILED after all retries
2026-06-29 16:40:44 | INFO     | -- row 13 | Access to Maternal Benefits
2026-06-29 16:40:49 | WARNING  | row=13 field=start_month 'August' not found in #startMonthId. Available (3): ['January', 'February', 'March']
2026-06-29 16:40:49 | ERROR    | FAIL | row=13 field=start_month | 'August' not found in #startMonthId. Available (3): ['January', 'February', 'March']
2026-06-29 16:40:49 | WARNING  | row 13 attempt 1 FAIL: [start_month] 'August' not found in #startMonthId. Available (3): ['January', 'February', 'March']
2026-06-29 16:40:58 | WARNING  | row=13 field=start_month 'August' not found in #startMonthId. Available (3): ['January', 'February', 'March']
2026-06-29 16:40:58 | ERROR    | FAIL | row=13 field=start_month | 'August' not found in #startMonthId. Available (3): ['January', 'February', 'March']
2026-06-29 16:40:58 | WARNING  | row 13 attempt 2 FAIL: [start_month] 'August' not found in #startMonthId. Available (3): ['January', 'February', 'March']
2026-06-29 16:41:06 | WARNING  | row=13 field=start_month 'August' not found in #startMonthId. Available (3): ['January', 'February', 'March']
2026-06-29 16:41:06 | ERROR    | FAIL | row=13 field=start_month | 'August' not found in #startMonthId. Available (3): ['January', 'February', 'March']
2026-06-29 16:41:07 | WARNING  | row 13 attempt 3 FAIL: [start_month] 'August' not found in #startMonthId. Available (3): ['January', 'February', 'March']
2026-06-29 16:41:07 | ERROR    | row 13 FAILED after all retries
2026-06-29 16:41:07 | INFO     | -- row 14 | Charages / Fees and other activites for ISO Certification
2026-06-29 16:41:12 | WARNING  | row=14 field=start_month 'September' not found in #startMonthId. Available (3): ['January', 'February', 'March']
2026-06-29 16:41:12 | ERROR    | FAIL | row=14 field=start_month | 'September' not found in #startMonthId. Available (3): ['January', 'February', 'March']
2026-06-29 16:41:12 | WARNING  | row 14 attempt 1 FAIL: [start_month] 'September' not found in #startMonthId. Available (3): ['January', 'February', 'March']
2026-06-29 16:41:20 | WARNING  | row=14 field=start_month 'September' not found in #startMonthId. Available (3): ['January', 'February', 'March']
2026-06-29 16:41:20 | ERROR    | FAIL | row=14 field=start_month | 'September' not found in #startMonthId. Available (3): ['January', 'February', 'March']
2026-06-29 16:41:20 | WARNING  | row 14 attempt 2 FAIL: [start_month] 'September' not found in #startMonthId. Available (3): ['January', 'February', 'March']
2026-06-29 16:41:29 | WARNING  | row=14 field=start_month 'September' not found in #startMonthId. Available (3): ['January', 'February', 'March']
2026-06-29 16:41:29 | ERROR    | FAIL | row=14 field=start_month | 'September' not found in #startMonthId. Available (3): ['January', 'February', 'March']
2026-06-29 16:41:30 | WARNING  | row 14 attempt 3 FAIL: [start_month] 'September' not found in #startMonthId. Available (3): ['January', 'February', 'March']
2026-06-29 16:41:30 | ERROR    | row 14 FAILED after all retries
2026-06-29 16:41:30 | INFO     | DONE 643s total=15 success=5 failed=10 rate=33.3%
2026-06-29 17:09:35 | INFO     | ============================================================
2026-06-29 17:09:35 | INFO     | eGramSwaraj Bot START (v5)
2026-06-29 17:09:35 | INFO     | ============================================================
2026-06-29 17:09:35 | INFO     | rows: total=15 done=0 pending=15
2026-06-29 17:09:39 | INFO     | Waiting for manual login -> addactivity.htm ...
2026-06-29 17:11:03 | INFO     | Form ready at: https://egramswaraj.gov.in/addactivity.htm
2026-06-29 17:11:12 | INFO     | -- row 0 | Activities realted to Record keeping /Maintainance of data b
2026-06-29 17:11:18 | INFO     | row 0 SUCCESS (attempt 1)
2026-06-29 17:11:18 | INFO     | -- row 1 | Awareness generation for use of natural products in daily li
2026-06-29 17:11:23 | INFO     | row 1 SUCCESS (attempt 1)
2026-06-29 17:11:23 | INFO     | -- row 2 | Awareness camp on behavioural issues of Mission LiFE
2026-06-29 17:11:29 | INFO     | row 2 SUCCESS (attempt 1)
2026-06-29 17:11:29 | INFO     | -- row 3 | Awareness campaign on SHG-PRI Convergence
2026-06-29 17:11:34 | WARNING  | row=3 field=activity_nature 'Maintenance' not found in #workTypId. Available (1): ['New/Fresh']
2026-06-29 17:11:35 | ERROR    | FAIL | row=3 field=activity_nature | 'Maintenance' not found in #workTypId. Available (1): ['New/Fresh']
2026-06-29 17:11:35 | WARNING  | row 3 attempt 1 FAIL: [activity_nature] 'Maintenance' not found in #workTypId. Available (1): ['New/Fresh']
2026-06-29 17:11:42 | WARNING  | row=3 field=activity_nature 'Maintenance' not found in #workTypId. Available (1): ['New/Fresh']
2026-06-29 17:11:42 | ERROR    | FAIL | row=3 field=activity_nature | 'Maintenance' not found in #workTypId. Available (1): ['New/Fresh']
2026-06-29 17:11:43 | WARNING  | row 3 attempt 2 FAIL: [activity_nature] 'Maintenance' not found in #workTypId. Available (1): ['New/Fresh']
2026-06-29 17:11:50 | WARNING  | row=3 field=activity_nature 'Maintenance' not found in #workTypId. Available (1): ['New/Fresh']
2026-06-29 17:11:50 | ERROR    | FAIL | row=3 field=activity_nature | 'Maintenance' not found in #workTypId. Available (1): ['New/Fresh']
2026-06-29 17:11:51 | WARNING  | row 3 attempt 3 FAIL: [activity_nature] 'Maintenance' not found in #workTypId. Available (1): ['New/Fresh']
2026-06-29 17:11:51 | ERROR    | row 3 FAILED after all retries
2026-06-29 17:11:51 | INFO     | -- row 4 | Amrit Sarovar/Pond/Farm Pond
2026-06-29 17:11:57 | INFO     | row 4 SUCCESS (attempt 1)
2026-06-29 17:11:57 | INFO     | -- row 5 | Awareness for active participation in Gram Sabha, Ward Sabha
2026-06-29 17:12:02 | INFO     | row 5 SUCCESS (attempt 1)
2026-06-29 17:12:02 | INFO     | -- row 6 | Awareness Campaign  pension
2026-06-29 17:12:09 | WARNING  | row=6 field=activity_nature 'Maintenance' not found in #workTypId. Available (1): ['New/Fresh']
2026-06-29 17:12:09 | ERROR    | FAIL | row=6 field=activity_nature | 'Maintenance' not found in #workTypId. Available (1): ['New/Fresh']
2026-06-29 17:12:10 | WARNING  | row=6 field=start_month 'January' not found in #startMonthId. Available (9): ['April', 'May', 'June', 'July', 'August', 'September', 'October', 'November', 'December']
2026-06-29 17:12:10 | ERROR    | FAIL | row=6 field=start_month | 'January' not found in #startMonthId. Available (9): ['April', 'May', 'June', 'July', 'August', 'September', 'October', 'November', 'December']
2026-06-29 17:12:10 | WARNING  | row 6 attempt 1 FAIL: [activity_nature] 'Maintenance' not found in #workTypId. Available (1): ['New/Fresh'] | [start_month] 'January' not found in #startMonthId. Available (9): ['April', 'May', 'June', 'July', 'August', 'September', 'October', 'November', 'December']
2026-06-29 17:12:17 | WARNING  | row=6 field=activity_nature 'Maintenance' not found in #workTypId. Available (1): ['New/Fresh']
2026-06-29 17:12:17 | ERROR    | FAIL | row=6 field=activity_nature | 'Maintenance' not found in #workTypId. Available (1): ['New/Fresh']
2026-06-29 17:12:17 | WARNING  | row=6 field=start_month 'January' not found in #startMonthId. Available (9): ['April', 'May', 'June', 'July', 'August', 'September', 'October', 'November', 'December']
2026-06-29 17:12:18 | ERROR    | FAIL | row=6 field=start_month | 'January' not found in #startMonthId. Available (9): ['April', 'May', 'June', 'July', 'August', 'September', 'October', 'November', 'December']
2026-06-29 17:12:18 | WARNING  | row 6 attempt 2 FAIL: [activity_nature] 'Maintenance' not found in #workTypId. Available (1): ['New/Fresh'] | [start_month] 'January' not found in #startMonthId. Available (9): ['April', 'May', 'June', 'July', 'August', 'September', 'October', 'November', 'December']
2026-06-29 17:12:31 | WARNING  | row=6 field=activity_nature 'Maintenance' not found in #workTypId. Available (1): ['New/Fresh']
2026-06-29 17:12:31 | ERROR    | FAIL | row=6 field=activity_nature | 'Maintenance' not found in #workTypId. Available (1): ['New/Fresh']
2026-06-29 17:12:32 | WARNING  | row=6 field=start_month 'January' not found in #startMonthId. Available (9): ['April', 'May', 'June', 'July', 'August', 'September', 'October', 'November', 'December']
2026-06-29 17:12:32 | ERROR    | FAIL | row=6 field=start_month | 'January' not found in #startMonthId. Available (9): ['April', 'May', 'June', 'July', 'August', 'September', 'October', 'November', 'December']
2026-06-29 17:12:32 | WARNING  | row 6 attempt 3 FAIL: [activity_nature] 'Maintenance' not found in #workTypId. Available (1): ['New/Fresh'] | [start_month] 'January' not found in #startMonthId. Available (9): ['April', 'May', 'June', 'July', 'August', 'September', 'October', 'November', 'December']
2026-06-29 17:12:33 | ERROR    | row 6 FAILED after all retries
2026-06-29 17:12:33 | INFO     | -- row 7 | Awareness on Public Services/ Service Delivery Provisions/ R
2026-06-29 17:12:38 | WARNING  | row=7 field=start_month 'February' not found in #startMonthId. Available (9): ['April', 'May', 'June', 'July', 'August', 'September', 'October', 'November', 'December']
2026-06-29 17:12:39 | ERROR    | FAIL | row=7 field=start_month | 'February' not found in #startMonthId. Available (9): ['April', 'May', 'June', 'July', 'August', 'September', 'October', 'November', 'December']
2026-06-29 17:12:39 | WARNING  | row 7 attempt 1 FAIL: [start_month] 'February' not found in #startMonthId. Available (9): ['April', 'May', 'June', 'July', 'August', 'September', 'October', 'November', 'December']
2026-06-29 17:12:47 | WARNING  | row=7 field=start_month 'February' not found in #startMonthId. Available (9): ['April', 'May', 'June', 'July', 'August', 'September', 'October', 'November', 'December']
2026-06-29 17:12:47 | ERROR    | FAIL | row=7 field=start_month | 'February' not found in #startMonthId. Available (9): ['April', 'May', 'June', 'July', 'August', 'September', 'October', 'November', 'December']
2026-06-29 17:12:48 | WARNING  | row 7 attempt 2 FAIL: [start_month] 'February' not found in #startMonthId. Available (9): ['April', 'May', 'June', 'July', 'August', 'September', 'October', 'November', 'December']
2026-06-29 17:12:55 | WARNING  | row=7 field=start_month 'February' not found in #startMonthId. Available (9): ['April', 'May', 'June', 'July', 'August', 'September', 'October', 'November', 'December']
2026-06-29 17:12:55 | ERROR    | FAIL | row=7 field=start_month | 'February' not found in #startMonthId. Available (9): ['April', 'May', 'June', 'July', 'August', 'September', 'October', 'November', 'December']
2026-06-29 17:12:56 | WARNING  | row 7 attempt 3 FAIL: [start_month] 'February' not found in #startMonthId. Available (9): ['April', 'May', 'June', 'July', 'August', 'September', 'October', 'November', 'December']
2026-06-29 17:12:56 | ERROR    | row 7 FAILED after all retries
2026-06-29 17:12:56 | INFO     | -- row 8 | Annual Expenses - Water Charges, Postal, Electricity Bills, 
2026-06-29 17:13:01 | WARNING  | row=8 field=activity_nature 'New/Fresh' not found in #workTypId. Available (1): ['Operational']
2026-06-29 17:13:01 | ERROR    | FAIL | row=8 field=activity_nature | 'New/Fresh' not found in #workTypId. Available (1): ['Operational']
2026-06-29 17:13:02 | WARNING  | row 8 attempt 1 FAIL: [activity_nature] 'New/Fresh' not found in #workTypId. Available (1): ['Operational']
2026-06-29 17:13:09 | WARNING  | row=8 field=activity_nature 'New/Fresh' not found in #workTypId. Available (1): ['Operational']
2026-06-29 17:13:09 | ERROR    | FAIL | row=8 field=activity_nature | 'New/Fresh' not found in #workTypId. Available (1): ['Operational']
2026-06-29 17:13:10 | WARNING  | row 8 attempt 2 FAIL: [activity_nature] 'New/Fresh' not found in #workTypId. Available (1): ['Operational']
2026-06-29 17:13:16 | WARNING  | row=8 field=activity_nature 'New/Fresh' not found in #workTypId. Available (1): ['Operational']
2026-06-29 17:13:17 | ERROR    | FAIL | row=8 field=activity_nature | 'New/Fresh' not found in #workTypId. Available (1): ['Operational']
2026-06-29 17:13:17 | WARNING  | row 8 attempt 3 FAIL: [activity_nature] 'New/Fresh' not found in #workTypId. Available (1): ['Operational']
2026-06-29 17:13:17 | ERROR    | row 8 FAILED after all retries
2026-06-29 17:13:17 | INFO     | -- row 9 | Awareness on disaster preparedness and mitigation
2026-06-29 17:13:22 | WARNING  | row=9 field=activity_nature 'Maintenance' not found in #workTypId. Available (1): ['New/Fresh']
2026-06-29 17:13:22 | ERROR    | FAIL | row=9 field=activity_nature | 'Maintenance' not found in #workTypId. Available (1): ['New/Fresh']
2026-06-29 17:13:23 | WARNING  | row=9 field=start_month 'April' not found in #startMonthId. Available (3): ['January', 'February', 'March']
2026-06-29 17:13:23 | ERROR    | FAIL | row=9 field=start_month | 'April' not found in #startMonthId. Available (3): ['January', 'February', 'March']
2026-06-29 17:13:23 | WARNING  | row 9 attempt 1 FAIL: [activity_nature] 'Maintenance' not found in #workTypId. Available (1): ['New/Fresh'] | [start_month] 'April' not found in #startMonthId. Available (3): ['January', 'February', 'March']
2026-06-29 17:13:31 | WARNING  | row=9 field=activity_nature 'Maintenance' not found in #workTypId. Available (1): ['New/Fresh']
2026-06-29 17:13:31 | ERROR    | FAIL | row=9 field=activity_nature | 'Maintenance' not found in #workTypId. Available (1): ['New/Fresh']
2026-06-29 17:13:31 | WARNING  | row=9 field=start_month 'April' not found in #startMonthId. Available (3): ['January', 'February', 'March']
2026-06-29 17:13:31 | ERROR    | FAIL | row=9 field=start_month | 'April' not found in #startMonthId. Available (3): ['January', 'February', 'March']
2026-06-29 17:13:31 | WARNING  | row 9 attempt 2 FAIL: [activity_nature] 'Maintenance' not found in #workTypId. Available (1): ['New/Fresh'] | [start_month] 'April' not found in #startMonthId. Available (3): ['January', 'February', 'March']
2026-06-29 17:13:38 | WARNING  | row=9 field=activity_nature 'Maintenance' not found in #workTypId. Available (1): ['New/Fresh']
2026-06-29 17:13:39 | ERROR    | FAIL | row=9 field=activity_nature | 'Maintenance' not found in #workTypId. Available (1): ['New/Fresh']
2026-06-29 17:13:39 | WARNING  | row=9 field=start_month 'April' not found in #startMonthId. Available (3): ['January', 'February', 'March']
2026-06-29 17:13:39 | ERROR    | FAIL | row=9 field=start_month | 'April' not found in #startMonthId. Available (3): ['January', 'February', 'March']
2026-06-29 17:13:40 | WARNING  | row 9 attempt 3 FAIL: [activity_nature] 'Maintenance' not found in #workTypId. Available (1): ['New/Fresh'] | [start_month] 'April' not found in #startMonthId. Available (3): ['January', 'February', 'March']
2026-06-29 17:13:40 | ERROR    | row 9 FAILED after all retries
2026-06-29 17:13:40 | INFO     | -- row 10 | Awareness on inclusion of beneficiaries under different sche
2026-06-29 17:13:45 | WARNING  | row=10 field=start_month 'May' not found in #startMonthId. Available (3): ['January', 'February', 'March']
2026-06-29 17:13:45 | ERROR    | FAIL | row=10 field=start_month | 'May' not found in #startMonthId. Available (3): ['January', 'February', 'March']
2026-06-29 17:13:46 | WARNING  | row 10 attempt 1 FAIL: [start_month] 'May' not found in #startMonthId. Available (3): ['January', 'February', 'March']
2026-06-29 17:13:53 | WARNING  | row=10 field=start_month 'May' not found in #startMonthId. Available (3): ['January', 'February', 'March']
2026-06-29 17:13:53 | ERROR    | FAIL | row=10 field=start_month | 'May' not found in #startMonthId. Available (3): ['January', 'February', 'March']
2026-06-29 17:13:53 | WARNING  | row 10 attempt 2 FAIL: [start_month] 'May' not found in #startMonthId. Available (3): ['January', 'February', 'March']
2026-06-29 17:14:01 | WARNING  | row=10 field=start_month 'May' not found in #startMonthId. Available (3): ['January', 'February', 'March']
2026-06-29 17:14:01 | ERROR    | FAIL | row=10 field=start_month | 'May' not found in #startMonthId. Available (3): ['January', 'February', 'March']
2026-06-29 17:14:01 | WARNING  | row 10 attempt 3 FAIL: [start_month] 'May' not found in #startMonthId. Available (3): ['January', 'February', 'March']
2026-06-29 17:14:01 | ERROR    | row 10 FAILED after all retries
2026-06-29 17:14:01 | INFO     | -- row 11 | Awareness Campaign on services of ICDS
2026-06-29 17:14:06 | WARNING  | row=11 field=start_month 'June' not found in #startMonthId. Available (3): ['January', 'February', 'March']
2026-06-29 17:14:06 | ERROR    | FAIL | row=11 field=start_month | 'June' not found in #startMonthId. Available (3): ['January', 'February', 'March']
2026-06-29 17:14:07 | WARNING  | row 11 attempt 1 FAIL: [start_month] 'June' not found in #startMonthId. Available (3): ['January', 'February', 'March']
2026-06-29 17:14:15 | WARNING  | row=11 field=start_month 'June' not found in #startMonthId. Available (3): ['January', 'February', 'March']
2026-06-29 17:14:15 | ERROR    | FAIL | row=11 field=start_month | 'June' not found in #startMonthId. Available (3): ['January', 'February', 'March']
2026-06-29 17:14:15 | WARNING  | row 11 attempt 2 FAIL: [start_month] 'June' not found in #startMonthId. Available (3): ['January', 'February', 'March']
2026-06-29 17:14:24 | WARNING  | row=11 field=start_month 'June' not found in #startMonthId. Available (3): ['January', 'February', 'March']
2026-06-29 17:14:24 | ERROR    | FAIL | row=11 field=start_month | 'June' not found in #startMonthId. Available (3): ['January', 'February', 'March']
2026-06-29 17:14:24 | WARNING  | row 11 attempt 3 FAIL: [start_month] 'June' not found in #startMonthId. Available (3): ['January', 'February', 'March']
2026-06-29 17:14:25 | ERROR    | row 11 FAILED after all retries
2026-06-29 17:14:25 | INFO     | -- row 12 | Capacity Building & Training of Elected Representatives & Fu
2026-06-29 17:14:31 | WARNING  | row=12 field=activity_nature 'Maintenance' not found in #workTypId. Available (1): ['New/Fresh']
2026-06-29 17:14:31 | ERROR    | FAIL | row=12 field=activity_nature | 'Maintenance' not found in #workTypId. Available (1): ['New/Fresh']
2026-06-29 17:14:32 | WARNING  | row=12 field=start_month 'July' not found in #startMonthId. Available (3): ['January', 'February', 'March']
2026-06-29 17:14:32 | ERROR    | FAIL | row=12 field=start_month | 'July' not found in #startMonthId. Available (3): ['January', 'February', 'March']
2026-06-29 17:14:32 | WARNING  | row 12 attempt 1 FAIL: [activity_nature] 'Maintenance' not found in #workTypId. Available (1): ['New/Fresh'] | [start_month] 'July' not found in #startMonthId. Available (3): ['January', 'February', 'March']
2026-06-29 17:14:41 | WARNING  | row=12 field=activity_nature 'Maintenance' not found in #workTypId. Available (1): ['New/Fresh']
2026-06-29 17:14:41 | ERROR    | FAIL | row=12 field=activity_nature | 'Maintenance' not found in #workTypId. Available (1): ['New/Fresh']
2026-06-29 17:14:42 | WARNING  | row=12 field=start_month 'July' not found in #startMonthId. Available (3): ['January', 'February', 'March']
2026-06-29 17:14:42 | ERROR    | FAIL | row=12 field=start_month | 'July' not found in #startMonthId. Available (3): ['January', 'February', 'March']
2026-06-29 17:14:42 | WARNING  | row 12 attempt 2 FAIL: [activity_nature] 'Maintenance' not found in #workTypId. Available (1): ['New/Fresh'] | [start_month] 'July' not found in #startMonthId. Available (3): ['January', 'February', 'March']
2026-06-29 17:14:49 | WARNING  | row=12 field=activity_nature 'Maintenance' not found in #workTypId. Available (1): ['New/Fresh']
2026-06-29 17:14:50 | ERROR    | FAIL | row=12 field=activity_nature | 'Maintenance' not found in #workTypId. Available (1): ['New/Fresh']
2026-06-29 17:14:50 | WARNING  | row=12 field=start_month 'July' not found in #startMonthId. Available (3): ['January', 'February', 'March']
2026-06-29 17:14:50 | ERROR    | FAIL | row=12 field=start_month | 'July' not found in #startMonthId. Available (3): ['January', 'February', 'March']
2026-06-29 17:14:51 | WARNING  | row 12 attempt 3 FAIL: [activity_nature] 'Maintenance' not found in #workTypId. Available (1): ['New/Fresh'] | [start_month] 'July' not found in #startMonthId. Available (3): ['January', 'February', 'March']
2026-06-29 17:14:51 | ERROR    | row 12 FAILED after all retries
2026-06-29 17:14:51 | INFO     | -- row 13 | Access to Maternal Benefits
2026-06-29 17:14:57 | WARNING  | row=13 field=start_month 'August' not found in #startMonthId. Available (3): ['January', 'February', 'March']
2026-06-29 17:14:57 | ERROR    | FAIL | row=13 field=start_month | 'August' not found in #startMonthId. Available (3): ['January', 'February', 'March']
2026-06-29 17:14:57 | WARNING  | row 13 attempt 1 FAIL: [start_month] 'August' not found in #startMonthId. Available (3): ['January', 'February', 'March']
2026-06-29 17:15:06 | WARNING  | row=13 field=start_month 'August' not found in #startMonthId. Available (3): ['January', 'February', 'March']
2026-06-29 17:15:06 | ERROR    | FAIL | row=13 field=start_month | 'August' not found in #startMonthId. Available (3): ['January', 'February', 'March']
2026-06-29 17:15:06 | WARNING  | row 13 attempt 2 FAIL: [start_month] 'August' not found in #startMonthId. Available (3): ['January', 'February', 'March']
2026-06-29 17:15:14 | WARNING  | row=13 field=start_month 'August' not found in #startMonthId. Available (3): ['January', 'February', 'March']
2026-06-29 17:15:14 | ERROR    | FAIL | row=13 field=start_month | 'August' not found in #startMonthId. Available (3): ['January', 'February', 'March']
2026-06-29 17:15:14 | WARNING  | row 13 attempt 3 FAIL: [start_month] 'August' not found in #startMonthId. Available (3): ['January', 'February', 'March']
2026-06-29 17:15:15 | ERROR    | row 13 FAILED after all retries
2026-06-29 17:15:15 | INFO     | -- row 14 | Charages / Fees and other activites for ISO Certification
2026-06-29 17:15:20 | WARNING  | row=14 field=start_month 'September' not found in #startMonthId. Available (3): ['January', 'February', 'March']
2026-06-29 17:15:20 | ERROR    | FAIL | row=14 field=start_month | 'September' not found in #startMonthId. Available (3): ['January', 'February', 'March']
2026-06-29 17:15:21 | WARNING  | row 14 attempt 1 FAIL: [start_month] 'September' not found in #startMonthId. Available (3): ['January', 'February', 'March']
2026-06-29 17:15:29 | WARNING  | row=14 field=start_month 'September' not found in #startMonthId. Available (3): ['January', 'February', 'March']
2026-06-29 17:15:29 | ERROR    | FAIL | row=14 field=start_month | 'September' not found in #startMonthId. Available (3): ['January', 'February', 'March']
2026-06-29 17:15:29 | WARNING  | row 14 attempt 2 FAIL: [start_month] 'September' not found in #startMonthId. Available (3): ['January', 'February', 'March']
2026-06-29 17:15:37 | WARNING  | row=14 field=start_month 'September' not found in #startMonthId. Available (3): ['January', 'February', 'March']
2026-06-29 17:15:37 | ERROR    | FAIL | row=14 field=start_month | 'September' not found in #startMonthId. Available (3): ['January', 'February', 'March']
2026-06-29 17:15:37 | WARNING  | row 14 attempt 3 FAIL: [start_month] 'September' not found in #startMonthId. Available (3): ['January', 'February', 'March']
2026-06-29 17:15:37 | ERROR    | row 14 FAILED after all retries
2026-06-29 17:15:38 | INFO     | DONE 363s total=15 success=5 failed=10 rate=33.3%
2026-06-29 17:22:33 | INFO     | ============================================================
2026-06-29 17:22:33 | INFO     | eGramSwaraj Bot START (v5)
2026-06-29 17:22:33 | INFO     | ============================================================
2026-06-29 17:22:33 | INFO     | rows: total=15 done=0 pending=15
2026-06-29 17:22:38 | INFO     | Waiting for manual login -> addactivity.htm ...
2026-06-29 17:23:58 | INFO     | Form ready at: https://egramswaraj.gov.in/addactivity.htm
2026-06-29 17:24:03 | INFO     | -- row 0 | Activities realted to Record keeping /Maintainance of data b
2026-06-29 17:24:09 | WARNING  | row=0 field=activity_nature 'New/Fresh' not found in #workTypId. Available (1): ['Maintenance']
2026-06-29 17:24:09 | ERROR    | FAIL | row=0 field=activity_nature | 'New/Fresh' not found in #workTypId. Available (1): ['Maintenance']
2026-06-29 17:24:10 | WARNING  | row 0 attempt 1 FAIL: [activity_nature] 'New/Fresh' not found in #workTypId. Available (1): ['Maintenance']
2026-06-29 17:24:17 | WARNING  | row=0 field=activity_nature 'New/Fresh' not found in #workTypId. Available (1): ['Maintenance']
2026-06-29 17:24:18 | ERROR    | FAIL | row=0 field=activity_nature | 'New/Fresh' not found in #workTypId. Available (1): ['Maintenance']
2026-06-29 17:24:18 | WARNING  | row 0 attempt 2 FAIL: [activity_nature] 'New/Fresh' not found in #workTypId. Available (1): ['Maintenance']
2026-06-29 17:24:26 | WARNING  | row=0 field=activity_nature 'New/Fresh' not found in #workTypId. Available (1): ['Maintenance']
2026-06-29 17:24:26 | ERROR    | FAIL | row=0 field=activity_nature | 'New/Fresh' not found in #workTypId. Available (1): ['Maintenance']
2026-06-29 17:24:27 | WARNING  | row 0 attempt 3 FAIL: [activity_nature] 'New/Fresh' not found in #workTypId. Available (1): ['Maintenance']
2026-06-29 17:24:27 | ERROR    | row 0 FAILED after all retries
2026-06-29 17:24:27 | INFO     | -- row 1 | Awareness generation for use of natural products in daily li
2026-06-29 17:24:35 | INFO     | row 1 SUCCESS (attempt 1)
2026-06-29 17:24:35 | INFO     | -- row 2 | Awareness camp on behavioural issues of Mission LiFE
2026-06-29 17:24:43 | INFO     | row 2 SUCCESS (attempt 1)
2026-06-29 17:24:43 | INFO     | -- row 3 | Awareness campaign on SHG-PRI Convergence
2026-06-29 17:24:51 | INFO     | row 3 SUCCESS (attempt 1)
2026-06-29 17:24:51 | INFO     | -- row 4 | Amrit Sarovar/Pond/Farm Pond
2026-06-29 17:24:57 | INFO     | row 4 SUCCESS (attempt 1)
2026-06-29 17:24:57 | INFO     | -- row 5 | Awareness for active participation in Gram Sabha, Ward Sabha
2026-06-29 17:25:05 | INFO     | row 5 SUCCESS (attempt 1)
2026-06-29 17:25:05 | INFO     | -- row 6 | Awareness Campaign  pension
2026-06-29 17:25:11 | WARNING  | row=6 field=start_month 'January' not found in #startMonthId. Available (9): ['April', 'May', 'June', 'July', 'August', 'September', 'October', 'November', 'December']
2026-06-29 17:25:11 | ERROR    | FAIL | row=6 field=start_month | 'January' not found in #startMonthId. Available (9): ['April', 'May', 'June', 'July', 'August', 'September', 'October', 'November', 'December']
2026-06-29 17:25:11 | WARNING  | row 6 attempt 1 FAIL: [start_month] 'January' not found in #startMonthId. Available (9): ['April', 'May', 'June', 'July', 'August', 'September', 'October', 'November', 'December']
2026-06-29 17:25:20 | WARNING  | row=6 field=start_month 'January' not found in #startMonthId. Available (9): ['April', 'May', 'June', 'July', 'August', 'September', 'October', 'November', 'December']
2026-06-29 17:25:20 | ERROR    | FAIL | row=6 field=start_month | 'January' not found in #startMonthId. Available (9): ['April', 'May', 'June', 'July', 'August', 'September', 'October', 'November', 'December']
2026-06-29 17:25:20 | WARNING  | row 6 attempt 2 FAIL: [start_month] 'January' not found in #startMonthId. Available (9): ['April', 'May', 'June', 'July', 'August', 'September', 'October', 'November', 'December']
2026-06-29 17:25:31 | WARNING  | row=6 field=start_month 'January' not found in #startMonthId. Available (9): ['April', 'May', 'June', 'July', 'August', 'September', 'October', 'November', 'December']
2026-06-29 17:25:31 | ERROR    | FAIL | row=6 field=start_month | 'January' not found in #startMonthId. Available (9): ['April', 'May', 'June', 'July', 'August', 'September', 'October', 'November', 'December']
2026-06-29 17:25:31 | WARNING  | row 6 attempt 3 FAIL: [start_month] 'January' not found in #startMonthId. Available (9): ['April', 'May', 'June', 'July', 'August', 'September', 'October', 'November', 'December']
2026-06-29 17:25:31 | ERROR    | row 6 FAILED after all retries
2026-06-29 17:25:31 | INFO     | -- row 7 | Awareness on Public Services/ Service Delivery Provisions/ R
2026-06-29 17:25:38 | WARNING  | row=7 field=start_month 'February' not found in #startMonthId. Available (9): ['April', 'May', 'June', 'July', 'August', 'September', 'October', 'November', 'December']
2026-06-29 17:25:38 | ERROR    | FAIL | row=7 field=start_month | 'February' not found in #startMonthId. Available (9): ['April', 'May', 'June', 'July', 'August', 'September', 'October', 'November', 'December']
2026-06-29 17:25:39 | WARNING  | row 7 attempt 1 FAIL: [start_month] 'February' not found in #startMonthId. Available (9): ['April', 'May', 'June', 'July', 'August', 'September', 'October', 'November', 'December']
2026-06-29 17:25:47 | WARNING  | row=7 field=start_month 'February' not found in #startMonthId. Available (9): ['April', 'May', 'June', 'July', 'August', 'September', 'October', 'November', 'December']
2026-06-29 17:25:47 | ERROR    | FAIL | row=7 field=start_month | 'February' not found in #startMonthId. Available (9): ['April', 'May', 'June', 'July', 'August', 'September', 'October', 'November', 'December']
2026-06-29 17:25:47 | WARNING  | row 7 attempt 2 FAIL: [start_month] 'February' not found in #startMonthId. Available (9): ['April', 'May', 'June', 'July', 'August', 'September', 'October', 'November', 'December']
2026-06-29 17:25:56 | WARNING  | row=7 field=start_month 'February' not found in #startMonthId. Available (9): ['April', 'May', 'June', 'July', 'August', 'September', 'October', 'November', 'December']
2026-06-29 17:25:56 | ERROR    | FAIL | row=7 field=start_month | 'February' not found in #startMonthId. Available (9): ['April', 'May', 'June', 'July', 'August', 'September', 'October', 'November', 'December']
2026-06-29 17:25:56 | WARNING  | row 7 attempt 3 FAIL: [start_month] 'February' not found in #startMonthId. Available (9): ['April', 'May', 'June', 'July', 'August', 'September', 'October', 'November', 'December']
2026-06-29 17:25:56 | ERROR    | row 7 FAILED after all retries
2026-06-29 17:25:56 | INFO     | -- row 8 | Annual Expenses - Water Charges, Postal, Electricity Bills, 
2026-06-29 17:26:03 | WARNING  | row=8 field=activity_nature 'New/Fresh' not found in #workTypId. Available (1): ['Operational']
2026-06-29 17:26:03 | ERROR    | FAIL | row=8 field=activity_nature | 'New/Fresh' not found in #workTypId. Available (1): ['Operational']
2026-06-29 17:26:04 | WARNING  | row 8 attempt 1 FAIL: [activity_nature] 'New/Fresh' not found in #workTypId. Available (1): ['Operational']
2026-06-29 17:26:12 | WARNING  | row=8 field=activity_nature 'New/Fresh' not found in #workTypId. Available (1): ['Operational']
2026-06-29 17:26:12 | ERROR    | FAIL | row=8 field=activity_nature | 'New/Fresh' not found in #workTypId. Available (1): ['Operational']
2026-06-29 17:26:13 | WARNING  | row 8 attempt 2 FAIL: [activity_nature] 'New/Fresh' not found in #workTypId. Available (1): ['Operational']
2026-06-29 17:26:21 | WARNING  | row=8 field=activity_nature 'New/Fresh' not found in #workTypId. Available (1): ['Operational']
2026-06-29 17:26:21 | ERROR    | FAIL | row=8 field=activity_nature | 'New/Fresh' not found in #workTypId. Available (1): ['Operational']
2026-06-29 17:26:22 | WARNING  | row 8 attempt 3 FAIL: [activity_nature] 'New/Fresh' not found in #workTypId. Available (1): ['Operational']
2026-06-29 17:26:22 | ERROR    | row 8 FAILED after all retries
2026-06-29 17:26:22 | INFO     | -- row 9 | Awareness on disaster preparedness and mitigation
2026-06-29 17:26:29 | WARNING  | row=9 field=start_month 'April' not found in #startMonthId. Available (3): ['January', 'February', 'March']
2026-06-29 17:26:29 | ERROR    | FAIL | row=9 field=start_month | 'April' not found in #startMonthId. Available (3): ['January', 'February', 'March']
2026-06-29 17:26:29 | WARNING  | row 9 attempt 1 FAIL: [start_month] 'April' not found in #startMonthId. Available (3): ['January', 'February', 'March']
2026-06-29 17:26:38 | WARNING  | row=9 field=start_month 'April' not found in #startMonthId. Available (3): ['January', 'February', 'March']
2026-06-29 17:26:38 | ERROR    | FAIL | row=9 field=start_month | 'April' not found in #startMonthId. Available (3): ['January', 'February', 'March']
2026-06-29 17:26:38 | WARNING  | row 9 attempt 2 FAIL: [start_month] 'April' not found in #startMonthId. Available (3): ['January', 'February', 'March']
2026-06-29 17:26:48 | WARNING  | row=9 field=start_month 'April' not found in #startMonthId. Available (3): ['January', 'February', 'March']
2026-06-29 17:26:48 | ERROR    | FAIL | row=9 field=start_month | 'April' not found in #startMonthId. Available (3): ['January', 'February', 'March']
2026-06-29 17:26:48 | WARNING  | row 9 attempt 3 FAIL: [start_month] 'April' not found in #startMonthId. Available (3): ['January', 'February', 'March']
2026-06-29 17:26:48 | ERROR    | row 9 FAILED after all retries
2026-06-29 17:26:48 | INFO     | -- row 10 | Awareness on inclusion of beneficiaries under different sche
2026-06-29 17:26:55 | WARNING  | row=10 field=start_month 'May' not found in #startMonthId. Available (3): ['January', 'February', 'March']
2026-06-29 17:26:55 | ERROR    | FAIL | row=10 field=start_month | 'May' not found in #startMonthId. Available (3): ['January', 'February', 'March']
2026-06-29 17:26:55 | WARNING  | row 10 attempt 1 FAIL: [start_month] 'May' not found in #startMonthId. Available (3): ['January', 'February', 'March']
2026-06-29 17:27:03 | WARNING  | row=10 field=start_month 'May' not found in #startMonthId. Available (3): ['January', 'February', 'March']
2026-06-29 17:27:03 | ERROR    | FAIL | row=10 field=start_month | 'May' not found in #startMonthId. Available (3): ['January', 'February', 'March']
2026-06-29 17:27:03 | WARNING  | row 10 attempt 2 FAIL: [start_month] 'May' not found in #startMonthId. Available (3): ['January', 'February', 'March']
2026-06-29 17:27:11 | WARNING  | row=10 field=start_month 'May' not found in #startMonthId. Available (3): ['January', 'February', 'March']
2026-06-29 17:27:11 | ERROR    | FAIL | row=10 field=start_month | 'May' not found in #startMonthId. Available (3): ['January', 'February', 'March']
2026-06-29 17:27:11 | WARNING  | row 10 attempt 3 FAIL: [start_month] 'May' not found in #startMonthId. Available (3): ['January', 'February', 'March']
2026-06-29 17:27:11 | ERROR    | row 10 FAILED after all retries
2026-06-29 17:27:11 | INFO     | -- row 11 | Awareness Campaign on services of ICDS
2026-06-29 17:27:18 | WARNING  | row=11 field=start_month 'June' not found in #startMonthId. Available (3): ['January', 'February', 'March']
2026-06-29 17:27:18 | ERROR    | FAIL | row=11 field=start_month | 'June' not found in #startMonthId. Available (3): ['January', 'February', 'March']
2026-06-29 17:27:18 | WARNING  | row 11 attempt 1 FAIL: [start_month] 'June' not found in #startMonthId. Available (3): ['January', 'February', 'March']
2026-06-29 17:27:27 | WARNING  | row=11 field=start_month 'June' not found in #startMonthId. Available (3): ['January', 'February', 'March']
2026-06-29 17:27:27 | ERROR    | FAIL | row=11 field=start_month | 'June' not found in #startMonthId. Available (3): ['January', 'February', 'March']
2026-06-29 17:27:27 | WARNING  | row 11 attempt 2 FAIL: [start_month] 'June' not found in #startMonthId. Available (3): ['January', 'February', 'March']
2026-06-29 17:27:36 | WARNING  | row=11 field=start_month 'June' not found in #startMonthId. Available (3): ['January', 'February', 'March']
2026-06-29 17:27:36 | ERROR    | FAIL | row=11 field=start_month | 'June' not found in #startMonthId. Available (3): ['January', 'February', 'March']
2026-06-29 17:27:36 | WARNING  | row 11 attempt 3 FAIL: [start_month] 'June' not found in #startMonthId. Available (3): ['January', 'February', 'March']
2026-06-29 17:27:36 | ERROR    | row 11 FAILED after all retries
2026-06-29 17:27:36 | INFO     | -- row 12 | Capacity Building & Training of Elected Representatives & Fu
2026-06-29 17:27:43 | WARNING  | row=12 field=start_month 'July' not found in #startMonthId. Available (3): ['January', 'February', 'March']
2026-06-29 17:27:43 | ERROR    | FAIL | row=12 field=start_month | 'July' not found in #startMonthId. Available (3): ['January', 'February', 'March']
2026-06-29 17:27:43 | WARNING  | row 12 attempt 1 FAIL: [start_month] 'July' not found in #startMonthId. Available (3): ['January', 'February', 'March']
2026-06-29 17:27:51 | WARNING  | row=12 field=start_month 'July' not found in #startMonthId. Available (3): ['January', 'February', 'March']
2026-06-29 17:27:52 | ERROR    | FAIL | row=12 field=start_month | 'July' not found in #startMonthId. Available (3): ['January', 'February', 'March']
2026-06-29 17:27:52 | WARNING  | row 12 attempt 2 FAIL: [start_month] 'July' not found in #startMonthId. Available (3): ['January', 'February', 'March']
2026-06-29 17:28:00 | WARNING  | row=12 field=start_month 'July' not found in #startMonthId. Available (3): ['January', 'February', 'March']
2026-06-29 17:28:00 | ERROR    | FAIL | row=12 field=start_month | 'July' not found in #startMonthId. Available (3): ['January', 'February', 'March']
2026-06-29 17:28:00 | WARNING  | row 12 attempt 3 FAIL: [start_month] 'July' not found in #startMonthId. Available (3): ['January', 'February', 'March']
2026-06-29 17:28:00 | ERROR    | row 12 FAILED after all retries
2026-06-29 17:28:00 | INFO     | -- row 13 | Access to Maternal Benefits
2026-06-29 17:28:06 | WARNING  | row=13 field=start_month 'August' not found in #startMonthId. Available (3): ['January', 'February', 'March']
2026-06-29 17:28:06 | ERROR    | FAIL | row=13 field=start_month | 'August' not found in #startMonthId. Available (3): ['January', 'February', 'March']
2026-06-29 17:28:06 | WARNING  | row 13 attempt 1 FAIL: [start_month] 'August' not found in #startMonthId. Available (3): ['January', 'February', 'March']
2026-06-29 17:28:14 | WARNING  | row=13 field=start_month 'August' not found in #startMonthId. Available (3): ['January', 'February', 'March']
2026-06-29 17:28:14 | ERROR    | FAIL | row=13 field=start_month | 'August' not found in #startMonthId. Available (3): ['January', 'February', 'March']
2026-06-29 17:28:14 | WARNING  | row 13 attempt 2 FAIL: [start_month] 'August' not found in #startMonthId. Available (3): ['January', 'February', 'March']
2026-06-29 17:28:23 | WARNING  | row=13 field=start_month 'August' not found in #startMonthId. Available (3): ['January', 'February', 'March']
2026-06-29 17:28:23 | ERROR    | FAIL | row=13 field=start_month | 'August' not found in #startMonthId. Available (3): ['January', 'February', 'March']
2026-06-29 17:28:23 | WARNING  | row 13 attempt 3 FAIL: [start_month] 'August' not found in #startMonthId. Available (3): ['January', 'February', 'March']
2026-06-29 17:28:24 | ERROR    | row 13 FAILED after all retries
2026-06-29 17:28:24 | INFO     | -- row 14 | Charages / Fees and other activites for ISO Certification
2026-06-29 17:28:30 | WARNING  | row=14 field=start_month 'September' not found in #startMonthId. Available (3): ['January', 'February', 'March']
2026-06-29 17:28:30 | ERROR    | FAIL | row=14 field=start_month | 'September' not found in #startMonthId. Available (3): ['January', 'February', 'March']
2026-06-29 17:28:30 | WARNING  | row 14 attempt 1 FAIL: [start_month] 'September' not found in #startMonthId. Available (3): ['January', 'February', 'March']
2026-06-29 17:28:39 | WARNING  | row=14 field=start_month 'September' not found in #startMonthId. Available (3): ['January', 'February', 'March']
2026-06-29 17:28:39 | ERROR    | FAIL | row=14 field=start_month | 'September' not found in #startMonthId. Available (3): ['January', 'February', 'March']
2026-06-29 17:28:40 | WARNING  | row 14 attempt 2 FAIL: [start_month] 'September' not found in #startMonthId. Available (3): ['January', 'February', 'March']
2026-06-29 17:28:48 | WARNING  | row=14 field=start_month 'September' not found in #startMonthId. Available (3): ['January', 'February', 'March']
2026-06-29 17:28:48 | ERROR    | FAIL | row=14 field=start_month | 'September' not found in #startMonthId. Available (3): ['January', 'February', 'March']
2026-06-29 17:28:48 | WARNING  | row 14 attempt 3 FAIL: [start_month] 'September' not found in #startMonthId. Available (3): ['January', 'February', 'March']
2026-06-29 17:28:48 | ERROR    | row 14 FAILED after all retries
2026-06-29 17:28:48 | INFO     | DONE 376s total=15 success=5 failed=10 rate=33.3%
2026-06-29 17:39:55 | INFO     | ============================================================
2026-06-29 17:39:55 | INFO     | eGramSwaraj Bot START (v5)
2026-06-29 17:39:55 | INFO     | ============================================================
2026-06-29 17:39:55 | INFO     | rows: total=15 done=0 pending=15
2026-06-29 17:39:59 | INFO     | Waiting for manual login -> addactivity.htm ...
2026-06-29 17:41:10 | INFO     | Form ready at: https://egramswaraj.gov.in/addactivity.htm
2026-06-29 17:41:14 | INFO     | -- row 0 | Activities realted to Record keeping /Maintainance of data b
2026-06-29 17:41:19 | INFO     | row 0 SUCCESS (attempt 1)
2026-06-29 17:41:19 | INFO     | -- row 1 | Awareness generation for use of natural products in daily li
2026-06-29 17:41:25 | INFO     | row 1 SUCCESS (attempt 1)
2026-06-29 17:41:25 | INFO     | -- row 2 | Awareness camp on behavioural issues of Mission LiFE
2026-06-29 17:41:30 | INFO     | row 2 SUCCESS (attempt 1)
2026-06-29 17:41:30 | INFO     | -- row 3 | Awareness campaign on SHG-PRI Convergence
2026-06-29 17:41:36 | INFO     | row 3 SUCCESS (attempt 1)
2026-06-29 17:41:36 | INFO     | -- row 4 | Amrit Sarovar/Pond/Farm Pond
2026-06-29 17:41:41 | INFO     | row 4 SUCCESS (attempt 1)
2026-06-29 17:41:41 | INFO     | -- row 5 | Awareness for active participation in Gram Sabha, Ward Sabha
2026-06-29 17:41:46 | INFO     | row 5 SUCCESS (attempt 1)
2026-06-29 17:41:46 | INFO     | -- row 6 | Awareness Campaign  pension
2026-06-29 17:41:51 | INFO     | row 6 SUCCESS (attempt 1)
2026-06-29 17:41:51 | INFO     | -- row 7 | Awareness on Public Services/ Service Delivery Provisions/ R
2026-06-29 17:41:57 | INFO     | row 7 SUCCESS (attempt 1)
2026-06-29 17:41:57 | INFO     | -- row 8 | Annual Expenses - Water Charges, Postal, Electricity Bills, 
2026-06-29 17:42:02 | INFO     | row 8 SUCCESS (attempt 1)
2026-06-29 17:42:02 | INFO     | -- row 9 | Awareness on disaster preparedness and mitigation
2026-06-29 17:42:08 | INFO     | row 9 SUCCESS (attempt 1)
2026-06-29 17:42:08 | INFO     | -- row 10 | Awareness on inclusion of beneficiaries under different sche
2026-06-29 17:42:15 | INFO     | row 10 SUCCESS (attempt 1)
2026-06-29 17:42:15 | INFO     | -- row 11 | Awareness Campaign on services of ICDS
2026-06-29 17:42:20 | INFO     | row 11 SUCCESS (attempt 1)
2026-06-29 17:42:20 | INFO     | -- row 12 | Capacity Building & Training of Elected Representatives & Fu
2026-06-29 17:42:26 | INFO     | row 12 SUCCESS (attempt 1)
2026-06-29 17:42:26 | INFO     | -- row 13 | Access to Maternal Benefits
2026-06-29 17:42:32 | INFO     | row 13 SUCCESS (attempt 1)
2026-06-29 17:42:32 | INFO     | -- row 14 | Charages / Fees and other activites for ISO Certification
2026-06-29 17:42:40 | INFO     | row 14 SUCCESS (attempt 1)
2026-06-29 17:42:40 | INFO     | DONE 165s total=15 success=15 failed=0 rate=100.0%
2026-06-29 18:05:03 | INFO     | ============================================================
2026-06-29 18:05:03 | INFO     | eGramSwaraj Bot START (v5)
2026-06-29 18:05:03 | INFO     | ============================================================
2026-06-29 18:05:03 | INFO     | rows: total=1 done=0 pending=1
2026-06-29 18:05:07 | INFO     | Waiting for manual login -> addactivity.htm ...
2026-06-29 18:09:54 | INFO     | Form ready at: https://egramswaraj.gov.in/addactivity.htm
2026-06-29 18:10:02 | INFO     | -- row 0 | Annual Expenses - Water Charges, Postal, Electricity Bills, 
2026-06-29 18:10:25 | WARNING  | row=0 activity_output_popup Locator.click: Timeout 15000ms exceeded.
Call log:
  - waiting for locator("#outputActvityAstId101, input[name='outputTyp'][value='101']").first
    - locator resolved to <input value="" type="radio" 
2026-06-29 18:10:25 | INFO     | row 0 SUCCESS (attempt 1)
2026-06-29 18:10:25 | INFO     | DONE 322s total=1 success=1 failed=0 rate=100.0%
2026-06-29 18:13:19 | INFO     | ============================================================
2026-06-29 18:13:19 | INFO     | eGramSwaraj Bot START (v5)
2026-06-29 18:13:19 | INFO     | ============================================================
2026-06-29 18:13:19 | INFO     | rows: total=1 done=0 pending=1
2026-06-29 18:13:23 | INFO     | Waiting for manual login -> addactivity.htm ...
2026-06-29 18:17:27 | INFO     | Form ready at: https://egramswaraj.gov.in/addactivity.htm
2026-06-29 18:17:52 | INFO     | -- row 0 | Annual Expenses - Water Charges, Postal, Electricity Bills, 
2026-06-29 18:18:29 | WARNING  | row=0 activity_output_popup Locator.wait_for: Timeout 15000ms exceeded.
Call log:
  - waiting for locator("#showAssetDetailsPopup") to be visible
    33 × locator resolved to hidden <div role="dialog" id="showAssetDetailsPopup" 
2026-06-29 18:18:29 | INFO     | row 0 SUCCESS (attempt 1)
2026-06-29 18:18:29 | INFO     | DONE 310s total=1 success=1 failed=0 rate=100.0%
2026-06-30 13:28:53 | INFO     | ============================================================
2026-06-30 13:28:53 | INFO     | eGramSwaraj Bot START (v5)
2026-06-30 13:28:53 | INFO     | ============================================================
2026-06-30 13:28:53 | INFO     | rows: total=1 done=0 pending=1
2026-06-30 18:15:30 | INFO     | ============================================================
2026-06-30 18:15:30 | INFO     | eGramSwaraj Bot START (v5)
2026-06-30 18:15:30 | INFO     | ============================================================
2026-06-30 18:15:30 | INFO     | rows: total=1 done=0 pending=1
2026-06-30 18:15:35 | INFO     | Waiting for manual login -> addactivity.htm ...
2026-06-30 18:16:32 | INFO     | Form ready at: https://egramswaraj.gov.in/addactivity.htm
2026-06-30 18:16:36 | INFO     | -- row 0 | Annual Expenses - Water Charges, Postal, Electricity Bills, 
2026-06-30 18:17:56 | WARNING  | row=0 activity_output_popup Locator.wait_for: Timeout 15000ms exceeded.
Call log:
  - waiting for locator("#showAssetDetailsPopup #totalUntId") to be visible
    33 × locator resolved to hidden <input value="" type="text" maxlen
2026-06-30 18:17:57 | WARNING  | row 0 attempt 1 FAIL: [validation] Please check atlest one Mission Antyodyaya(MA) Gap(s)
2026-06-30 18:19:21 | WARNING  | row=0 activity_output_popup Locator.wait_for: Timeout 15000ms exceeded.
Call log:
  - waiting for locator("#showAssetDetailsPopup #totalUntId") to be visible
    33 × locator resolved to hidden <input value="" type="text" maxlen
2026-06-30 18:19:21 | WARNING  | row 0 attempt 2 FAIL: [validation] Please check atlest one Mission Antyodyaya(MA) Gap(s)
2026-06-30 18:20:47 | WARNING  | row=0 activity_output_popup Locator.wait_for: Timeout 15000ms exceeded.
Call log:
  - waiting for locator("#showAssetDetailsPopup #totalUntId") to be visible
    33 × locator resolved to hidden <input value="" type="text" maxlen
2026-06-30 18:20:47 | WARNING  | row 0 attempt 3 FAIL: [validation] Please check atlest one Mission Antyodyaya(MA) Gap(s)
2026-06-30 18:20:47 | ERROR    | row 0 FAILED after all retries
2026-06-30 18:20:48 | INFO     | DONE 317s total=1 success=0 failed=1 rate=0.0%
2026-07-04 16:31:49 | INFO     | ============================================================
2026-07-04 16:31:49 | INFO     | eGramSwaraj Bot START (v5)
2026-07-04 16:31:49 | INFO     | ============================================================
2026-07-04 16:31:49 | INFO     | rows: total=1 done=0 pending=1
2026-07-04 16:31:55 | INFO     | Waiting for manual login -> addactivity.htm ...
2026-07-04 16:33:03 | INFO     | Form ready at: https://egramswaraj.gov.in/addactivity.htm
2026-07-04 16:33:06 | INFO     | -- row 0 | Annual Expenses - Water Charges, Postal, Electricity Bills, 
2026-07-04 16:33:11 | INFO     | row 0 SUCCESS (attempt 1)
2026-07-04 16:33:12 | INFO     | DONE 83s total=1 success=1 failed=0 rate=100.0%
2026-07-04 17:09:35 | INFO     | ============================================================
2026-07-04 17:09:35 | INFO     | eGramSwaraj Bot START (v5)
2026-07-04 17:09:35 | INFO     | ============================================================
2026-07-04 17:09:35 | INFO     | rows: total=1 done=0 pending=1
2026-07-04 17:09:39 | INFO     | Waiting for manual login -> addactivity.htm ...
2026-07-04 17:10:53 | INFO     | Form ready at: https://egramswaraj.gov.in/addactivity.htm
2026-07-04 17:10:57 | INFO     | -- row 0 | Annual Expenses - Water Charges, Postal, Electricity Bills, 
2026-07-04 17:11:03 | INFO     | row 0 SUCCESS (attempt 1)
2026-07-04 17:11:03 | INFO     | DONE 88s total=1 success=1 failed=0 rate=100.0%
2026-07-05 15:17:47 | INFO     | ============================================================
2026-07-05 15:17:47 | INFO     | eGramSwaraj Bot START (v5)
2026-07-05 15:17:47 | INFO     | ============================================================
2026-07-05 15:17:47 | INFO     | rows: total=1 done=0 pending=1
2026-07-05 15:17:52 | INFO     | Waiting for manual login -> addactivity.htm ...
2026-07-07 09:13:10 | INFO     | ============================================================
2026-07-07 09:13:10 | INFO     | eGramSwaraj Bot START (v5)
2026-07-07 09:13:10 | INFO     | ============================================================
2026-07-07 09:13:10 | INFO     | rows: total=1 done=0 pending=1
2026-07-07 09:13:16 | INFO     | Waiting for manual login -> addactivity.htm ...
2026-07-07 09:14:13 | INFO     | Form ready at: https://egramswaraj.gov.in/addactivity.htm
2026-07-07 09:16:21 | INFO     | -- row 0 | Awareness camp on behavioural issues of Mission LiFE
2026-07-07 09:16:43 | WARNING  | row=0 field=estimated_total_cost Locator.wait_for: Timeout 15000ms exceeded.
Call log:
  - waiting for locator("#totalCostId") to be visible
    33 × locator resolved to hidden <input value="" type="text" maxlength="9" id="totalCostI
2026-07-07 09:16:43 | ERROR    | FAIL | row=0 field=estimated_total_cost | Locator.wait_for: Timeout 15000ms exceeded.
Call log:
  - waiting for locator("#totalCostId") to be visible
    33 × locator resolved to hidden <input value="" type="text" maxlength="9" id="totalCostId" name="totalCost" disabled="disabled" class="for
2026-07-07 09:16:43 | WARNING  | row 0 attempt 1 FAIL: [estimated_total_cost] Locator.wait_for: Timeout 15000ms exceeded.
Call log:
  - waiting for locator("#totalCostId") to be visible
    33 × locator resolved to hidden <input value="" type="text" maxlength="9" id="totalCostId" name="totalCost" disabled="disabled" class="form-control" onkeypress="retu
2026-07-07 09:17:07 | WARNING  | row=0 field=estimated_total_cost Locator.wait_for: Timeout 15000ms exceeded.
Call log:
  - waiting for locator("#totalCostId") to be visible
    33 × locator resolved to hidden <input value="" type="text" maxlength="9" id="totalCostI
2026-07-07 09:17:07 | ERROR    | FAIL | row=0 field=estimated_total_cost | Locator.wait_for: Timeout 15000ms exceeded.
Call log:
  - waiting for locator("#totalCostId") to be visible
    33 × locator resolved to hidden <input value="" type="text" maxlength="9" id="totalCostId" name="totalCost" disabled="disabled" class="for
2026-07-07 09:17:07 | WARNING  | row 0 attempt 2 FAIL: [estimated_total_cost] Locator.wait_for: Timeout 15000ms exceeded.
Call log:
  - waiting for locator("#totalCostId") to be visible
    33 × locator resolved to hidden <input value="" type="text" maxlength="9" id="totalCostId" name="totalCost" disabled="disabled" class="form-control" onkeypress="retu
2026-07-07 09:17:31 | WARNING  | row=0 field=estimated_total_cost Locator.wait_for: Timeout 15000ms exceeded.
Call log:
  - waiting for locator("#totalCostId") to be visible
    33 × locator resolved to hidden <input value="" type="text" maxlength="9" id="totalCostI
2026-07-07 09:17:31 | ERROR    | FAIL | row=0 field=estimated_total_cost | Locator.wait_for: Timeout 15000ms exceeded.
Call log:
  - waiting for locator("#totalCostId") to be visible
    33 × locator resolved to hidden <input value="" type="text" maxlength="9" id="totalCostId" name="totalCost" disabled="disabled" class="for
2026-07-07 09:17:31 | WARNING  | row 0 attempt 3 FAIL: [estimated_total_cost] Locator.wait_for: Timeout 15000ms exceeded.
Call log:
  - waiting for locator("#totalCostId") to be visible
    33 × locator resolved to hidden <input value="" type="text" maxlength="9" id="totalCostId" name="totalCost" disabled="disabled" class="form-control" onkeypress="retu
2026-07-07 09:17:31 | ERROR    | row 0 FAILED after all retries
2026-07-07 09:17:31 | INFO     | DONE 262s total=1 success=0 failed=1 rate=0.0%
2026-07-07 09:36:29 | INFO     | ============================================================
2026-07-07 09:36:29 | INFO     | eGramSwaraj Bot START (v5)
2026-07-07 09:36:29 | INFO     | ============================================================
2026-07-07 09:36:30 | INFO     | rows: total=1 done=0 pending=1
2026-07-07 09:36:37 | INFO     | Waiting for manual login -> addactivity.htm ...
2026-07-07 09:37:22 | INFO     | Form ready at: https://egramswaraj.gov.in/addactivity.htm
2026-07-07 09:37:27 | INFO     | -- row 0 | Awareness camp on behavioural issues of Mission LiFE
2026-07-07 09:37:47 | DEBUG    | row=0: PDI checkboxes did not appear, may be optional
2026-07-07 09:37:47 | DEBUG    | row=0 pdi_indicator: requested indicators (2): ['Neonatal mortality rate (per 1', '000 live births)']
2026-07-07 09:37:47 | DEBUG    | row=0 pdi_indicator: found 12 total labels in panel
2026-07-07 09:37:48 | DEBUG    | row=0 pdi_indicator: checkbox 'None' enabled=True checked=False
2026-07-07 09:37:48 | DEBUG    | row=0 pdi_indicator: checkbox 'Whether the nurseries created in the school in the GP' enabled=True checked=False
2026-07-07 09:37:48 | DEBUG    | row=0 pdi_indicator: checkbox 'Neonatal mortality rate (per 1,000 live births)' enabled=True checked=False
2026-07-07 09:37:48 | DEBUG    | row=0 pdi_indicator: checkbox 'Percentage of household using clean cooking fuel' enabled=True checked=False
2026-07-07 09:37:48 | DEBUG    | row=0 pdi_indicator: checkbox 'Proportion of women (aged 30-49) screened under the Non Communicable Disease (NCD) programme for cervical/breast cancer' enabled=True checked=False
2026-07-07 09:37:48 | DEBUG    | row=0 pdi_indicator: checkbox 'Total GP spending on Health to the total expenditure' enabled=True checked=False
2026-07-07 09:37:48 | DEBUG    | row=0 pdi_indicator: checkbox 'None' enabled=True checked=False
2026-07-07 09:37:48 | DEBUG    | row=0 pdi_indicator: checkbox 'Whether the nurseries created in the school in the GP' enabled=True checked=False
2026-07-07 09:37:48 | DEBUG    | row=0 pdi_indicator: checkbox 'Neonatal mortality rate (per 1,000 live births)' enabled=True checked=False
2026-07-07 09:37:48 | DEBUG    | row=0 pdi_indicator: checkbox 'Percentage of household using clean cooking fuel' enabled=True checked=False
2026-07-07 09:37:48 | DEBUG    | row=0 pdi_indicator: checkbox 'Proportion of women (aged 30-49) screened under the Non Communicable Disease (NCD) programme for cervical/breast cancer' enabled=True checked=False
2026-07-07 09:37:48 | DEBUG    | row=0 pdi_indicator: checkbox 'Total GP spending on Health to the total expenditure' enabled=True checked=False
2026-07-07 09:37:48 | ERROR    | row=0 pdi_indicator: requested indicators NOT found: {'neonatal mortality rate (per 1', '000 live births)'} | available: ['None', 'Whether the nurseries created in the school in the GP', 'Neonatal mortality rate (per 1,000 live births)', 'Percentage of household using clean cooking fuel', 'Proportion of women (aged 30-49) screened under the Non Communicable Disease (NCD) programme for cervical/breast cancer', 'Total GP spending on Health to the total expenditure']
2026-07-07 09:37:48 | WARNING  | row=0 field=pdi_indicator Activity Indicators not found: {'neonatal mortality rate (per 1', '000 live births)'} | Available: ['None', 'Whether the nurseries created in the school in the GP', 'Neonatal mortality rate (per 1,000
2026-07-07 09:37:48 | ERROR    | FAIL | row=0 field=pdi_indicator | Activity Indicators not found: {'neonatal mortality rate (per 1', '000 live births)'} | Available: ['None', 'Whether the nurseries created in the school in the GP', 'Neonatal mortality rate (per 1,000 live births)', 'Percentage of household using cle
2026-07-07 09:37:48 | DEBUG    | row=0 targeted_populace: requested indicators (1): ['All']
2026-07-07 09:37:48 | DEBUG    | row=0 targeted_populace: found 1 total labels in panel
2026-07-07 09:37:49 | DEBUG    | row=0 targeted_populace: checkbox 'All' enabled=True checked=False
2026-07-07 09:37:49 | DEBUG    | row=0 targeted_populace: clicking checkbox: 'All'
2026-07-07 09:37:49 | DEBUG    | row=0 targeted_populace: checkbox selected successfully: 'All'
2026-07-07 09:37:49 | WARNING  | row=0 field=start_month 'March' not found in #startMonthId. Available (9): ['April', 'May', 'June', 'July', 'August', 'September', 'October', 'November', 'December']
2026-07-07 09:37:49 | ERROR    | FAIL | row=0 field=start_month | 'March' not found in #startMonthId. Available (9): ['April', 'May', 'June', 'July', 'August', 'September', 'October', 'November', 'December']
2026-07-07 09:37:49 | DEBUG    | row=0: total indicative cost calculated as: 0
2026-07-07 09:37:49 | WARNING  | row=0 field=flagship_scheme 'ARI Division Schemes: Coir Udyami Yojana - Center Scheme' not found in #flagshipSchemeId. Available (83): ['ARI Division Schemes: Coir Udyami Yojana \t - Center Scheme', 'ARI Division Schemes: Coir V
2026-07-07 09:37:50 | ERROR    | FAIL | row=0 field=flagship_scheme | 'ARI Division Schemes: Coir Udyami Yojana - Center Scheme' not found in #flagshipSchemeId. Available (83): ['ARI Division Schemes: Coir Udyami Yojana \t - Center Scheme', 'ARI Division Schemes: Coir Vikas Yojana: Personal Accident Insurance’ Scheme C
2026-07-07 09:37:50 | DEBUG    | row=0: estimated total cost section not visible
2026-07-07 09:37:50 | WARNING  | row 0 attempt 1 FAIL: [pdi_indicator] Activity Indicators not found: {'neonatal mortality rate (per 1', '000 live births)'} | Available: ['None', 'Whether the nurseries created in the school in the GP', 'Neonatal mortality rate (per 1,000 live births)', 'Percentage of household using clean cooking fuel', 'Proportion of w
2026-07-07 09:38:12 | DEBUG    | row=0: PDI checkboxes did not appear, may be optional
2026-07-07 09:38:13 | DEBUG    | row=0 pdi_indicator: requested indicators (2): ['Neonatal mortality rate (per 1', '000 live births)']
2026-07-07 09:38:13 | DEBUG    | row=0 pdi_indicator: found 12 total labels in panel
2026-07-07 09:38:13 | DEBUG    | row=0 pdi_indicator: checkbox 'None' enabled=True checked=False
2026-07-07 09:38:13 | DEBUG    | row=0 pdi_indicator: checkbox 'Whether the nurseries created in the school in the GP' enabled=True checked=False
2026-07-07 09:38:13 | DEBUG    | row=0 pdi_indicator: checkbox 'Neonatal mortality rate (per 1,000 live births)' enabled=True checked=False
2026-07-07 09:38:13 | DEBUG    | row=0 pdi_indicator: checkbox 'Percentage of household using clean cooking fuel' enabled=True checked=False
2026-07-07 09:38:13 | DEBUG    | row=0 pdi_indicator: checkbox 'Proportion of women (aged 30-49) screened under the Non Communicable Disease (NCD) programme for cervical/breast cancer' enabled=True checked=False
2026-07-07 09:38:13 | DEBUG    | row=0 pdi_indicator: checkbox 'Total GP spending on Health to the total expenditure' enabled=True checked=False
2026-07-07 09:38:13 | DEBUG    | row=0 pdi_indicator: checkbox 'None' enabled=True checked=False
2026-07-07 09:38:13 | DEBUG    | row=0 pdi_indicator: checkbox 'Whether the nurseries created in the school in the GP' enabled=True checked=False
2026-07-07 09:38:13 | DEBUG    | row=0 pdi_indicator: checkbox 'Neonatal mortality rate (per 1,000 live births)' enabled=True checked=False
2026-07-07 09:38:13 | DEBUG    | row=0 pdi_indicator: checkbox 'Percentage of household using clean cooking fuel' enabled=True checked=False
2026-07-07 09:38:13 | DEBUG    | row=0 pdi_indicator: checkbox 'Proportion of women (aged 30-49) screened under the Non Communicable Disease (NCD) programme for cervical/breast cancer' enabled=True checked=False
2026-07-07 09:38:13 | DEBUG    | row=0 pdi_indicator: checkbox 'Total GP spending on Health to the total expenditure' enabled=True checked=False
2026-07-07 09:38:13 | ERROR    | row=0 pdi_indicator: requested indicators NOT found: {'neonatal mortality rate (per 1', '000 live births)'} | available: ['None', 'Whether the nurseries created in the school in the GP', 'Neonatal mortality rate (per 1,000 live births)', 'Percentage of household using clean cooking fuel', 'Proportion of women (aged 30-49) screened under the Non Communicable Disease (NCD) programme for cervical/breast cancer', 'Total GP spending on Health to the total expenditure']
2026-07-07 09:38:13 | WARNING  | row=0 field=pdi_indicator Activity Indicators not found: {'neonatal mortality rate (per 1', '000 live births)'} | Available: ['None', 'Whether the nurseries created in the school in the GP', 'Neonatal mortality rate (per 1,000
2026-07-07 09:38:13 | ERROR    | FAIL | row=0 field=pdi_indicator | Activity Indicators not found: {'neonatal mortality rate (per 1', '000 live births)'} | Available: ['None', 'Whether the nurseries created in the school in the GP', 'Neonatal mortality rate (per 1,000 live births)', 'Percentage of household using cle
2026-07-07 09:38:13 | DEBUG    | row=0 targeted_populace: requested indicators (1): ['All']
2026-07-07 09:38:13 | DEBUG    | row=0 targeted_populace: found 1 total labels in panel
2026-07-07 09:38:14 | DEBUG    | row=0 targeted_populace: checkbox 'All' enabled=True checked=False
2026-07-07 09:38:14 | DEBUG    | row=0 targeted_populace: clicking checkbox: 'All'
2026-07-07 09:38:14 | DEBUG    | row=0 targeted_populace: checkbox selected successfully: 'All'
2026-07-07 09:38:14 | DEBUG    | row=0: total indicative cost calculated as: 0
2026-07-07 09:38:14 | WARNING  | row=0 field=flagship_scheme 'ARI Division Schemes: Coir Udyami Yojana - Center Scheme' not found in #flagshipSchemeId. Available (83): ['ARI Division Schemes: Coir Udyami Yojana \t - Center Scheme', 'ARI Division Schemes: Coir V
2026-07-07 09:38:14 | ERROR    | FAIL | row=0 field=flagship_scheme | 'ARI Division Schemes: Coir Udyami Yojana - Center Scheme' not found in #flagshipSchemeId. Available (83): ['ARI Division Schemes: Coir Udyami Yojana \t - Center Scheme', 'ARI Division Schemes: Coir Vikas Yojana: Personal Accident Insurance’ Scheme C
2026-07-07 09:38:14 | DEBUG    | row=0: estimated total cost section not visible
2026-07-07 09:38:14 | WARNING  | row 0 attempt 2 FAIL: [pdi_indicator] Activity Indicators not found: {'neonatal mortality rate (per 1', '000 live births)'} | Available: ['None', 'Whether the nurseries created in the school in the GP', 'Neonatal mortality rate (per 1,000 live births)', 'Percentage of household using clean cooking fuel', 'Proportion of w
2026-07-07 09:38:36 | DEBUG    | row=0: PDI checkboxes did not appear, may be optional
2026-07-07 09:38:36 | DEBUG    | row=0 pdi_indicator: requested indicators (2): ['Neonatal mortality rate (per 1', '000 live births)']
2026-07-07 09:38:36 | DEBUG    | row=0 pdi_indicator: found 6 total labels in panel
2026-07-07 09:38:36 | DEBUG    | row=0 pdi_indicator: checkbox 'None' enabled=True checked=False
2026-07-07 09:38:36 | DEBUG    | row=0 pdi_indicator: checkbox 'Whether the nurseries created in the school in the GP' enabled=True checked=False
2026-07-07 09:38:36 | DEBUG    | row=0 pdi_indicator: checkbox 'Neonatal mortality rate (per 1,000 live births)' enabled=True checked=False
2026-07-07 09:38:36 | DEBUG    | row=0 pdi_indicator: checkbox 'Percentage of household using clean cooking fuel' enabled=True checked=False
2026-07-07 09:38:36 | DEBUG    | row=0 pdi_indicator: checkbox 'Proportion of women (aged 30-49) screened under the Non Communicable Disease (NCD) programme for cervical/breast cancer' enabled=True checked=False
2026-07-07 09:38:36 | DEBUG    | row=0 pdi_indicator: checkbox 'Total GP spending on Health to the total expenditure' enabled=True checked=False
2026-07-07 09:38:36 | ERROR    | row=0 pdi_indicator: requested indicators NOT found: {'neonatal mortality rate (per 1', '000 live births)'} | available: ['None', 'Whether the nurseries created in the school in the GP', 'Neonatal mortality rate (per 1,000 live births)', 'Percentage of household using clean cooking fuel', 'Proportion of women (aged 30-49) screened under the Non Communicable Disease (NCD) programme for cervical/breast cancer', 'Total GP spending on Health to the total expenditure']
2026-07-07 09:38:36 | WARNING  | row=0 field=pdi_indicator Activity Indicators not found: {'neonatal mortality rate (per 1', '000 live births)'} | Available: ['None', 'Whether the nurseries created in the school in the GP', 'Neonatal mortality rate (per 1,000
2026-07-07 09:38:37 | ERROR    | FAIL | row=0 field=pdi_indicator | Activity Indicators not found: {'neonatal mortality rate (per 1', '000 live births)'} | Available: ['None', 'Whether the nurseries created in the school in the GP', 'Neonatal mortality rate (per 1,000 live births)', 'Percentage of household using cle
2026-07-07 09:38:37 | DEBUG    | row=0 targeted_populace: requested indicators (1): ['All']
2026-07-07 09:38:37 | DEBUG    | row=0 targeted_populace: found 1 total labels in panel
2026-07-07 09:38:37 | DEBUG    | row=0 targeted_populace: checkbox 'All' enabled=True checked=False
2026-07-07 09:38:37 | DEBUG    | row=0 targeted_populace: clicking checkbox: 'All'
2026-07-07 09:38:37 | DEBUG    | row=0 targeted_populace: checkbox selected successfully: 'All'
2026-07-07 09:38:38 | DEBUG    | row=0: total indicative cost calculated as: 0
2026-07-07 09:38:38 | WARNING  | row=0 field=flagship_scheme 'ARI Division Schemes: Coir Udyami Yojana - Center Scheme' not found in #flagshipSchemeId. Available (83): ['ARI Division Schemes: Coir Udyami Yojana \t - Center Scheme', 'ARI Division Schemes: Coir V
2026-07-07 09:38:38 | ERROR    | FAIL | row=0 field=flagship_scheme | 'ARI Division Schemes: Coir Udyami Yojana - Center Scheme' not found in #flagshipSchemeId. Available (83): ['ARI Division Schemes: Coir Udyami Yojana \t - Center Scheme', 'ARI Division Schemes: Coir Vikas Yojana: Personal Accident Insurance’ Scheme C
2026-07-07 09:38:38 | DEBUG    | row=0: estimated total cost section not visible
2026-07-07 09:38:38 | WARNING  | row 0 attempt 3 FAIL: [pdi_indicator] Activity Indicators not found: {'neonatal mortality rate (per 1', '000 live births)'} | Available: ['None', 'Whether the nurseries created in the school in the GP', 'Neonatal mortality rate (per 1,000 live births)', 'Percentage of household using clean cooking fuel', 'Proportion of w
2026-07-07 09:38:39 | ERROR    | row 0 FAILED after all retries
2026-07-07 09:38:39 | INFO     | DONE 130s total=1 success=0 failed=1 rate=0.0%
2026-07-07 11:35:46 | INFO     | ============================================================
2026-07-07 11:35:46 | INFO     | eGramSwaraj Bot START (v5)
2026-07-07 11:35:46 | INFO     | ============================================================
2026-07-07 11:35:46 | INFO     | rows: total=1 done=0 pending=1
2026-07-07 11:35:52 | INFO     | Waiting for manual login -> addactivity.htm ...
2026-07-07 11:36:47 | INFO     | Form ready at: https://egramswaraj.gov.in/addactivity.htm
2026-07-07 11:36:50 | INFO     | -- row 0 | Awareness camp on behavioural issues of Mission LiFE
2026-07-07 11:37:09 | DEBUG    | row=0: PDI checkboxes did not appear, may be optional
2026-07-07 11:37:09 | DEBUG    | row=0 pdi: #checkboxes not visible, attempting to open
2026-07-07 11:37:09 | DEBUG    | row=0 pdi: requested (2): ['Neonatal mortality rate (per 1', '000 live births)']
2026-07-07 11:37:09 | DEBUG    | row=0 pdi: found 12 checkbox inputs in panel
2026-07-07 11:37:09 | DEBUG    | row=0 pdi: skipping invalid checkbox: value=0 label='None'
2026-07-07 11:37:09 | DEBUG    | row=0 pdi: available checkbox id=missionAdId1 value=218 label='Whether the nurseries created in the school in the GP' enabled=True checked=False
2026-07-07 11:37:09 | DEBUG    | row=0 pdi: available checkbox id=missionAdId2 value=45 label='Neonatal mortality rate (per 1,000 live births)' enabled=True checked=False
2026-07-07 11:37:09 | DEBUG    | row=0 pdi: available checkbox id=missionAdId3 value=200 label='Percentage of household using clean cooking fuel' enabled=True checked=False
2026-07-07 11:37:09 | DEBUG    | row=0 pdi: available checkbox id=missionAdId4 value=540 label='Proportion of women (aged 30-49) screened under the Non Communicable Disease (NCD) programme for cervical/breast cancer' enabled=True checked=False
2026-07-07 11:37:09 | DEBUG    | row=0 pdi: available checkbox id=missionAdId5 value=60 label='Total GP spending on Health to the total expenditure' enabled=True checked=False
2026-07-07 11:37:09 | DEBUG    | row=0 pdi: skipping invalid checkbox: value=0 label='None'
2026-07-07 11:37:10 | DEBUG    | row=0 pdi: available checkbox id=missionAdId1 value=218 label='Whether the nurseries created in the school in the GP' enabled=True checked=False
2026-07-07 11:37:10 | DEBUG    | row=0 pdi: available checkbox id=missionAdId2 value=45 label='Neonatal mortality rate (per 1,000 live births)' enabled=True checked=False
2026-07-07 11:37:10 | DEBUG    | row=0 pdi: available checkbox id=missionAdId3 value=200 label='Percentage of household using clean cooking fuel' enabled=True checked=False
2026-07-07 11:37:10 | DEBUG    | row=0 pdi: available checkbox id=missionAdId4 value=540 label='Proportion of women (aged 30-49) screened under the Non Communicable Disease (NCD) programme for cervical/breast cancer' enabled=True checked=False
2026-07-07 11:37:10 | DEBUG    | row=0 pdi: available checkbox id=missionAdId5 value=60 label='Total GP spending on Health to the total expenditure' enabled=True checked=False
2026-07-07 11:37:10 | ERROR    | row=0 pdi: requested indicators NOT found: ['000 live births)', 'neonatal mortality rate (per 1'] | available: ['Whether the nurseries created in the school in the GP', 'Neonatal mortality rate (per 1,000 live births)', 'Percentage of household using clean cooking fuel', 'Proportion of women (aged 30-49) screened under the Non Communicable Disease (NCD) programme for cervical/breast cancer', 'Total GP spending on Health to the total expenditure']
2026-07-07 11:37:10 | WARNING  | row=0 field=pdi_indicator PDI indicators not found in portal: {'000 live births)', 'neonatal mortality rate (per 1'} | Available: ['Whether the nurseries created in the school in the GP', 'Neonatal mortality rate (per 1,000 li
2026-07-07 11:37:10 | ERROR    | FAIL | row=0 field=pdi_indicator | PDI indicators not found in portal: {'000 live births)', 'neonatal mortality rate (per 1'} | Available: ['Whether the nurseries created in the school in the GP', 'Neonatal mortality rate (per 1,000 live births)', 'Percentage of household using clean 
2026-07-07 11:37:10 | DEBUG    | row=0 targeted_populace: requested indicators (1): ['All']
2026-07-07 11:37:10 | DEBUG    | row=0 targeted_populace: found 1 total labels in panel
2026-07-07 11:37:10 | DEBUG    | row=0 targeted_populace: checkbox 'All' enabled=True checked=False
2026-07-07 11:37:10 | DEBUG    | row=0 targeted_populace: clicking checkbox: 'All'
2026-07-07 11:37:10 | DEBUG    | row=0 targeted_populace: checkbox selected successfully: 'All'
2026-07-07 11:37:11 | DEBUG    | row=0: total indicative cost calculated as: 0
2026-07-07 11:37:11 | WARNING  | row=0 field=flagship_scheme 'ARI Division Schemes: Coir Udyami Yojana - Center Scheme' not found in #flagshipSchemeId. Available (83): ['ARI Division Schemes: Coir Udyami Yojana \t - Center Scheme', 'ARI Division Schemes: Coir V
2026-07-07 11:37:11 | ERROR    | FAIL | row=0 field=flagship_scheme | 'ARI Division Schemes: Coir Udyami Yojana - Center Scheme' not found in #flagshipSchemeId. Available (83): ['ARI Division Schemes: Coir Udyami Yojana \t - Center Scheme', 'ARI Division Schemes: Coir Vikas Yojana: Personal Accident Insurance’ Scheme C
2026-07-07 11:37:11 | DEBUG    | row=0: estimated total cost section not visible
2026-07-07 11:37:11 | WARNING  | row 0 attempt 1 FAIL: [pdi_indicator] PDI indicators not found in portal: {'000 live births)', 'neonatal mortality rate (per 1'} | Available: ['Whether the nurseries created in the school in the GP', 'Neonatal mortality rate (per 1,000 live births)', 'Percentage of household using clean cooking fuel', 'Proportion of wome
2026-07-07 11:37:33 | DEBUG    | row=0: PDI checkboxes did not appear, may be optional
2026-07-07 11:37:33 | DEBUG    | row=0 pdi: #checkboxes not visible, attempting to open
2026-07-07 11:37:33 | DEBUG    | row=0 pdi: requested (2): ['Neonatal mortality rate (per 1', '000 live births)']
2026-07-07 11:37:33 | DEBUG    | row=0 pdi: found 12 checkbox inputs in panel
2026-07-07 11:37:33 | DEBUG    | row=0 pdi: skipping invalid checkbox: value=0 label='None'
2026-07-07 11:37:33 | DEBUG    | row=0 pdi: available checkbox id=missionAdId1 value=218 label='Whether the nurseries created in the school in the GP' enabled=True checked=False
2026-07-07 11:37:33 | DEBUG    | row=0 pdi: available checkbox id=missionAdId2 value=45 label='Neonatal mortality rate (per 1,000 live births)' enabled=True checked=False
2026-07-07 11:37:33 | DEBUG    | row=0 pdi: available checkbox id=missionAdId3 value=200 label='Percentage of household using clean cooking fuel' enabled=True checked=False
2026-07-07 11:37:33 | DEBUG    | row=0 pdi: available checkbox id=missionAdId4 value=540 label='Proportion of women (aged 30-49) screened under the Non Communicable Disease (NCD) programme for cervical/breast cancer' enabled=True checked=False
2026-07-07 11:37:33 | DEBUG    | row=0 pdi: available checkbox id=missionAdId5 value=60 label='Total GP spending on Health to the total expenditure' enabled=True checked=False
2026-07-07 11:37:33 | DEBUG    | row=0 pdi: skipping invalid checkbox: value=0 label='None'
2026-07-07 11:37:33 | DEBUG    | row=0 pdi: available checkbox id=missionAdId1 value=218 label='Whether the nurseries created in the school in the GP' enabled=True checked=False
2026-07-07 11:37:33 | DEBUG    | row=0 pdi: available checkbox id=missionAdId2 value=45 label='Neonatal mortality rate (per 1,000 live births)' enabled=True checked=False
2026-07-07 11:37:34 | DEBUG    | row=0 pdi: available checkbox id=missionAdId3 value=200 label='Percentage of household using clean cooking fuel' enabled=True checked=False
2026-07-07 11:37:34 | DEBUG    | row=0 pdi: available checkbox id=missionAdId4 value=540 label='Proportion of women (aged 30-49) screened under the Non Communicable Disease (NCD) programme for cervical/breast cancer' enabled=True checked=False
2026-07-07 11:37:34 | DEBUG    | row=0 pdi: available checkbox id=missionAdId5 value=60 label='Total GP spending on Health to the total expenditure' enabled=True checked=False
2026-07-07 11:37:34 | ERROR    | row=0 pdi: requested indicators NOT found: ['000 live births)', 'neonatal mortality rate (per 1'] | available: ['Whether the nurseries created in the school in the GP', 'Neonatal mortality rate (per 1,000 live births)', 'Percentage of household using clean cooking fuel', 'Proportion of women (aged 30-49) screened under the Non Communicable Disease (NCD) programme for cervical/breast cancer', 'Total GP spending on Health to the total expenditure']
2026-07-07 11:37:34 | WARNING  | row=0 field=pdi_indicator PDI indicators not found in portal: {'000 live births)', 'neonatal mortality rate (per 1'} | Available: ['Whether the nurseries created in the school in the GP', 'Neonatal mortality rate (per 1,000 li
2026-07-07 11:37:34 | ERROR    | FAIL | row=0 field=pdi_indicator | PDI indicators not found in portal: {'000 live births)', 'neonatal mortality rate (per 1'} | Available: ['Whether the nurseries created in the school in the GP', 'Neonatal mortality rate (per 1,000 live births)', 'Percentage of household using clean 
2026-07-07 11:37:34 | DEBUG    | row=0 targeted_populace: requested indicators (1): ['All']
2026-07-07 11:37:34 | DEBUG    | row=0 targeted_populace: found 1 total labels in panel
2026-07-07 11:37:34 | DEBUG    | row=0 targeted_populace: checkbox 'All' enabled=True checked=False
2026-07-07 11:37:34 | DEBUG    | row=0 targeted_populace: clicking checkbox: 'All'
2026-07-07 11:37:34 | DEBUG    | row=0 targeted_populace: checkbox selected successfully: 'All'
2026-07-07 11:37:35 | DEBUG    | row=0: total indicative cost calculated as: 0
2026-07-07 11:37:35 | WARNING  | row=0 field=flagship_scheme 'ARI Division Schemes: Coir Udyami Yojana - Center Scheme' not found in #flagshipSchemeId. Available (83): ['ARI Division Schemes: Coir Udyami Yojana \t - Center Scheme', 'ARI Division Schemes: Coir V
2026-07-07 11:37:35 | ERROR    | FAIL | row=0 field=flagship_scheme | 'ARI Division Schemes: Coir Udyami Yojana - Center Scheme' not found in #flagshipSchemeId. Available (83): ['ARI Division Schemes: Coir Udyami Yojana \t - Center Scheme', 'ARI Division Schemes: Coir Vikas Yojana: Personal Accident Insurance’ Scheme C
2026-07-07 11:37:35 | DEBUG    | row=0: estimated total cost section not visible
2026-07-07 11:37:35 | WARNING  | row 0 attempt 2 FAIL: [pdi_indicator] PDI indicators not found in portal: {'000 live births)', 'neonatal mortality rate (per 1'} | Available: ['Whether the nurseries created in the school in the GP', 'Neonatal mortality rate (per 1,000 live births)', 'Percentage of household using clean cooking fuel', 'Proportion of wome
2026-07-07 11:37:56 | DEBUG    | row=0: PDI checkboxes did not appear, may be optional
2026-07-07 11:37:56 | DEBUG    | row=0 pdi: #checkboxes not visible, attempting to open
2026-07-07 11:37:56 | DEBUG    | row=0 pdi: requested (2): ['Neonatal mortality rate (per 1', '000 live births)']
2026-07-07 11:37:56 | DEBUG    | row=0 pdi: found 12 checkbox inputs in panel
2026-07-07 11:37:56 | DEBUG    | row=0 pdi: skipping invalid checkbox: value=0 label='None'
2026-07-07 11:37:56 | DEBUG    | row=0 pdi: available checkbox id=missionAdId1 value=218 label='Whether the nurseries created in the school in the GP' enabled=True checked=False
2026-07-07 11:37:56 | DEBUG    | row=0 pdi: available checkbox id=missionAdId2 value=45 label='Neonatal mortality rate (per 1,000 live births)' enabled=True checked=False
2026-07-07 11:37:56 | DEBUG    | row=0 pdi: available checkbox id=missionAdId3 value=200 label='Percentage of household using clean cooking fuel' enabled=True checked=False
2026-07-07 11:37:56 | DEBUG    | row=0 pdi: available checkbox id=missionAdId4 value=540 label='Proportion of women (aged 30-49) screened under the Non Communicable Disease (NCD) programme for cervical/breast cancer' enabled=True checked=False
2026-07-07 11:37:56 | DEBUG    | row=0 pdi: available checkbox id=missionAdId5 value=60 label='Total GP spending on Health to the total expenditure' enabled=True checked=False
2026-07-07 11:37:56 | DEBUG    | row=0 pdi: skipping invalid checkbox: value=0 label='None'
2026-07-07 11:37:56 | DEBUG    | row=0 pdi: available checkbox id=missionAdId1 value=218 label='Whether the nurseries created in the school in the GP' enabled=True checked=False
2026-07-07 11:37:56 | DEBUG    | row=0 pdi: available checkbox id=missionAdId2 value=45 label='Neonatal mortality rate (per 1,000 live births)' enabled=True checked=False
2026-07-07 11:37:56 | DEBUG    | row=0 pdi: available checkbox id=missionAdId3 value=200 label='Percentage of household using clean cooking fuel' enabled=True checked=False
2026-07-07 11:37:56 | DEBUG    | row=0 pdi: available checkbox id=missionAdId4 value=540 label='Proportion of women (aged 30-49) screened under the Non Communicable Disease (NCD) programme for cervical/breast cancer' enabled=True checked=False
2026-07-07 11:37:56 | DEBUG    | row=0 pdi: available checkbox id=missionAdId5 value=60 label='Total GP spending on Health to the total expenditure' enabled=True checked=False
2026-07-07 11:37:56 | ERROR    | row=0 pdi: requested indicators NOT found: ['000 live births)', 'neonatal mortality rate (per 1'] | available: ['Whether the nurseries created in the school in the GP', 'Neonatal mortality rate (per 1,000 live births)', 'Percentage of household using clean cooking fuel', 'Proportion of women (aged 30-49) screened under the Non Communicable Disease (NCD) programme for cervical/breast cancer', 'Total GP spending on Health to the total expenditure']
2026-07-07 11:37:56 | WARNING  | row=0 field=pdi_indicator PDI indicators not found in portal: {'000 live births)', 'neonatal mortality rate (per 1'} | Available: ['Whether the nurseries created in the school in the GP', 'Neonatal mortality rate (per 1,000 li
2026-07-07 11:37:56 | ERROR    | FAIL | row=0 field=pdi_indicator | PDI indicators not found in portal: {'000 live births)', 'neonatal mortality rate (per 1'} | Available: ['Whether the nurseries created in the school in the GP', 'Neonatal mortality rate (per 1,000 live births)', 'Percentage of household using clean 
2026-07-07 11:37:57 | DEBUG    | row=0 targeted_populace: requested indicators (1): ['All']
2026-07-07 11:37:57 | DEBUG    | row=0 targeted_populace: found 1 total labels in panel
2026-07-07 11:37:57 | DEBUG    | row=0 targeted_populace: checkbox 'All' enabled=True checked=False
2026-07-07 11:37:57 | DEBUG    | row=0 targeted_populace: clicking checkbox: 'All'
2026-07-07 11:37:57 | DEBUG    | row=0 targeted_populace: checkbox selected successfully: 'All'
2026-07-07 11:37:58 | DEBUG    | row=0: total indicative cost calculated as: 0
2026-07-07 11:37:58 | WARNING  | row=0 field=flagship_scheme 'ARI Division Schemes: Coir Udyami Yojana - Center Scheme' not found in #flagshipSchemeId. Available (83): ['ARI Division Schemes: Coir Udyami Yojana \t - Center Scheme', 'ARI Division Schemes: Coir V
2026-07-07 11:37:58 | ERROR    | FAIL | row=0 field=flagship_scheme | 'ARI Division Schemes: Coir Udyami Yojana - Center Scheme' not found in #flagshipSchemeId. Available (83): ['ARI Division Schemes: Coir Udyami Yojana \t - Center Scheme', 'ARI Division Schemes: Coir Vikas Yojana: Personal Accident Insurance’ Scheme C
2026-07-07 11:37:58 | DEBUG    | row=0: estimated total cost section not visible
2026-07-07 11:37:58 | WARNING  | row 0 attempt 3 FAIL: [pdi_indicator] PDI indicators not found in portal: {'000 live births)', 'neonatal mortality rate (per 1'} | Available: ['Whether the nurseries created in the school in the GP', 'Neonatal mortality rate (per 1,000 live births)', 'Percentage of household using clean cooking fuel', 'Proportion of wome
2026-07-07 11:37:58 | ERROR    | row 0 FAILED after all retries
2026-07-07 11:37:58 | INFO     | DONE 132s total=1 success=0 failed=1 rate=0.0%
2026-07-07 11:57:23 | INFO     | ============================================================
2026-07-07 11:57:23 | INFO     | eGramSwaraj Bot START (v5)
2026-07-07 11:57:23 | INFO     | ============================================================
2026-07-07 11:57:23 | INFO     | rows: total=1 done=0 pending=1
2026-07-07 11:57:33 | INFO     | Waiting for manual login -> addactivity.htm ...
2026-07-07 11:58:21 | INFO     | Form ready at: https://egramswaraj.gov.in/addactivity.htm
2026-07-07 11:58:24 | INFO     | -- row 0 | Awareness camp on behavioural issues of Mission LiFE
2026-07-07 11:58:27 | DEBUG    | row=0: watchId spinner finished, checkboxes should be loaded
2026-07-07 11:58:27 | DEBUG    | row=0 pdi: #checkboxes not visible, attempting to open
2026-07-07 11:58:28 | DEBUG    | row=0 pdi: requested (2): ['Neonatal mortality rate (per 1', '000 live births)']
2026-07-07 11:58:28 | DEBUG    | row=0 pdi: found 12 checkbox inputs in panel
2026-07-07 11:58:28 | DEBUG    | row=0 pdi: skipping invalid checkbox: value=0 label='None'
2026-07-07 11:58:28 | DEBUG    | row=0 pdi: available checkbox id=missionAdId1 value=218 label='Whether the nurseries created in the school in the GP' enabled=True checked=False
2026-07-07 11:58:28 | DEBUG    | row=0 pdi: available checkbox id=missionAdId2 value=45 label='Neonatal mortality rate (per 1,000 live births)' enabled=True checked=False
2026-07-07 11:58:28 | DEBUG    | row=0 pdi: available checkbox id=missionAdId3 value=200 label='Percentage of household using clean cooking fuel' enabled=True checked=False
2026-07-07 11:58:28 | DEBUG    | row=0 pdi: available checkbox id=missionAdId4 value=540 label='Proportion of women (aged 30-49) screened under the Non Communicable Disease (NCD) programme for cervical/breast cancer' enabled=True checked=False
2026-07-07 11:58:28 | DEBUG    | row=0 pdi: available checkbox id=missionAdId5 value=60 label='Total GP spending on Health to the total expenditure' enabled=True checked=False
2026-07-07 11:58:28 | DEBUG    | row=0 pdi: skipping invalid checkbox: value=0 label='None'
2026-07-07 11:58:28 | DEBUG    | row=0 pdi: available checkbox id=missionAdId1 value=218 label='Whether the nurseries created in the school in the GP' enabled=True checked=False
2026-07-07 11:58:28 | DEBUG    | row=0 pdi: available checkbox id=missionAdId2 value=45 label='Neonatal mortality rate (per 1,000 live births)' enabled=True checked=False
2026-07-07 11:58:28 | DEBUG    | row=0 pdi: available checkbox id=missionAdId3 value=200 label='Percentage of household using clean cooking fuel' enabled=True checked=False
2026-07-07 11:58:28 | DEBUG    | row=0 pdi: available checkbox id=missionAdId4 value=540 label='Proportion of women (aged 30-49) screened under the Non Communicable Disease (NCD) programme for cervical/breast cancer' enabled=True checked=False
2026-07-07 11:58:28 | DEBUG    | row=0 pdi: available checkbox id=missionAdId5 value=60 label='Total GP spending on Health to the total expenditure' enabled=True checked=False
2026-07-07 11:58:28 | ERROR    | row=0 pdi: requested indicators NOT found: ['neonatal mortality rate (per 1', '000 live births)'] | available: ['Whether the nurseries created in the school in the GP', 'Neonatal mortality rate (per 1,000 live births)', 'Percentage of household using clean cooking fuel', 'Proportion of women (aged 30-49) screened under the Non Communicable Disease (NCD) programme for cervical/breast cancer', 'Total GP spending on Health to the total expenditure']
2026-07-07 11:58:28 | WARNING  | row=0 field=pdi_indicator PDI indicators not found in portal: {'neonatal mortality rate (per 1', '000 live births)'} | Available: ['Whether the nurseries created in the school in the GP', 'Neonatal mortality rate (per 1,000 li
2026-07-07 11:58:28 | ERROR    | FAIL | row=0 field=pdi_indicator | PDI indicators not found in portal: {'neonatal mortality rate (per 1', '000 live births)'} | Available: ['Whether the nurseries created in the school in the GP', 'Neonatal mortality rate (per 1,000 live births)', 'Percentage of household using clean 
2026-07-07 11:58:29 | DEBUG    | row=0 targeted_populace: requested indicators (1): ['All']
2026-07-07 11:58:29 | DEBUG    | row=0 targeted_populace: found 1 total labels in panel
2026-07-07 11:58:29 | DEBUG    | row=0 targeted_populace: checkbox 'All' enabled=True checked=False
2026-07-07 11:58:29 | DEBUG    | row=0 targeted_populace: clicking checkbox: 'All'
2026-07-07 11:58:29 | DEBUG    | row=0 targeted_populace: checkbox selected successfully: 'All'
2026-07-07 11:58:29 | DEBUG    | row=0: total indicative cost calculated as: 0
2026-07-07 11:58:29 | WARNING  | row=0 field=flagship_scheme 'ARI Division Schemes: Coir Udyami Yojana - Center Scheme' not found in #flagshipSchemeId. Available (83): ['ARI Division Schemes: Coir Udyami Yojana \t - Center Scheme', 'ARI Division Schemes: Coir V
2026-07-07 11:58:29 | ERROR    | FAIL | row=0 field=flagship_scheme | 'ARI Division Schemes: Coir Udyami Yojana - Center Scheme' not found in #flagshipSchemeId. Available (83): ['ARI Division Schemes: Coir Udyami Yojana \t - Center Scheme', 'ARI Division Schemes: Coir Vikas Yojana: Personal Accident Insurance’ Scheme C
2026-07-07 11:58:29 | DEBUG    | row=0: estimated total cost section not visible
2026-07-07 11:58:30 | WARNING  | row 0 attempt 1 FAIL: [pdi_indicator] PDI indicators not found in portal: {'neonatal mortality rate (per 1', '000 live births)'} | Available: ['Whether the nurseries created in the school in the GP', 'Neonatal mortality rate (per 1,000 live births)', 'Percentage of household using clean cooking fuel', 'Proportion of wome
2026-07-07 11:58:35 | DEBUG    | row=0: watchId spinner finished, checkboxes should be loaded
2026-07-07 11:58:35 | DEBUG    | row=0 pdi: #checkboxes not visible, attempting to open
2026-07-07 11:58:36 | DEBUG    | row=0 pdi: requested (2): ['Neonatal mortality rate (per 1', '000 live births)']
2026-07-07 11:58:36 | DEBUG    | row=0 pdi: found 12 checkbox inputs in panel
2026-07-07 11:58:36 | DEBUG    | row=0 pdi: skipping invalid checkbox: value=0 label='None'
2026-07-07 11:58:36 | DEBUG    | row=0 pdi: available checkbox id=missionAdId1 value=218 label='Whether the nurseries created in the school in the GP' enabled=True checked=False
2026-07-07 11:58:36 | DEBUG    | row=0 pdi: available checkbox id=missionAdId2 value=45 label='Neonatal mortality rate (per 1,000 live births)' enabled=True checked=False
2026-07-07 11:58:36 | DEBUG    | row=0 pdi: available checkbox id=missionAdId3 value=200 label='Percentage of household using clean cooking fuel' enabled=True checked=False
2026-07-07 11:58:36 | DEBUG    | row=0 pdi: available checkbox id=missionAdId4 value=540 label='Proportion of women (aged 30-49) screened under the Non Communicable Disease (NCD) programme for cervical/breast cancer' enabled=True checked=False
2026-07-07 11:58:36 | DEBUG    | row=0 pdi: available checkbox id=missionAdId5 value=60 label='Total GP spending on Health to the total expenditure' enabled=True checked=False
2026-07-07 11:58:36 | DEBUG    | row=0 pdi: skipping invalid checkbox: value=0 label='None'
2026-07-07 11:58:36 | DEBUG    | row=0 pdi: available checkbox id=missionAdId1 value=218 label='Whether the nurseries created in the school in the GP' enabled=True checked=False
2026-07-07 11:58:36 | DEBUG    | row=0 pdi: available checkbox id=missionAdId2 value=45 label='Neonatal mortality rate (per 1,000 live births)' enabled=True checked=False
2026-07-07 11:58:36 | DEBUG    | row=0 pdi: available checkbox id=missionAdId3 value=200 label='Percentage of household using clean cooking fuel' enabled=True checked=False
2026-07-07 11:58:36 | DEBUG    | row=0 pdi: available checkbox id=missionAdId4 value=540 label='Proportion of women (aged 30-49) screened under the Non Communicable Disease (NCD) programme for cervical/breast cancer' enabled=True checked=False
2026-07-07 11:58:36 | DEBUG    | row=0 pdi: available checkbox id=missionAdId5 value=60 label='Total GP spending on Health to the total expenditure' enabled=True checked=False
2026-07-07 11:58:36 | ERROR    | row=0 pdi: requested indicators NOT found: ['neonatal mortality rate (per 1', '000 live births)'] | available: ['Whether the nurseries created in the school in the GP', 'Neonatal mortality rate (per 1,000 live births)', 'Percentage of household using clean cooking fuel', 'Proportion of women (aged 30-49) screened under the Non Communicable Disease (NCD) programme for cervical/breast cancer', 'Total GP spending on Health to the total expenditure']
2026-07-07 11:58:36 | WARNING  | row=0 field=pdi_indicator PDI indicators not found in portal: {'neonatal mortality rate (per 1', '000 live births)'} | Available: ['Whether the nurseries created in the school in the GP', 'Neonatal mortality rate (per 1,000 li
2026-07-07 11:58:36 | ERROR    | FAIL | row=0 field=pdi_indicator | PDI indicators not found in portal: {'neonatal mortality rate (per 1', '000 live births)'} | Available: ['Whether the nurseries created in the school in the GP', 'Neonatal mortality rate (per 1,000 live births)', 'Percentage of household using clean 
2026-07-07 11:58:37 | DEBUG    | row=0 targeted_populace: requested indicators (1): ['All']
2026-07-07 11:58:37 | DEBUG    | row=0 targeted_populace: found 1 total labels in panel
2026-07-07 11:58:37 | DEBUG    | row=0 targeted_populace: checkbox 'All' enabled=True checked=False
2026-07-07 11:58:37 | DEBUG    | row=0 targeted_populace: clicking checkbox: 'All'
2026-07-07 11:58:37 | DEBUG    | row=0 targeted_populace: checkbox selected successfully: 'All'
2026-07-07 11:58:37 | DEBUG    | row=0: total indicative cost calculated as: 0
2026-07-07 11:58:37 | WARNING  | row=0 field=flagship_scheme 'ARI Division Schemes: Coir Udyami Yojana - Center Scheme' not found in #flagshipSchemeId. Available (83): ['ARI Division Schemes: Coir Udyami Yojana \t - Center Scheme', 'ARI Division Schemes: Coir V
2026-07-07 11:58:37 | ERROR    | FAIL | row=0 field=flagship_scheme | 'ARI Division Schemes: Coir Udyami Yojana - Center Scheme' not found in #flagshipSchemeId. Available (83): ['ARI Division Schemes: Coir Udyami Yojana \t - Center Scheme', 'ARI Division Schemes: Coir Vikas Yojana: Personal Accident Insurance’ Scheme C
2026-07-07 11:58:37 | DEBUG    | row=0: estimated total cost section not visible
2026-07-07 11:58:37 | WARNING  | row 0 attempt 2 FAIL: [pdi_indicator] PDI indicators not found in portal: {'neonatal mortality rate (per 1', '000 live births)'} | Available: ['Whether the nurseries created in the school in the GP', 'Neonatal mortality rate (per 1,000 live births)', 'Percentage of household using clean cooking fuel', 'Proportion of wome
2026-07-07 11:58:43 | DEBUG    | row=0: watchId spinner finished, checkboxes should be loaded
2026-07-07 11:58:43 | DEBUG    | row=0 pdi: #checkboxes not visible, attempting to open
2026-07-07 11:58:44 | DEBUG    | row=0 pdi: requested (2): ['Neonatal mortality rate (per 1', '000 live births)']
2026-07-07 11:58:44 | DEBUG    | row=0 pdi: found 12 checkbox inputs in panel
2026-07-07 11:58:44 | DEBUG    | row=0 pdi: skipping invalid checkbox: value=0 label='None'
2026-07-07 11:58:44 | DEBUG    | row=0 pdi: available checkbox id=missionAdId1 value=218 label='Whether the nurseries created in the school in the GP' enabled=True checked=False
2026-07-07 11:58:44 | DEBUG    | row=0 pdi: available checkbox id=missionAdId2 value=45 label='Neonatal mortality rate (per 1,000 live births)' enabled=True checked=False
2026-07-07 11:58:44 | DEBUG    | row=0 pdi: available checkbox id=missionAdId3 value=200 label='Percentage of household using clean cooking fuel' enabled=True checked=False
2026-07-07 11:58:44 | DEBUG    | row=0 pdi: available checkbox id=missionAdId4 value=540 label='Proportion of women (aged 30-49) screened under the Non Communicable Disease (NCD) programme for cervical/breast cancer' enabled=True checked=False
2026-07-07 11:58:44 | DEBUG    | row=0 pdi: available checkbox id=missionAdId5 value=60 label='Total GP spending on Health to the total expenditure' enabled=True checked=False
2026-07-07 11:58:44 | DEBUG    | row=0 pdi: skipping invalid checkbox: value=0 label='None'
2026-07-07 11:58:44 | DEBUG    | row=0 pdi: available checkbox id=missionAdId1 value=218 label='Whether the nurseries created in the school in the GP' enabled=True checked=False
2026-07-07 11:58:44 | DEBUG    | row=0 pdi: available checkbox id=missionAdId2 value=45 label='Neonatal mortality rate (per 1,000 live births)' enabled=True checked=False
2026-07-07 11:58:44 | DEBUG    | row=0 pdi: available checkbox id=missionAdId3 value=200 label='Percentage of household using clean cooking fuel' enabled=True checked=False
2026-07-07 11:58:44 | DEBUG    | row=0 pdi: available checkbox id=missionAdId4 value=540 label='Proportion of women (aged 30-49) screened under the Non Communicable Disease (NCD) programme for cervical/breast cancer' enabled=True checked=False
2026-07-07 11:58:44 | DEBUG    | row=0 pdi: available checkbox id=missionAdId5 value=60 label='Total GP spending on Health to the total expenditure' enabled=True checked=False
2026-07-07 11:58:44 | ERROR    | row=0 pdi: requested indicators NOT found: ['neonatal mortality rate (per 1', '000 live births)'] | available: ['Whether the nurseries created in the school in the GP', 'Neonatal mortality rate (per 1,000 live births)', 'Percentage of household using clean cooking fuel', 'Proportion of women (aged 30-49) screened under the Non Communicable Disease (NCD) programme for cervical/breast cancer', 'Total GP spending on Health to the total expenditure']
2026-07-07 11:58:44 | WARNING  | row=0 field=pdi_indicator PDI indicators not found in portal: {'neonatal mortality rate (per 1', '000 live births)'} | Available: ['Whether the nurseries created in the school in the GP', 'Neonatal mortality rate (per 1,000 li
2026-07-07 11:58:44 | ERROR    | FAIL | row=0 field=pdi_indicator | PDI indicators not found in portal: {'neonatal mortality rate (per 1', '000 live births)'} | Available: ['Whether the nurseries created in the school in the GP', 'Neonatal mortality rate (per 1,000 live births)', 'Percentage of household using clean 
2026-07-07 11:58:45 | DEBUG    | row=0 targeted_populace: requested indicators (1): ['All']
2026-07-07 11:58:45 | DEBUG    | row=0 targeted_populace: found 1 total labels in panel
2026-07-07 11:58:45 | DEBUG    | row=0 targeted_populace: checkbox 'All' enabled=True checked=False
2026-07-07 11:58:45 | DEBUG    | row=0 targeted_populace: clicking checkbox: 'All'
2026-07-07 11:58:45 | DEBUG    | row=0 targeted_populace: checkbox selected successfully: 'All'
2026-07-07 11:58:45 | DEBUG    | row=0: total indicative cost calculated as: 0
2026-07-07 11:58:46 | WARNING  | row=0 field=flagship_scheme 'ARI Division Schemes: Coir Udyami Yojana - Center Scheme' not found in #flagshipSchemeId. Available (83): ['ARI Division Schemes: Coir Udyami Yojana \t - Center Scheme', 'ARI Division Schemes: Coir V
2026-07-07 11:58:46 | ERROR    | FAIL | row=0 field=flagship_scheme | 'ARI Division Schemes: Coir Udyami Yojana - Center Scheme' not found in #flagshipSchemeId. Available (83): ['ARI Division Schemes: Coir Udyami Yojana \t - Center Scheme', 'ARI Division Schemes: Coir Vikas Yojana: Personal Accident Insurance’ Scheme C
2026-07-07 11:58:46 | DEBUG    | row=0: estimated total cost section not visible
2026-07-07 11:58:46 | WARNING  | row 0 attempt 3 FAIL: [pdi_indicator] PDI indicators not found in portal: {'neonatal mortality rate (per 1', '000 live births)'} | Available: ['Whether the nurseries created in the school in the GP', 'Neonatal mortality rate (per 1,000 live births)', 'Percentage of household using clean cooking fuel', 'Proportion of wome
2026-07-07 11:58:46 | ERROR    | row 0 FAILED after all retries
2026-07-07 11:58:46 | INFO     | DONE 83s total=1 success=0 failed=1 rate=0.0%
2026-07-07 12:48:08 | INFO     | ============================================================
2026-07-07 12:48:08 | INFO     | eGramSwaraj Bot START (v5)
2026-07-07 12:48:08 | INFO     | ============================================================
2026-07-07 12:48:09 | INFO     | rows: total=1 done=0 pending=1
2026-07-07 12:48:21 | INFO     | Waiting for manual login -> addactivity.htm ...
2026-07-07 13:30:22 | INFO     | ============================================================
2026-07-07 13:30:22 | INFO     | eGramSwaraj Bot START (v5)
2026-07-07 13:30:22 | INFO     | ============================================================
2026-07-07 13:30:22 | INFO     | rows: total=1 done=0 pending=1
2026-07-07 13:30:27 | INFO     | Waiting for manual login -> addactivity.htm ...
2026-07-07 13:31:14 | INFO     | Form ready at: https://egramswaraj.gov.in/addactivity.htm
2026-07-07 13:31:17 | INFO     | -- row 0 | Awareness camp on behavioural issues of Mission LiFE
2026-07-07 13:31:21 | DEBUG    | row=0: watchId spinner finished, checkboxes should be loaded
2026-07-07 13:31:21 | DEBUG    | row=0 pdi: #checkboxes not visible, attempting to open
2026-07-07 13:31:21 | DEBUG    | row=0 pdi: requested (2): ['Neonatal mortality rate (per 1', '000 live births)']
2026-07-07 13:31:21 | DEBUG    | row=0 pdi: found 12 checkbox inputs in panel
2026-07-07 13:31:21 | DEBUG    | row=0 pdi: skipping invalid checkbox: value=0 label='None'
2026-07-07 13:31:21 | DEBUG    | row=0 pdi: available checkbox id=missionAdId1 value=218 label='Whether the nurseries created in the school in the GP' enabled=True checked=False
2026-07-07 13:31:21 | DEBUG    | row=0 pdi: available checkbox id=missionAdId2 value=45 label='Neonatal mortality rate (per 1,000 live births)' enabled=True checked=False
2026-07-07 13:31:21 | DEBUG    | row=0 pdi: available checkbox id=missionAdId3 value=200 label='Percentage of household using clean cooking fuel' enabled=True checked=False
2026-07-07 13:31:21 | DEBUG    | row=0 pdi: available checkbox id=missionAdId4 value=540 label='Proportion of women (aged 30-49) screened under the Non Communicable Disease (NCD) programme for cervical/breast cancer' enabled=True checked=False
2026-07-07 13:31:21 | DEBUG    | row=0 pdi: available checkbox id=missionAdId5 value=60 label='Total GP spending on Health to the total expenditure' enabled=True checked=False
2026-07-07 13:31:21 | DEBUG    | row=0 pdi: skipping invalid checkbox: value=0 label='None'
2026-07-07 13:31:21 | DEBUG    | row=0 pdi: available checkbox id=missionAdId1 value=218 label='Whether the nurseries created in the school in the GP' enabled=True checked=False
2026-07-07 13:31:21 | DEBUG    | row=0 pdi: available checkbox id=missionAdId2 value=45 label='Neonatal mortality rate (per 1,000 live births)' enabled=True checked=False
2026-07-07 13:31:21 | DEBUG    | row=0 pdi: available checkbox id=missionAdId3 value=200 label='Percentage of household using clean cooking fuel' enabled=True checked=False
2026-07-07 13:31:21 | DEBUG    | row=0 pdi: available checkbox id=missionAdId4 value=540 label='Proportion of women (aged 30-49) screened under the Non Communicable Disease (NCD) programme for cervical/breast cancer' enabled=True checked=False
2026-07-07 13:31:21 | DEBUG    | row=0 pdi: available checkbox id=missionAdId5 value=60 label='Total GP spending on Health to the total expenditure' enabled=True checked=False
2026-07-07 13:31:21 | ERROR    | row=0 pdi: requested indicators NOT found: ['000 live births)', 'neonatal mortality rate (per 1'] | available: ['Whether the nurseries created in the school in the GP', 'Neonatal mortality rate (per 1,000 live births)', 'Percentage of household using clean cooking fuel', 'Proportion of women (aged 30-49) screened under the Non Communicable Disease (NCD) programme for cervical/breast cancer', 'Total GP spending on Health to the total expenditure']
2026-07-07 13:31:21 | WARNING  | row=0 field=pdi_indicator PDI indicators not found in portal: {'000 live births)', 'neonatal mortality rate (per 1'} | Available: ['Whether the nurseries created in the school in the GP', 'Neonatal mortality rate (per 1,000 li
2026-07-07 13:31:21 | ERROR    | FAIL | row=0 field=pdi_indicator | PDI indicators not found in portal: {'000 live births)', 'neonatal mortality rate (per 1'} | Available: ['Whether the nurseries created in the school in the GP', 'Neonatal mortality rate (per 1,000 live births)', 'Percentage of household using clean 
2026-07-07 13:31:22 | DEBUG    | row=0 targeted_populace: requested indicators (1): ['All']
2026-07-07 13:31:22 | DEBUG    | row=0 targeted_populace: found 1 total labels in panel
2026-07-07 13:31:22 | DEBUG    | row=0 targeted_populace: checkbox 'All' enabled=True checked=False
2026-07-07 13:31:22 | DEBUG    | row=0 targeted_populace: clicking checkbox: 'All'
2026-07-07 13:31:22 | DEBUG    | row=0 targeted_populace: checkbox selected successfully: 'All'
2026-07-07 13:31:23 | DEBUG    | row=0: total indicative cost calculated as: 0
2026-07-07 13:31:23 | WARNING  | row=0 field=flagship_scheme 'ARI Division Schemes: Coir Udyami Yojana - Center Scheme' not found in #flagshipSchemeId. Available (83): ['ARI Division Schemes: Coir Udyami Yojana \t - Center Scheme', 'ARI Division Schemes: Coir V
2026-07-07 13:31:23 | ERROR    | FAIL | row=0 field=flagship_scheme | 'ARI Division Schemes: Coir Udyami Yojana - Center Scheme' not found in #flagshipSchemeId. Available (83): ['ARI Division Schemes: Coir Udyami Yojana \t - Center Scheme', 'ARI Division Schemes: Coir Vikas Yojana: Personal Accident Insurance’ Scheme C
2026-07-07 13:31:23 | DEBUG    | row=0: estimated total cost section not visible
2026-07-07 13:31:23 | WARNING  | row=0 activity_output_popup Panchayat Advancement Index Indicator state was lost after Activity Output submission
2026-07-07 13:31:23 | ERROR    | FAIL | row=0 field=activity_output | Panchayat Advancement Index Indicator state was lost after Activity Output submission
2026-07-07 13:31:23 | WARNING  | row 0 attempt 1 FAIL: [pdi_indicator] PDI indicators not found in portal: {'000 live births)', 'neonatal mortality rate (per 1'} | Available: ['Whether the nurseries created in the school in the GP', 'Neonatal mortality rate (per 1,000 live births)', 'Percentage of household using clean cooking fuel', 'Proportion of wome
2026-07-07 13:31:29 | DEBUG    | row=0: watchId spinner finished, checkboxes should be loaded
2026-07-07 13:31:29 | DEBUG    | row=0 pdi: #checkboxes not visible, attempting to open
2026-07-07 13:31:30 | DEBUG    | row=0 pdi: requested (2): ['Neonatal mortality rate (per 1', '000 live births)']
2026-07-07 13:31:30 | DEBUG    | row=0 pdi: found 6 checkbox inputs in panel
2026-07-07 13:31:30 | DEBUG    | row=0 pdi: skipping invalid checkbox: value=0 label='None'
2026-07-07 13:31:30 | DEBUG    | row=0 pdi: available checkbox id=missionAdId1 value=218 label='Whether the nurseries created in the school in the GP' enabled=True checked=False
2026-07-07 13:31:30 | DEBUG    | row=0 pdi: available checkbox id=missionAdId2 value=45 label='Neonatal mortality rate (per 1,000 live births)' enabled=True checked=False
2026-07-07 13:31:30 | DEBUG    | row=0 pdi: available checkbox id=missionAdId3 value=200 label='Percentage of household using clean cooking fuel' enabled=True checked=False
2026-07-07 13:31:30 | DEBUG    | row=0 pdi: available checkbox id=missionAdId4 value=540 label='Proportion of women (aged 30-49) screened under the Non Communicable Disease (NCD) programme for cervical/breast cancer' enabled=True checked=False
2026-07-07 13:31:30 | DEBUG    | row=0 pdi: available checkbox id=missionAdId5 value=60 label='Total GP spending on Health to the total expenditure' enabled=True checked=False
2026-07-07 13:31:30 | ERROR    | row=0 pdi: requested indicators NOT found: ['000 live births)', 'neonatal mortality rate (per 1'] | available: ['Whether the nurseries created in the school in the GP', 'Neonatal mortality rate (per 1,000 live births)', 'Percentage of household using clean cooking fuel', 'Proportion of women (aged 30-49) screened under the Non Communicable Disease (NCD) programme for cervical/breast cancer', 'Total GP spending on Health to the total expenditure']
2026-07-07 13:31:30 | WARNING  | row=0 field=pdi_indicator PDI indicators not found in portal: {'000 live births)', 'neonatal mortality rate (per 1'} | Available: ['Whether the nurseries created in the school in the GP', 'Neonatal mortality rate (per 1,000 li
2026-07-07 13:31:30 | ERROR    | FAIL | row=0 field=pdi_indicator | PDI indicators not found in portal: {'000 live births)', 'neonatal mortality rate (per 1'} | Available: ['Whether the nurseries created in the school in the GP', 'Neonatal mortality rate (per 1,000 live births)', 'Percentage of household using clean 
2026-07-07 13:31:31 | DEBUG    | row=0 targeted_populace: requested indicators (1): ['All']
2026-07-07 13:31:31 | DEBUG    | row=0 targeted_populace: found 1 total labels in panel
2026-07-07 13:31:31 | DEBUG    | row=0 targeted_populace: checkbox 'All' enabled=True checked=False
2026-07-07 13:31:31 | DEBUG    | row=0 targeted_populace: clicking checkbox: 'All'
2026-07-07 13:31:31 | DEBUG    | row=0 targeted_populace: checkbox selected successfully: 'All'
2026-07-07 13:31:31 | DEBUG    | row=0: total indicative cost calculated as: 0
2026-07-07 13:31:31 | WARNING  | row=0 field=flagship_scheme 'ARI Division Schemes: Coir Udyami Yojana - Center Scheme' not found in #flagshipSchemeId. Available (83): ['ARI Division Schemes: Coir Udyami Yojana \t - Center Scheme', 'ARI Division Schemes: Coir V
2026-07-07 13:31:32 | ERROR    | FAIL | row=0 field=flagship_scheme | 'ARI Division Schemes: Coir Udyami Yojana - Center Scheme' not found in #flagshipSchemeId. Available (83): ['ARI Division Schemes: Coir Udyami Yojana \t - Center Scheme', 'ARI Division Schemes: Coir Vikas Yojana: Personal Accident Insurance’ Scheme C
2026-07-07 13:31:32 | DEBUG    | row=0: estimated total cost section not visible
2026-07-07 13:31:32 | WARNING  | row=0 activity_output_popup Panchayat Advancement Index Indicator state was lost after Activity Output submission
2026-07-07 13:31:32 | ERROR    | FAIL | row=0 field=activity_output | Panchayat Advancement Index Indicator state was lost after Activity Output submission
2026-07-07 13:31:32 | WARNING  | row 0 attempt 2 FAIL: [pdi_indicator] PDI indicators not found in portal: {'000 live births)', 'neonatal mortality rate (per 1'} | Available: ['Whether the nurseries created in the school in the GP', 'Neonatal mortality rate (per 1,000 live births)', 'Percentage of household using clean cooking fuel', 'Proportion of wome
2026-07-07 13:31:37 | DEBUG    | row=0: watchId spinner finished, checkboxes should be loaded
2026-07-07 13:31:37 | DEBUG    | row=0 pdi: #checkboxes not visible, attempting to open
2026-07-07 13:31:37 | DEBUG    | row=0 pdi: requested (2): ['Neonatal mortality rate (per 1', '000 live births)']
2026-07-07 13:31:37 | DEBUG    | row=0 pdi: found 12 checkbox inputs in panel
2026-07-07 13:31:37 | DEBUG    | row=0 pdi: skipping invalid checkbox: value=0 label='None'
2026-07-07 13:31:37 | DEBUG    | row=0 pdi: available checkbox id=missionAdId1 value=218 label='Whether the nurseries created in the school in the GP' enabled=True checked=False
2026-07-07 13:31:38 | DEBUG    | row=0 pdi: available checkbox id=missionAdId2 value=45 label='Neonatal mortality rate (per 1,000 live births)' enabled=True checked=False
2026-07-07 13:31:38 | DEBUG    | row=0 pdi: available checkbox id=missionAdId3 value=200 label='Percentage of household using clean cooking fuel' enabled=True checked=False
2026-07-07 13:31:38 | DEBUG    | row=0 pdi: available checkbox id=missionAdId4 value=540 label='Proportion of women (aged 30-49) screened under the Non Communicable Disease (NCD) programme for cervical/breast cancer' enabled=True checked=False
2026-07-07 13:31:38 | DEBUG    | row=0 pdi: available checkbox id=missionAdId5 value=60 label='Total GP spending on Health to the total expenditure' enabled=True checked=False
2026-07-07 13:31:38 | DEBUG    | row=0 pdi: skipping invalid checkbox: value=0 label='None'
2026-07-07 13:31:38 | DEBUG    | row=0 pdi: available checkbox id=missionAdId1 value=218 label='Whether the nurseries created in the school in the GP' enabled=True checked=False
2026-07-07 13:31:38 | DEBUG    | row=0 pdi: available checkbox id=missionAdId2 value=45 label='Neonatal mortality rate (per 1,000 live births)' enabled=True checked=False
2026-07-07 13:31:38 | DEBUG    | row=0 pdi: available checkbox id=missionAdId3 value=200 label='Percentage of household using clean cooking fuel' enabled=True checked=False
2026-07-07 13:31:38 | DEBUG    | row=0 pdi: available checkbox id=missionAdId4 value=540 label='Proportion of women (aged 30-49) screened under the Non Communicable Disease (NCD) programme for cervical/breast cancer' enabled=True checked=False
2026-07-07 13:31:38 | DEBUG    | row=0 pdi: available checkbox id=missionAdId5 value=60 label='Total GP spending on Health to the total expenditure' enabled=True checked=False
2026-07-07 13:31:38 | ERROR    | row=0 pdi: requested indicators NOT found: ['000 live births)', 'neonatal mortality rate (per 1'] | available: ['Whether the nurseries created in the school in the GP', 'Neonatal mortality rate (per 1,000 live births)', 'Percentage of household using clean cooking fuel', 'Proportion of women (aged 30-49) screened under the Non Communicable Disease (NCD) programme for cervical/breast cancer', 'Total GP spending on Health to the total expenditure']
2026-07-07 13:31:38 | WARNING  | row=0 field=pdi_indicator PDI indicators not found in portal: {'000 live births)', 'neonatal mortality rate (per 1'} | Available: ['Whether the nurseries created in the school in the GP', 'Neonatal mortality rate (per 1,000 li
2026-07-07 13:31:38 | ERROR    | FAIL | row=0 field=pdi_indicator | PDI indicators not found in portal: {'000 live births)', 'neonatal mortality rate (per 1'} | Available: ['Whether the nurseries created in the school in the GP', 'Neonatal mortality rate (per 1,000 live births)', 'Percentage of household using clean 
2026-07-07 13:31:39 | DEBUG    | row=0 targeted_populace: requested indicators (1): ['All']
2026-07-07 13:31:39 | DEBUG    | row=0 targeted_populace: found 1 total labels in panel
2026-07-07 13:31:39 | DEBUG    | row=0 targeted_populace: checkbox 'All' enabled=True checked=False
2026-07-07 13:31:39 | DEBUG    | row=0 targeted_populace: clicking checkbox: 'All'
2026-07-07 13:31:39 | DEBUG    | row=0 targeted_populace: checkbox selected successfully: 'All'
2026-07-07 13:31:39 | DEBUG    | row=0: total indicative cost calculated as: 0
2026-07-07 13:31:39 | WARNING  | row=0 field=flagship_scheme 'ARI Division Schemes: Coir Udyami Yojana - Center Scheme' not found in #flagshipSchemeId. Available (83): ['ARI Division Schemes: Coir Udyami Yojana \t - Center Scheme', 'ARI Division Schemes: Coir V
2026-07-07 13:31:39 | ERROR    | FAIL | row=0 field=flagship_scheme | 'ARI Division Schemes: Coir Udyami Yojana - Center Scheme' not found in #flagshipSchemeId. Available (83): ['ARI Division Schemes: Coir Udyami Yojana \t - Center Scheme', 'ARI Division Schemes: Coir Vikas Yojana: Personal Accident Insurance’ Scheme C
2026-07-07 13:31:39 | DEBUG    | row=0: estimated total cost section not visible
2026-07-07 13:31:39 | WARNING  | row=0 activity_output_popup Panchayat Advancement Index Indicator state was lost after Activity Output submission
2026-07-07 13:31:39 | ERROR    | FAIL | row=0 field=activity_output | Panchayat Advancement Index Indicator state was lost after Activity Output submission
2026-07-07 13:31:39 | WARNING  | row 0 attempt 3 FAIL: [pdi_indicator] PDI indicators not found in portal: {'000 live births)', 'neonatal mortality rate (per 1'} | Available: ['Whether the nurseries created in the school in the GP', 'Neonatal mortality rate (per 1,000 live births)', 'Percentage of household using clean cooking fuel', 'Proportion of wome
2026-07-07 13:31:40 | ERROR    | row 0 FAILED after all retries
2026-07-07 13:31:40 | INFO     | DONE 78s total=1 success=0 failed=1 rate=0.0%
2026-07-07 13:49:02 | INFO     | ============================================================
2026-07-07 13:49:02 | INFO     | eGramSwaraj Bot START (v5)
2026-07-07 13:49:02 | INFO     | ============================================================
2026-07-07 13:49:02 | INFO     | rows: total=1 done=0 pending=1
2026-07-07 13:49:08 | INFO     | Waiting for manual login -> addactivity.htm ...
2026-07-07 13:49:55 | INFO     | Form ready at: https://egramswaraj.gov.in/addactivity.htm
2026-07-07 13:49:59 | INFO     | -- row 0 | Awareness camp on behavioural issues of Mission LiFE
2026-07-07 13:50:03 | DEBUG    | row=0: watchId spinner finished, checkboxes should be loaded
2026-07-07 13:50:03 | DEBUG    | row=0 pdi: #checkboxes not visible, attempting to open
2026-07-07 13:50:03 | DEBUG    | row=0 pdi: requested (2): ['Neonatal mortality rate (per 1', '000 live births)']
2026-07-07 13:50:03 | DEBUG    | row=0 pdi: found 12 checkbox inputs in panel
2026-07-07 13:50:03 | DEBUG    | row=0 pdi: skipping invalid checkbox: value=0 label='None'
2026-07-07 13:50:03 | DEBUG    | row=0 pdi: available checkbox id=missionAdId1 value=218 label='Whether the nurseries created in the school in the GP' enabled=True checked=False
2026-07-07 13:50:03 | DEBUG    | row=0 pdi: available checkbox id=missionAdId2 value=45 label='Neonatal mortality rate (per 1,000 live births)' enabled=True checked=False
2026-07-07 13:50:03 | DEBUG    | row=0 pdi: available checkbox id=missionAdId3 value=200 label='Percentage of household using clean cooking fuel' enabled=True checked=False
2026-07-07 13:50:03 | DEBUG    | row=0 pdi: available checkbox id=missionAdId4 value=540 label='Proportion of women (aged 30-49) screened under the Non Communicable Disease (NCD) programme for cervical/breast cancer' enabled=True checked=False
2026-07-07 13:50:03 | DEBUG    | row=0 pdi: available checkbox id=missionAdId5 value=60 label='Total GP spending on Health to the total expenditure' enabled=True checked=False
2026-07-07 13:50:03 | DEBUG    | row=0 pdi: skipping invalid checkbox: value=0 label='None'
2026-07-07 13:50:03 | DEBUG    | row=0 pdi: available checkbox id=missionAdId1 value=218 label='Whether the nurseries created in the school in the GP' enabled=True checked=False
2026-07-07 13:50:03 | DEBUG    | row=0 pdi: available checkbox id=missionAdId2 value=45 label='Neonatal mortality rate (per 1,000 live births)' enabled=True checked=False
2026-07-07 13:50:03 | DEBUG    | row=0 pdi: available checkbox id=missionAdId3 value=200 label='Percentage of household using clean cooking fuel' enabled=True checked=False
2026-07-07 13:50:04 | DEBUG    | row=0 pdi: available checkbox id=missionAdId4 value=540 label='Proportion of women (aged 30-49) screened under the Non Communicable Disease (NCD) programme for cervical/breast cancer' enabled=True checked=False
2026-07-07 13:50:04 | DEBUG    | row=0 pdi: available checkbox id=missionAdId5 value=60 label='Total GP spending on Health to the total expenditure' enabled=True checked=False
2026-07-07 13:50:04 | ERROR    | row=0 pdi: requested indicators NOT found: ['neonatal mortality rate (per 1', '000 live births)'] | available: ['Whether the nurseries created in the school in the GP', 'Neonatal mortality rate (per 1,000 live births)', 'Percentage of household using clean cooking fuel', 'Proportion of women (aged 30-49) screened under the Non Communicable Disease (NCD) programme for cervical/breast cancer', 'Total GP spending on Health to the total expenditure']
2026-07-07 13:50:04 | WARNING  | row=0 field=pdi_indicator PDI indicators not found in portal: {'neonatal mortality rate (per 1', '000 live births)'} | Available: ['Whether the nurseries created in the school in the GP', 'Neonatal mortality rate (per 1,000 li
2026-07-07 13:50:04 | ERROR    | FAIL | row=0 field=pdi_indicator | PDI indicators not found in portal: {'neonatal mortality rate (per 1', '000 live births)'} | Available: ['Whether the nurseries created in the school in the GP', 'Neonatal mortality rate (per 1,000 live births)', 'Percentage of household using clean 
2026-07-07 13:50:04 | DEBUG    | row=0 targeted_populace: requested indicators (1): ['All']
2026-07-07 13:50:04 | DEBUG    | row=0 targeted_populace: found 1 total labels in panel
2026-07-07 13:50:04 | DEBUG    | row=0 targeted_populace: checkbox 'All' enabled=True checked=False
2026-07-07 13:50:04 | DEBUG    | row=0 targeted_populace: clicking checkbox: 'All'
2026-07-07 13:50:04 | DEBUG    | row=0 targeted_populace: checkbox selected successfully: 'All'
2026-07-07 13:50:05 | DEBUG    | row=0: total indicative cost calculated as: 0
2026-07-07 13:50:05 | DEBUG    | row=0: Supported Department - requesting: 'Department of Food & Public Distribution'
2026-07-07 13:50:05 | DEBUG    | row=0: Waiting for supported_department options to populate
2026-07-07 13:50:05 | DEBUG    | row=0: supported_department options available: 1 options
2026-07-07 13:50:05 | WARNING  | row=0: supported_department option not found: 'Department of Food & Public Distribution' not found in #supportedMinistriesId. Available (1): ['Ministry of MSME']
2026-07-07 13:50:05 | WARNING  | row=0 field=select_supported_department Supported Department option not found: Department of Food & Public Distribution
2026-07-07 13:50:05 | ERROR    | FAIL | row=0 field=select_supported_department | Supported Department option not found: Department of Food & Public Distribution
2026-07-07 13:50:05 | DEBUG    | row=0: estimated total cost section not visible
2026-07-07 13:50:05 | INFO     | [ACT-0001] Activity Output detail record found
2026-07-07 13:50:05 | INFO     | [ACT-0001] Activity Output: Training/Capacity Building
2026-07-07 13:50:05 | INFO     | [ACT-0001] Handler: TrainingOutputHandler
2026-07-07 13:50:05 | INFO     | [ACT-0001] Detail Sheet: Training
2026-07-07 13:50:05 | INFO     | [ACT-0001] Radio: outputActvityAstId102
2026-07-07 13:50:20 | WARNING  | row=0 activity_output_popup Training modal did not open: showTrainingDetailsPopup
2026-07-07 13:50:20 | ERROR    | FAIL | row=0 field=activity_output | Training modal did not open: showTrainingDetailsPopup
2026-07-07 13:50:20 | WARNING  | row 0 attempt 1 FAIL: [pdi_indicator] PDI indicators not found in portal: {'neonatal mortality rate (per 1', '000 live births)'} | Available: ['Whether the nurseries created in the school in the GP', 'Neonatal mortality rate (per 1,000 live births)', 'Percentage of household using clean cooking fuel', 'Proportion of wome
2026-07-07 13:50:26 | DEBUG    | row=0: watchId spinner finished, checkboxes should be loaded
2026-07-07 13:50:26 | DEBUG    | row=0 pdi: #checkboxes not visible, attempting to open
2026-07-07 13:50:27 | DEBUG    | row=0 pdi: requested (2): ['Neonatal mortality rate (per 1', '000 live births)']
2026-07-07 13:50:27 | DEBUG    | row=0 pdi: found 12 checkbox inputs in panel
2026-07-07 13:50:27 | DEBUG    | row=0 pdi: skipping invalid checkbox: value=0 label='None'
2026-07-07 13:50:27 | DEBUG    | row=0 pdi: available checkbox id=missionAdId1 value=218 label='Whether the nurseries created in the school in the GP' enabled=True checked=False
2026-07-07 13:50:27 | DEBUG    | row=0 pdi: available checkbox id=missionAdId2 value=45 label='Neonatal mortality rate (per 1,000 live births)' enabled=True checked=False
2026-07-07 13:50:27 | DEBUG    | row=0 pdi: available checkbox id=missionAdId3 value=200 label='Percentage of household using clean cooking fuel' enabled=True checked=False
2026-07-07 13:50:27 | DEBUG    | row=0 pdi: available checkbox id=missionAdId4 value=540 label='Proportion of women (aged 30-49) screened under the Non Communicable Disease (NCD) programme for cervical/breast cancer' enabled=True checked=False
2026-07-07 13:50:27 | DEBUG    | row=0 pdi: available checkbox id=missionAdId5 value=60 label='Total GP spending on Health to the total expenditure' enabled=True checked=False
2026-07-07 13:50:27 | DEBUG    | row=0 pdi: skipping invalid checkbox: value=0 label='None'
2026-07-07 13:50:27 | DEBUG    | row=0 pdi: available checkbox id=missionAdId1 value=218 label='Whether the nurseries created in the school in the GP' enabled=True checked=False
2026-07-07 13:50:27 | DEBUG    | row=0 pdi: available checkbox id=missionAdId2 value=45 label='Neonatal mortality rate (per 1,000 live births)' enabled=True checked=False
2026-07-07 13:50:27 | DEBUG    | row=0 pdi: available checkbox id=missionAdId3 value=200 label='Percentage of household using clean cooking fuel' enabled=True checked=False
2026-07-07 13:50:27 | DEBUG    | row=0 pdi: available checkbox id=missionAdId4 value=540 label='Proportion of women (aged 30-49) screened under the Non Communicable Disease (NCD) programme for cervical/breast cancer' enabled=True checked=False
2026-07-07 13:50:27 | DEBUG    | row=0 pdi: available checkbox id=missionAdId5 value=60 label='Total GP spending on Health to the total expenditure' enabled=True checked=False
2026-07-07 13:50:27 | ERROR    | row=0 pdi: requested indicators NOT found: ['neonatal mortality rate (per 1', '000 live births)'] | available: ['Whether the nurseries created in the school in the GP', 'Neonatal mortality rate (per 1,000 live births)', 'Percentage of household using clean cooking fuel', 'Proportion of women (aged 30-49) screened under the Non Communicable Disease (NCD) programme for cervical/breast cancer', 'Total GP spending on Health to the total expenditure']
2026-07-07 13:50:27 | WARNING  | row=0 field=pdi_indicator PDI indicators not found in portal: {'neonatal mortality rate (per 1', '000 live births)'} | Available: ['Whether the nurseries created in the school in the GP', 'Neonatal mortality rate (per 1,000 li
2026-07-07 13:50:27 | ERROR    | FAIL | row=0 field=pdi_indicator | PDI indicators not found in portal: {'neonatal mortality rate (per 1', '000 live births)'} | Available: ['Whether the nurseries created in the school in the GP', 'Neonatal mortality rate (per 1,000 live births)', 'Percentage of household using clean 
2026-07-07 13:50:27 | DEBUG    | row=0 targeted_populace: requested indicators (1): ['All']
2026-07-07 13:50:27 | DEBUG    | row=0 targeted_populace: found 1 total labels in panel
2026-07-07 13:50:28 | DEBUG    | row=0 targeted_populace: checkbox 'All' enabled=True checked=False
2026-07-07 13:50:28 | DEBUG    | row=0 targeted_populace: clicking checkbox: 'All'
2026-07-07 13:50:28 | DEBUG    | row=0 targeted_populace: checkbox selected successfully: 'All'
2026-07-07 13:50:28 | DEBUG    | row=0: total indicative cost calculated as: 0
2026-07-07 13:50:28 | DEBUG    | row=0: Supported Department - requesting: 'Department of Food & Public Distribution'
2026-07-07 13:50:28 | DEBUG    | row=0: Waiting for supported_department options to populate
2026-07-07 13:50:28 | DEBUG    | row=0: supported_department options available: 1 options
2026-07-07 13:50:28 | WARNING  | row=0: supported_department option not found: 'Department of Food & Public Distribution' not found in #supportedMinistriesId. Available (1): ['Ministry of MSME']
2026-07-07 13:50:28 | WARNING  | row=0 field=select_supported_department Supported Department option not found: Department of Food & Public Distribution
2026-07-07 13:50:28 | ERROR    | FAIL | row=0 field=select_supported_department | Supported Department option not found: Department of Food & Public Distribution
2026-07-07 13:50:28 | DEBUG    | row=0: estimated total cost section not visible
2026-07-07 13:50:28 | INFO     | [ACT-0001] Activity Output detail record found
2026-07-07 13:50:28 | INFO     | [ACT-0001] Activity Output: Training/Capacity Building
2026-07-07 13:50:28 | INFO     | [ACT-0001] Handler: TrainingOutputHandler
2026-07-07 13:50:28 | INFO     | [ACT-0001] Detail Sheet: Training
2026-07-07 13:50:28 | INFO     | [ACT-0001] Radio: outputActvityAstId102
2026-07-07 13:50:43 | WARNING  | row=0 activity_output_popup Training modal did not open: showTrainingDetailsPopup
2026-07-07 13:50:44 | ERROR    | FAIL | row=0 field=activity_output | Training modal did not open: showTrainingDetailsPopup
2026-07-07 13:50:44 | WARNING  | row 0 attempt 2 FAIL: [pdi_indicator] PDI indicators not found in portal: {'neonatal mortality rate (per 1', '000 live births)'} | Available: ['Whether the nurseries created in the school in the GP', 'Neonatal mortality rate (per 1,000 live births)', 'Percentage of household using clean cooking fuel', 'Proportion of wome
2026-07-07 13:50:49 | DEBUG    | row=0: watchId spinner finished, checkboxes should be loaded
2026-07-07 13:50:49 | DEBUG    | row=0 pdi: #checkboxes not visible, attempting to open
2026-07-07 13:50:50 | DEBUG    | row=0 pdi: requested (2): ['Neonatal mortality rate (per 1', '000 live births)']
2026-07-07 13:50:50 | DEBUG    | row=0 pdi: found 12 checkbox inputs in panel
2026-07-07 13:50:50 | DEBUG    | row=0 pdi: skipping invalid checkbox: value=0 label='None'
2026-07-07 13:50:50 | DEBUG    | row=0 pdi: available checkbox id=missionAdId1 value=218 label='Whether the nurseries created in the school in the GP' enabled=True checked=False
2026-07-07 13:50:50 | DEBUG    | row=0 pdi: available checkbox id=missionAdId2 value=45 label='Neonatal mortality rate (per 1,000 live births)' enabled=True checked=False
2026-07-07 13:50:50 | DEBUG    | row=0 pdi: available checkbox id=missionAdId3 value=200 label='Percentage of household using clean cooking fuel' enabled=True checked=False
2026-07-07 13:50:50 | DEBUG    | row=0 pdi: available checkbox id=missionAdId4 value=540 label='Proportion of women (aged 30-49) screened under the Non Communicable Disease (NCD) programme for cervical/breast cancer' enabled=True checked=False
2026-07-07 13:50:50 | DEBUG    | row=0 pdi: available checkbox id=missionAdId5 value=60 label='Total GP spending on Health to the total expenditure' enabled=True checked=False
2026-07-07 13:50:50 | DEBUG    | row=0 pdi: skipping invalid checkbox: value=0 label='None'
2026-07-07 13:50:50 | DEBUG    | row=0 pdi: available checkbox id=missionAdId1 value=218 label='Whether the nurseries created in the school in the GP' enabled=True checked=False
2026-07-07 13:50:50 | DEBUG    | row=0 pdi: available checkbox id=missionAdId2 value=45 label='Neonatal mortality rate (per 1,000 live births)' enabled=True checked=False
2026-07-07 13:50:50 | DEBUG    | row=0 pdi: available checkbox id=missionAdId3 value=200 label='Percentage of household using clean cooking fuel' enabled=True checked=False
2026-07-07 13:50:50 | DEBUG    | row=0 pdi: available checkbox id=missionAdId4 value=540 label='Proportion of women (aged 30-49) screened under the Non Communicable Disease (NCD) programme for cervical/breast cancer' enabled=True checked=False
2026-07-07 13:50:50 | DEBUG    | row=0 pdi: available checkbox id=missionAdId5 value=60 label='Total GP spending on Health to the total expenditure' enabled=True checked=False
2026-07-07 13:50:50 | ERROR    | row=0 pdi: requested indicators NOT found: ['neonatal mortality rate (per 1', '000 live births)'] | available: ['Whether the nurseries created in the school in the GP', 'Neonatal mortality rate (per 1,000 live births)', 'Percentage of household using clean cooking fuel', 'Proportion of women (aged 30-49) screened under the Non Communicable Disease (NCD) programme for cervical/breast cancer', 'Total GP spending on Health to the total expenditure']
2026-07-07 13:50:50 | WARNING  | row=0 field=pdi_indicator PDI indicators not found in portal: {'neonatal mortality rate (per 1', '000 live births)'} | Available: ['Whether the nurseries created in the school in the GP', 'Neonatal mortality rate (per 1,000 li
2026-07-07 13:50:50 | ERROR    | FAIL | row=0 field=pdi_indicator | PDI indicators not found in portal: {'neonatal mortality rate (per 1', '000 live births)'} | Available: ['Whether the nurseries created in the school in the GP', 'Neonatal mortality rate (per 1,000 live births)', 'Percentage of household using clean 
2026-07-07 13:50:51 | DEBUG    | row=0 targeted_populace: requested indicators (1): ['All']
2026-07-07 13:50:51 | DEBUG    | row=0 targeted_populace: found 1 total labels in panel
2026-07-07 13:50:51 | DEBUG    | row=0 targeted_populace: checkbox 'All' enabled=True checked=False
2026-07-07 13:50:51 | DEBUG    | row=0 targeted_populace: clicking checkbox: 'All'
2026-07-07 13:50:51 | DEBUG    | row=0 targeted_populace: checkbox selected successfully: 'All'
2026-07-07 13:50:51 | DEBUG    | row=0: total indicative cost calculated as: 0
2026-07-07 13:50:51 | DEBUG    | row=0: Supported Department - requesting: 'Department of Food & Public Distribution'
2026-07-07 13:50:51 | DEBUG    | row=0: Waiting for supported_department options to populate
2026-07-07 13:50:52 | DEBUG    | row=0: supported_department options available: 1 options
2026-07-07 13:50:52 | WARNING  | row=0: supported_department option not found: 'Department of Food & Public Distribution' not found in #supportedMinistriesId. Available (1): ['Ministry of MSME']
2026-07-07 13:50:52 | WARNING  | row=0 field=select_supported_department Supported Department option not found: Department of Food & Public Distribution
2026-07-07 13:50:52 | ERROR    | FAIL | row=0 field=select_supported_department | Supported Department option not found: Department of Food & Public Distribution
2026-07-07 13:50:52 | DEBUG    | row=0: estimated total cost section not visible
2026-07-07 13:50:52 | INFO     | [ACT-0001] Activity Output detail record found
2026-07-07 13:50:52 | INFO     | [ACT-0001] Activity Output: Training/Capacity Building
2026-07-07 13:50:52 | INFO     | [ACT-0001] Handler: TrainingOutputHandler
2026-07-07 13:50:52 | INFO     | [ACT-0001] Detail Sheet: Training
2026-07-07 13:50:52 | INFO     | [ACT-0001] Radio: outputActvityAstId102
2026-07-07 13:51:07 | WARNING  | row=0 activity_output_popup Training modal did not open: showTrainingDetailsPopup
2026-07-07 13:51:07 | ERROR    | FAIL | row=0 field=activity_output | Training modal did not open: showTrainingDetailsPopup
2026-07-07 13:51:07 | WARNING  | row 0 attempt 3 FAIL: [pdi_indicator] PDI indicators not found in portal: {'neonatal mortality rate (per 1', '000 live births)'} | Available: ['Whether the nurseries created in the school in the GP', 'Neonatal mortality rate (per 1,000 live births)', 'Percentage of household using clean cooking fuel', 'Proportion of wome
2026-07-07 13:51:07 | ERROR    | row 0 FAILED after all retries
2026-07-07 13:51:07 | INFO     | DONE 125s total=1 success=0 failed=1 rate=0.0%
2026-07-07 14:12:48 | INFO     | ============================================================
2026-07-07 14:12:48 | INFO     | eGramSwaraj Bot START (v5)
2026-07-07 14:12:48 | INFO     | ============================================================
2026-07-07 14:12:48 | INFO     | rows: total=1 done=0 pending=1
2026-07-07 14:12:53 | INFO     | Waiting for manual login -> addactivity.htm ...
2026-07-07 14:13:42 | INFO     | Form ready at: https://egramswaraj.gov.in/addactivity.htm
2026-07-07 14:13:45 | INFO     | -- row 0 | Awareness camp on behavioural issues of Mission LiFE
2026-07-07 14:13:48 | DEBUG    | row=0: watchId spinner finished, checkboxes should be loaded
2026-07-07 14:13:48 | DEBUG    | row=0 pdi: #checkboxes not visible, attempting to open
2026-07-07 14:13:48 | DEBUG    | row=0 pdi: requested (1): ['Neonatal mortality rate (per 1,000 live births)']
2026-07-07 14:13:48 | DEBUG    | row=0 pdi: found 12 checkbox inputs in panel
2026-07-07 14:13:48 | DEBUG    | row=0 pdi: skipping invalid checkbox: value=0 label='None'
2026-07-07 14:13:49 | DEBUG    | row=0 pdi: available checkbox id=missionAdId1 value=218 label='Whether the nurseries created in the school in the GP' enabled=True checked=False
2026-07-07 14:13:49 | DEBUG    | row=0 pdi: available checkbox id=missionAdId2 value=45 label='Neonatal mortality rate (per 1,000 live births)' enabled=True checked=False
2026-07-07 14:13:49 | DEBUG    | row=0 pdi: available checkbox id=missionAdId3 value=200 label='Percentage of household using clean cooking fuel' enabled=True checked=False
2026-07-07 14:13:49 | DEBUG    | row=0 pdi: available checkbox id=missionAdId4 value=540 label='Proportion of women (aged 30-49) screened under the Non Communicable Disease (NCD) programme for cervical/breast cancer' enabled=True checked=False
2026-07-07 14:13:49 | DEBUG    | row=0 pdi: available checkbox id=missionAdId5 value=60 label='Total GP spending on Health to the total expenditure' enabled=True checked=False
2026-07-07 14:13:49 | DEBUG    | row=0 pdi: skipping invalid checkbox: value=0 label='None'
2026-07-07 14:13:49 | DEBUG    | row=0 pdi: available checkbox id=missionAdId1 value=218 label='Whether the nurseries created in the school in the GP' enabled=True checked=False
2026-07-07 14:13:49 | DEBUG    | row=0 pdi: available checkbox id=missionAdId2 value=45 label='Neonatal mortality rate (per 1,000 live births)' enabled=True checked=False
2026-07-07 14:13:49 | DEBUG    | row=0 pdi: available checkbox id=missionAdId3 value=200 label='Percentage of household using clean cooking fuel' enabled=True checked=False
2026-07-07 14:13:49 | DEBUG    | row=0 pdi: available checkbox id=missionAdId4 value=540 label='Proportion of women (aged 30-49) screened under the Non Communicable Disease (NCD) programme for cervical/breast cancer' enabled=True checked=False
2026-07-07 14:13:49 | DEBUG    | row=0 pdi: available checkbox id=missionAdId5 value=60 label='Total GP spending on Health to the total expenditure' enabled=True checked=False
2026-07-07 14:13:49 | DEBUG    | row=0 pdi: clicking checkbox id=missionAdId2 value=45 label='Neonatal mortality rate (per 1,000 live births)'
2026-07-07 14:13:49 | DEBUG    | row=0 pdi: after click - is_selected=True dom_checked=True for 'Neonatal mortality rate (per 1,000 live births)'
2026-07-07 14:13:49 | DEBUG    | row=0 pdi: total selected indicators: 1
2026-07-07 14:13:49 | INFO     | row=0 pdi: selection complete
2026-07-07 14:13:50 | DEBUG    | row=0 targeted_populace: requested indicators (1): ['All']
2026-07-07 14:13:50 | DEBUG    | row=0 targeted_populace: found 1 total labels in panel
2026-07-07 14:13:50 | DEBUG    | row=0 targeted_populace: checkbox 'All' enabled=True checked=False
2026-07-07 14:13:50 | DEBUG    | row=0 targeted_populace: clicking checkbox: 'All'
2026-07-07 14:13:50 | DEBUG    | row=0 targeted_populace: checkbox selected successfully: 'All'
2026-07-07 14:13:50 | DEBUG    | row=0: total indicative cost calculated as: 0
2026-07-07 14:13:51 | DEBUG    | row=0: Supported Department - requesting: 'Department of Food & Public Distribution'
2026-07-07 14:13:51 | DEBUG    | row=0: Waiting for supported_department options to populate
2026-07-07 14:13:51 | DEBUG    | row=0: supported_department options available: 1 options
2026-07-07 14:13:51 | WARNING  | row=0: supported_department option not found: 'Department of Food & Public Distribution' not found in #supportedMinistriesId. Available (1): ['Ministry of MSME']
2026-07-07 14:13:51 | WARNING  | row=0 field=select_supported_department Supported Department option not found: Department of Food & Public Distribution
2026-07-07 14:13:51 | ERROR    | FAIL | row=0 field=select_supported_department | Supported Department option not found: Department of Food & Public Distribution
2026-07-07 14:13:51 | DEBUG    | row=0: estimated total cost section not visible
2026-07-07 14:13:51 | INFO     | [ACT-0001] Activity Output detail record found
2026-07-07 14:13:51 | INFO     | [ACT-0001] Activity Output: Training/Capacity Building
2026-07-07 14:13:51 | INFO     | [ACT-0001] Handler: TrainingOutputHandler
2026-07-07 14:13:51 | INFO     | [ACT-0001] Detail Sheet: Training
2026-07-07 14:13:51 | INFO     | [ACT-0001] Radio: outputActvityAstId102
2026-07-07 14:14:06 | WARNING  | row=0 activity_output_popup Training modal did not open: showTrainingDetailsPopup
2026-07-07 14:14:06 | ERROR    | FAIL | row=0 field=activity_output | Training modal did not open: showTrainingDetailsPopup
2026-07-07 14:14:06 | WARNING  | row 0 attempt 1 FAIL: [select_supported_department] Supported Department option not found: Department of Food & Public Distribution | [activity_output] Training modal did not open: showTrainingDetailsPopup
2026-07-07 14:14:12 | DEBUG    | row=0: watchId spinner finished, checkboxes should be loaded
2026-07-07 14:14:12 | DEBUG    | row=0 pdi: #checkboxes not visible, attempting to open
2026-07-07 14:14:12 | DEBUG    | row=0 pdi: requested (1): ['Neonatal mortality rate (per 1,000 live births)']
2026-07-07 14:14:12 | DEBUG    | row=0 pdi: found 12 checkbox inputs in panel
2026-07-07 14:14:13 | DEBUG    | row=0 pdi: skipping invalid checkbox: value=0 label='None'
2026-07-07 14:14:13 | DEBUG    | row=0 pdi: available checkbox id=missionAdId1 value=218 label='Whether the nurseries created in the school in the GP' enabled=True checked=False
2026-07-07 14:14:13 | DEBUG    | row=0 pdi: available checkbox id=missionAdId2 value=45 label='Neonatal mortality rate (per 1,000 live births)' enabled=True checked=False
2026-07-07 14:14:13 | DEBUG    | row=0 pdi: available checkbox id=missionAdId3 value=200 label='Percentage of household using clean cooking fuel' enabled=True checked=False
2026-07-07 14:14:13 | DEBUG    | row=0 pdi: available checkbox id=missionAdId4 value=540 label='Proportion of women (aged 30-49) screened under the Non Communicable Disease (NCD) programme for cervical/breast cancer' enabled=True checked=False
2026-07-07 14:14:13 | DEBUG    | row=0 pdi: available checkbox id=missionAdId5 value=60 label='Total GP spending on Health to the total expenditure' enabled=True checked=False
2026-07-07 14:14:13 | DEBUG    | row=0 pdi: skipping invalid checkbox: value=0 label='None'
2026-07-07 14:14:13 | DEBUG    | row=0 pdi: available checkbox id=missionAdId1 value=218 label='Whether the nurseries created in the school in the GP' enabled=True checked=False
2026-07-07 14:14:13 | DEBUG    | row=0 pdi: available checkbox id=missionAdId2 value=45 label='Neonatal mortality rate (per 1,000 live births)' enabled=True checked=False
2026-07-07 14:14:13 | DEBUG    | row=0 pdi: available checkbox id=missionAdId3 value=200 label='Percentage of household using clean cooking fuel' enabled=True checked=False
2026-07-07 14:14:13 | DEBUG    | row=0 pdi: available checkbox id=missionAdId4 value=540 label='Proportion of women (aged 30-49) screened under the Non Communicable Disease (NCD) programme for cervical/breast cancer' enabled=True checked=False
2026-07-07 14:14:13 | DEBUG    | row=0 pdi: available checkbox id=missionAdId5 value=60 label='Total GP spending on Health to the total expenditure' enabled=True checked=False
2026-07-07 14:14:13 | DEBUG    | row=0 pdi: clicking checkbox id=missionAdId2 value=45 label='Neonatal mortality rate (per 1,000 live births)'
2026-07-07 14:14:13 | DEBUG    | row=0 pdi: after click - is_selected=True dom_checked=True for 'Neonatal mortality rate (per 1,000 live births)'
2026-07-07 14:14:13 | DEBUG    | row=0 pdi: total selected indicators: 1
2026-07-07 14:14:13 | INFO     | row=0 pdi: selection complete
2026-07-07 14:14:14 | DEBUG    | row=0 targeted_populace: requested indicators (1): ['All']
2026-07-07 14:14:14 | DEBUG    | row=0 targeted_populace: found 1 total labels in panel
2026-07-07 14:14:14 | DEBUG    | row=0 targeted_populace: checkbox 'All' enabled=True checked=False
2026-07-07 14:14:14 | DEBUG    | row=0 targeted_populace: clicking checkbox: 'All'
2026-07-07 14:14:14 | DEBUG    | row=0 targeted_populace: checkbox selected successfully: 'All'
2026-07-07 14:14:15 | DEBUG    | row=0: total indicative cost calculated as: 0
2026-07-07 14:14:15 | DEBUG    | row=0: Supported Department - requesting: 'Department of Food & Public Distribution'
2026-07-07 14:14:15 | DEBUG    | row=0: Waiting for supported_department options to populate
2026-07-07 14:14:15 | DEBUG    | row=0: supported_department options available: 1 options
2026-07-07 14:14:15 | WARNING  | row=0: supported_department option not found: 'Department of Food & Public Distribution' not found in #supportedMinistriesId. Available (1): ['Ministry of MSME']
2026-07-07 14:14:15 | WARNING  | row=0 field=select_supported_department Supported Department option not found: Department of Food & Public Distribution
2026-07-07 14:14:15 | ERROR    | FAIL | row=0 field=select_supported_department | Supported Department option not found: Department of Food & Public Distribution
2026-07-07 14:14:15 | DEBUG    | row=0: estimated total cost section not visible
2026-07-07 14:14:15 | INFO     | [ACT-0001] Activity Output detail record found
2026-07-07 14:14:15 | INFO     | [ACT-0001] Activity Output: Training/Capacity Building
2026-07-07 14:14:15 | INFO     | [ACT-0001] Handler: TrainingOutputHandler
2026-07-07 14:14:15 | INFO     | [ACT-0001] Detail Sheet: Training
2026-07-07 14:14:15 | INFO     | [ACT-0001] Radio: outputActvityAstId102
2026-07-07 14:14:30 | WARNING  | row=0 activity_output_popup Training modal did not open: showTrainingDetailsPopup
2026-07-07 14:14:31 | ERROR    | FAIL | row=0 field=activity_output | Training modal did not open: showTrainingDetailsPopup
2026-07-07 14:14:31 | WARNING  | row 0 attempt 2 FAIL: [select_supported_department] Supported Department option not found: Department of Food & Public Distribution | [activity_output] Training modal did not open: showTrainingDetailsPopup
2026-07-07 14:14:36 | DEBUG    | row=0: watchId spinner finished, checkboxes should be loaded
2026-07-07 14:14:36 | DEBUG    | row=0 pdi: #checkboxes not visible, attempting to open
2026-07-07 14:14:37 | DEBUG    | row=0 pdi: requested (1): ['Neonatal mortality rate (per 1,000 live births)']
2026-07-07 14:14:37 | DEBUG    | row=0 pdi: found 12 checkbox inputs in panel
2026-07-07 14:14:37 | DEBUG    | row=0 pdi: skipping invalid checkbox: value=0 label='None'
2026-07-07 14:14:37 | DEBUG    | row=0 pdi: available checkbox id=missionAdId1 value=218 label='Whether the nurseries created in the school in the GP' enabled=True checked=False
2026-07-07 14:14:37 | DEBUG    | row=0 pdi: available checkbox id=missionAdId2 value=45 label='Neonatal mortality rate (per 1,000 live births)' enabled=True checked=False
2026-07-07 14:14:37 | DEBUG    | row=0 pdi: available checkbox id=missionAdId3 value=200 label='Percentage of household using clean cooking fuel' enabled=True checked=False
2026-07-07 14:14:37 | DEBUG    | row=0 pdi: available checkbox id=missionAdId4 value=540 label='Proportion of women (aged 30-49) screened under the Non Communicable Disease (NCD) programme for cervical/breast cancer' enabled=True checked=False
2026-07-07 14:14:37 | DEBUG    | row=0 pdi: available checkbox id=missionAdId5 value=60 label='Total GP spending on Health to the total expenditure' enabled=True checked=False
2026-07-07 14:14:37 | DEBUG    | row=0 pdi: skipping invalid checkbox: value=0 label='None'
2026-07-07 14:14:37 | DEBUG    | row=0 pdi: available checkbox id=missionAdId1 value=218 label='Whether the nurseries created in the school in the GP' enabled=True checked=False
2026-07-07 14:14:37 | DEBUG    | row=0 pdi: available checkbox id=missionAdId2 value=45 label='Neonatal mortality rate (per 1,000 live births)' enabled=True checked=False
2026-07-07 14:14:37 | DEBUG    | row=0 pdi: available checkbox id=missionAdId3 value=200 label='Percentage of household using clean cooking fuel' enabled=True checked=False
2026-07-07 14:14:37 | DEBUG    | row=0 pdi: available checkbox id=missionAdId4 value=540 label='Proportion of women (aged 30-49) screened under the Non Communicable Disease (NCD) programme for cervical/breast cancer' enabled=True checked=False
2026-07-07 14:14:37 | DEBUG    | row=0 pdi: available checkbox id=missionAdId5 value=60 label='Total GP spending on Health to the total expenditure' enabled=True checked=False
2026-07-07 14:14:37 | DEBUG    | row=0 pdi: clicking checkbox id=missionAdId2 value=45 label='Neonatal mortality rate (per 1,000 live births)'
2026-07-07 14:14:37 | DEBUG    | row=0 pdi: after click - is_selected=True dom_checked=True for 'Neonatal mortality rate (per 1,000 live births)'
2026-07-07 14:14:37 | DEBUG    | row=0 pdi: total selected indicators: 1
2026-07-07 14:14:37 | INFO     | row=0 pdi: selection complete
2026-07-07 14:14:38 | DEBUG    | row=0 targeted_populace: requested indicators (1): ['All']
2026-07-07 14:14:38 | DEBUG    | row=0 targeted_populace: found 1 total labels in panel
2026-07-07 14:14:38 | DEBUG    | row=0 targeted_populace: checkbox 'All' enabled=True checked=False
2026-07-07 14:14:38 | DEBUG    | row=0 targeted_populace: clicking checkbox: 'All'
2026-07-07 14:14:38 | DEBUG    | row=0 targeted_populace: checkbox selected successfully: 'All'
2026-07-07 14:14:38 | WARNING  | row=0 field=start_month 'March' not found in #startMonthId. Available (9): ['April', 'May', 'June', 'July', 'August', 'September', 'October', 'November', 'December']
2026-07-07 14:14:38 | ERROR    | FAIL | row=0 field=start_month | 'March' not found in #startMonthId. Available (9): ['April', 'May', 'June', 'July', 'August', 'September', 'October', 'November', 'December']
2026-07-07 14:14:39 | DEBUG    | row=0: total indicative cost calculated as: 0
2026-07-07 14:14:39 | DEBUG    | row=0: Supported Department - requesting: 'Department of Food & Public Distribution'
2026-07-07 14:14:39 | DEBUG    | row=0: Waiting for supported_department options to populate
2026-07-07 14:14:39 | DEBUG    | row=0: supported_department options available: 1 options
2026-07-07 14:14:39 | WARNING  | row=0: supported_department option not found: 'Department of Food & Public Distribution' not found in #supportedMinistriesId. Available (1): ['Ministry of MSME']
2026-07-07 14:14:39 | WARNING  | row=0 field=select_supported_department Supported Department option not found: Department of Food & Public Distribution
2026-07-07 14:14:39 | ERROR    | FAIL | row=0 field=select_supported_department | Supported Department option not found: Department of Food & Public Distribution
2026-07-07 14:14:39 | DEBUG    | row=0: estimated total cost section not visible
2026-07-07 14:14:39 | INFO     | [ACT-0001] Activity Output detail record found
2026-07-07 14:14:39 | INFO     | [ACT-0001] Activity Output: Training/Capacity Building
2026-07-07 14:14:39 | INFO     | [ACT-0001] Handler: TrainingOutputHandler
2026-07-07 14:14:39 | INFO     | [ACT-0001] Detail Sheet: Training
2026-07-07 14:14:39 | INFO     | [ACT-0001] Radio: outputActvityAstId102
2026-07-07 14:14:54 | WARNING  | row=0 activity_output_popup Training modal did not open: showTrainingDetailsPopup
2026-07-07 14:14:54 | ERROR    | FAIL | row=0 field=activity_output | Training modal did not open: showTrainingDetailsPopup
2026-07-07 14:14:54 | WARNING  | row 0 attempt 3 FAIL: [start_month] 'March' not found in #startMonthId. Available (9): ['April', 'May', 'June', 'July', 'August', 'September', 'October', 'November', 'December'] | [select_supported_department] Supported Department option not found: Department of Food & Public Distribution | [activity_output] Training mod
2026-07-07 14:14:55 | ERROR    | row 0 FAILED after all retries
2026-07-07 14:14:55 | INFO     | DONE 127s total=1 success=0 failed=1 rate=0.0%
2026-07-07 14:38:12 | INFO     | ============================================================
2026-07-07 14:38:12 | INFO     | eGramSwaraj Bot START (v5)
2026-07-07 14:38:12 | INFO     | ============================================================
2026-07-07 14:38:12 | INFO     | rows: total=1 done=0 pending=1
2026-07-07 14:38:19 | INFO     | Waiting for manual login -> addactivity.htm ...
2026-07-07 14:40:15 | INFO     | Form ready at: https://egramswaraj.gov.in/addactivity.htm
2026-07-07 14:40:20 | INFO     | -- row 0 | Awareness camp on behavioural issues of Mission LiFE
2026-07-07 14:40:23 | DEBUG    | row=0: watchId spinner finished, checkboxes should be loaded
2026-07-07 14:40:23 | DEBUG    | row=0 pdi: #checkboxes not visible, attempting to open
2026-07-07 14:40:24 | DEBUG    | row=0 pdi: requested (1): ['Neonatal mortality rate (per 1,000 live births)']
2026-07-07 14:40:24 | DEBUG    | row=0 pdi: found 12 checkbox inputs in panel
2026-07-07 14:40:24 | DEBUG    | row=0 pdi: skipping invalid checkbox: value=0 label='None'
2026-07-07 14:40:24 | DEBUG    | row=0 pdi: available checkbox id=missionAdId1 value=218 label='Whether the nurseries created in the school in the GP' enabled=True checked=False
2026-07-07 14:40:24 | DEBUG    | row=0 pdi: available checkbox id=missionAdId2 value=45 label='Neonatal mortality rate (per 1,000 live births)' enabled=True checked=False
2026-07-07 14:40:24 | DEBUG    | row=0 pdi: available checkbox id=missionAdId3 value=200 label='Percentage of household using clean cooking fuel' enabled=True checked=False
2026-07-07 14:40:24 | DEBUG    | row=0 pdi: available checkbox id=missionAdId4 value=540 label='Proportion of women (aged 30-49) screened under the Non Communicable Disease (NCD) programme for cervical/breast cancer' enabled=True checked=False
2026-07-07 14:40:24 | DEBUG    | row=0 pdi: available checkbox id=missionAdId5 value=60 label='Total GP spending on Health to the total expenditure' enabled=True checked=False
2026-07-07 14:40:24 | DEBUG    | row=0 pdi: skipping invalid checkbox: value=0 label='None'
2026-07-07 14:40:24 | DEBUG    | row=0 pdi: available checkbox id=missionAdId1 value=218 label='Whether the nurseries created in the school in the GP' enabled=True checked=False
2026-07-07 14:40:24 | DEBUG    | row=0 pdi: duplicate label instance ignored to preserve canonical checkbox: 'Whether the nurseries created in the school in the GP' id=missionAdId1
2026-07-07 14:40:24 | DEBUG    | row=0 pdi: available checkbox id=missionAdId2 value=45 label='Neonatal mortality rate (per 1,000 live births)' enabled=True checked=False
2026-07-07 14:40:24 | DEBUG    | row=0 pdi: duplicate label instance ignored to preserve canonical checkbox: 'Neonatal mortality rate (per 1,000 live births)' id=missionAdId2
2026-07-07 14:40:24 | DEBUG    | row=0 pdi: available checkbox id=missionAdId3 value=200 label='Percentage of household using clean cooking fuel' enabled=True checked=False
2026-07-07 14:40:24 | DEBUG    | row=0 pdi: duplicate label instance ignored to preserve canonical checkbox: 'Percentage of household using clean cooking fuel' id=missionAdId3
2026-07-07 14:40:24 | DEBUG    | row=0 pdi: available checkbox id=missionAdId4 value=540 label='Proportion of women (aged 30-49) screened under the Non Communicable Disease (NCD) programme for cervical/breast cancer' enabled=True checked=False
2026-07-07 14:40:24 | DEBUG    | row=0 pdi: duplicate label instance ignored to preserve canonical checkbox: 'Proportion of women (aged 30-49) screened under the Non Communicable Disease (NCD) programme for cervical/breast cancer' id=missionAdId4
2026-07-07 14:40:24 | DEBUG    | row=0 pdi: available checkbox id=missionAdId5 value=60 label='Total GP spending on Health to the total expenditure' enabled=True checked=False
2026-07-07 14:40:24 | DEBUG    | row=0 pdi: duplicate label instance ignored to preserve canonical checkbox: 'Total GP spending on Health to the total expenditure' id=missionAdId5
2026-07-07 14:40:24 | DEBUG    | row=0 pdi: clicking checkbox id=missionAdId2 value=45 label='Neonatal mortality rate (per 1,000 live births)'
2026-07-07 14:40:24 | DEBUG    | row=0 pdi: after click - is_selected=True dom_checked=True for 'Neonatal mortality rate (per 1,000 live births)'
2026-07-07 14:40:24 | DEBUG    | row=0 pdi: total selected indicators: 1
2026-07-07 14:40:24 | INFO     | row=0 pdi: selection complete
2026-07-07 14:40:24 | DEBUG    | row=0 pdi: duplicate label counts={'whether the nurseries created in the school in the gp': 2, 'neonatal mortality rate (per 1,000 live births)': 2, 'percentage of household using clean cooking fuel': 2, 'proportion of women (aged 30-49) screened under the non communicable disease (ncd) programme for cervical/breast cancer': 2, 'total gp spending on health to the total expenditure': 2}
2026-07-07 14:40:24 | DEBUG    | row=0 pdi: portal_diagnostic={'missionAdStatus': True, 'byId': {'missionAdId0': [{'checked': False, 'value': '0', 'name': 'missionAntodayaDet[0].maCode', 'disabled': True}, {'checked': False, 'value': '0', 'name': 'missionAntodayaDet[0].maCode', 'disabled': False}], 'missionAdId1': [{'checked': False, 'value': '218', 'name': 'missionAntodayaDet[1].maCode', 'disabled': False}, {'checked': False, 'value': '218', 'name': 'missionAntodayaDet[1].maCode', 'disabled': False}], 'missionAdId2': [{'checked': True, 'value': '45', 'name': 'missionAntodayaDet[2].maCode', 'disabled': False}, {'checked': False, 'value': '45', 'name': 'missionAntodayaDet[2].maCode', 'disabled': False}], 'missionAdId3': [{'checked': False, 'value': '200', 'name': 'missionAntodayaDet[3].maCode', 'disabled': False}, {'checked': False, 'value': '200', 'name': 'missionAntodayaDet[3].maCode', 'disabled': False}], 'missionAdId4': [{'checked': False, 'value': '540', 'name': 'missionAntodayaDet[4].maCode', 'disabled': False}, {'checked': False, 'value': '540', 'name': 'missionAntodayaDet[4].maCode', 'disabled': False}], 'missionAdId5': [{'checked': False, 'value': '60', 'name': 'missionAntodayaDet[5].maCode', 'disabled': False}, {'checked': False, 'value': '60', 'name': 'missionAntodayaDet[5].maCode', 'disabled': False}]}, 'visibleError': False}
2026-07-07 14:40:25 | DEBUG    | row=0 targeted_populace: requested indicators (1): ['All']
2026-07-07 14:40:25 | DEBUG    | row=0 targeted_populace: found 1 total labels in panel
2026-07-07 14:40:25 | DEBUG    | row=0 targeted_populace: checkbox 'All' enabled=True checked=False
2026-07-07 14:40:25 | DEBUG    | row=0 targeted_populace: clicking checkbox: 'All'
2026-07-07 14:40:25 | DEBUG    | row=0 targeted_populace: checkbox selected successfully: 'All'
2026-07-07 14:40:26 | DEBUG    | row=0: total indicative cost calculated as: 0
2026-07-07 14:40:26 | DEBUG    | row=0: Supported Department - requesting: 'Department of Food & Public Distribution'
2026-07-07 14:40:26 | DEBUG    | row=0: Waiting for supported_department options to populate
2026-07-07 14:40:26 | DEBUG    | row=0: supported_department options available: 1 options
2026-07-07 14:40:26 | WARNING  | row=0: supported_department option not found: 'Department of Food & Public Distribution' not found in #supportedMinistriesId. Available (1): ['Ministry of MSME']
2026-07-07 14:40:26 | WARNING  | row=0 field=select_supported_department Supported Department option not found: Department of Food & Public Distribution
2026-07-07 14:40:26 | ERROR    | FAIL | row=0 field=select_supported_department | Supported Department option not found: Department of Food & Public Distribution
2026-07-07 14:40:26 | DEBUG    | row=0: estimated total cost section not visible
2026-07-07 14:40:26 | WARNING  | row=0 activity_output_popup skipped because prerequisite validation failed
2026-07-07 14:40:26 | WARNING  | row 0 attempt 1 FAIL: [select_supported_department] Supported Department option not found: Department of Food & Public Distribution
2026-07-07 14:40:32 | DEBUG    | row=0: watchId spinner finished, checkboxes should be loaded
2026-07-07 14:40:32 | DEBUG    | row=0 pdi: #checkboxes not visible, attempting to open
2026-07-07 14:40:32 | DEBUG    | row=0 pdi: requested (1): ['Neonatal mortality rate (per 1,000 live births)']
2026-07-07 14:40:32 | DEBUG    | row=0 pdi: found 12 checkbox inputs in panel
2026-07-07 14:40:32 | DEBUG    | row=0 pdi: skipping invalid checkbox: value=0 label='None'
2026-07-07 14:40:32 | DEBUG    | row=0 pdi: available checkbox id=missionAdId1 value=218 label='Whether the nurseries created in the school in the GP' enabled=True checked=False
2026-07-07 14:40:32 | DEBUG    | row=0 pdi: available checkbox id=missionAdId2 value=45 label='Neonatal mortality rate (per 1,000 live births)' enabled=True checked=False
2026-07-07 14:40:32 | DEBUG    | row=0 pdi: available checkbox id=missionAdId3 value=200 label='Percentage of household using clean cooking fuel' enabled=True checked=False
2026-07-07 14:40:32 | DEBUG    | row=0 pdi: available checkbox id=missionAdId4 value=540 label='Proportion of women (aged 30-49) screened under the Non Communicable Disease (NCD) programme for cervical/breast cancer' enabled=True checked=False
2026-07-07 14:40:32 | DEBUG    | row=0 pdi: available checkbox id=missionAdId5 value=60 label='Total GP spending on Health to the total expenditure' enabled=True checked=False
2026-07-07 14:40:32 | DEBUG    | row=0 pdi: skipping invalid checkbox: value=0 label='None'
2026-07-07 14:40:32 | DEBUG    | row=0 pdi: available checkbox id=missionAdId1 value=218 label='Whether the nurseries created in the school in the GP' enabled=True checked=False
2026-07-07 14:40:32 | DEBUG    | row=0 pdi: duplicate label instance ignored to preserve canonical checkbox: 'Whether the nurseries created in the school in the GP' id=missionAdId1
2026-07-07 14:40:32 | DEBUG    | row=0 pdi: available checkbox id=missionAdId2 value=45 label='Neonatal mortality rate (per 1,000 live births)' enabled=True checked=False
2026-07-07 14:40:32 | DEBUG    | row=0 pdi: duplicate label instance ignored to preserve canonical checkbox: 'Neonatal mortality rate (per 1,000 live births)' id=missionAdId2
2026-07-07 14:40:32 | DEBUG    | row=0 pdi: available checkbox id=missionAdId3 value=200 label='Percentage of household using clean cooking fuel' enabled=True checked=False
2026-07-07 14:40:32 | DEBUG    | row=0 pdi: duplicate label instance ignored to preserve canonical checkbox: 'Percentage of household using clean cooking fuel' id=missionAdId3
2026-07-07 14:40:32 | DEBUG    | row=0 pdi: available checkbox id=missionAdId4 value=540 label='Proportion of women (aged 30-49) screened under the Non Communicable Disease (NCD) programme for cervical/breast cancer' enabled=True checked=False
2026-07-07 14:40:32 | DEBUG    | row=0 pdi: duplicate label instance ignored to preserve canonical checkbox: 'Proportion of women (aged 30-49) screened under the Non Communicable Disease (NCD) programme for cervical/breast cancer' id=missionAdId4
2026-07-07 14:40:32 | DEBUG    | row=0 pdi: available checkbox id=missionAdId5 value=60 label='Total GP spending on Health to the total expenditure' enabled=True checked=False
2026-07-07 14:40:32 | DEBUG    | row=0 pdi: duplicate label instance ignored to preserve canonical checkbox: 'Total GP spending on Health to the total expenditure' id=missionAdId5
2026-07-07 14:40:32 | DEBUG    | row=0 pdi: clicking checkbox id=missionAdId2 value=45 label='Neonatal mortality rate (per 1,000 live births)'
2026-07-07 14:40:33 | DEBUG    | row=0 pdi: after click - is_selected=True dom_checked=True for 'Neonatal mortality rate (per 1,000 live births)'
2026-07-07 14:40:33 | DEBUG    | row=0 pdi: total selected indicators: 1
2026-07-07 14:40:33 | INFO     | row=0 pdi: selection complete
2026-07-07 14:40:33 | DEBUG    | row=0 pdi: duplicate label counts={'whether the nurseries created in the school in the gp': 2, 'neonatal mortality rate (per 1,000 live births)': 2, 'percentage of household using clean cooking fuel': 2, 'proportion of women (aged 30-49) screened under the non communicable disease (ncd) programme for cervical/breast cancer': 2, 'total gp spending on health to the total expenditure': 2}
2026-07-07 14:40:33 | DEBUG    | row=0 pdi: portal_diagnostic={'missionAdStatus': True, 'byId': {'missionAdId0': [{'checked': False, 'value': '0', 'name': 'missionAntodayaDet[0].maCode', 'disabled': True}, {'checked': False, 'value': '0', 'name': 'missionAntodayaDet[0].maCode', 'disabled': False}], 'missionAdId1': [{'checked': False, 'value': '218', 'name': 'missionAntodayaDet[1].maCode', 'disabled': False}, {'checked': False, 'value': '218', 'name': 'missionAntodayaDet[1].maCode', 'disabled': False}], 'missionAdId2': [{'checked': True, 'value': '45', 'name': 'missionAntodayaDet[2].maCode', 'disabled': False}, {'checked': False, 'value': '45', 'name': 'missionAntodayaDet[2].maCode', 'disabled': False}], 'missionAdId3': [{'checked': False, 'value': '200', 'name': 'missionAntodayaDet[3].maCode', 'disabled': False}, {'checked': False, 'value': '200', 'name': 'missionAntodayaDet[3].maCode', 'disabled': False}], 'missionAdId4': [{'checked': False, 'value': '540', 'name': 'missionAntodayaDet[4].maCode', 'disabled': False}, {'checked': False, 'value': '540', 'name': 'missionAntodayaDet[4].maCode', 'disabled': False}], 'missionAdId5': [{'checked': False, 'value': '60', 'name': 'missionAntodayaDet[5].maCode', 'disabled': False}, {'checked': False, 'value': '60', 'name': 'missionAntodayaDet[5].maCode', 'disabled': False}]}, 'visibleError': False}
2026-07-07 14:40:33 | DEBUG    | row=0 targeted_populace: requested indicators (1): ['All']
2026-07-07 14:40:33 | DEBUG    | row=0 targeted_populace: found 1 total labels in panel
2026-07-07 14:40:33 | DEBUG    | row=0 targeted_populace: checkbox 'All' enabled=True checked=False
2026-07-07 14:40:33 | DEBUG    | row=0 targeted_populace: clicking checkbox: 'All'
2026-07-07 14:40:33 | DEBUG    | row=0 targeted_populace: checkbox selected successfully: 'All'
2026-07-07 14:40:34 | WARNING  | row=0 field=start_month 'March' not found in #startMonthId. Available (9): ['April', 'May', 'June', 'July', 'August', 'September', 'October', 'November', 'December']
2026-07-07 14:40:34 | ERROR    | FAIL | row=0 field=start_month | 'March' not found in #startMonthId. Available (9): ['April', 'May', 'June', 'July', 'August', 'September', 'October', 'November', 'December']
2026-07-07 14:40:34 | DEBUG    | row=0: total indicative cost calculated as: 0
2026-07-07 14:40:34 | DEBUG    | row=0: Supported Department - requesting: 'Department of Food & Public Distribution'
2026-07-07 14:40:34 | DEBUG    | row=0: Waiting for supported_department options to populate
2026-07-07 14:40:35 | DEBUG    | row=0: supported_department options available: 1 options
2026-07-07 14:40:35 | WARNING  | row=0: supported_department option not found: 'Department of Food & Public Distribution' not found in #supportedMinistriesId. Available (1): ['Ministry of MSME']
2026-07-07 14:40:35 | WARNING  | row=0 field=select_supported_department Supported Department option not found: Department of Food & Public Distribution
2026-07-07 14:40:35 | ERROR    | FAIL | row=0 field=select_supported_department | Supported Department option not found: Department of Food & Public Distribution
2026-07-07 14:40:35 | DEBUG    | row=0: estimated total cost section not visible
2026-07-07 14:40:35 | WARNING  | row=0 activity_output_popup skipped because prerequisite validation failed
2026-07-07 14:40:35 | WARNING  | row 0 attempt 2 FAIL: [start_month] 'March' not found in #startMonthId. Available (9): ['April', 'May', 'June', 'July', 'August', 'September', 'October', 'November', 'December'] | [select_supported_department] Supported Department option not found: Department of Food & Public Distribution
2026-07-07 14:40:40 | DEBUG    | row=0: watchId spinner finished, checkboxes should be loaded
2026-07-07 14:40:40 | DEBUG    | row=0 pdi: #checkboxes not visible, attempting to open
2026-07-07 14:40:40 | DEBUG    | row=0 pdi: requested (1): ['Neonatal mortality rate (per 1,000 live births)']
2026-07-07 14:40:40 | DEBUG    | row=0 pdi: found 12 checkbox inputs in panel
2026-07-07 14:40:40 | DEBUG    | row=0 pdi: skipping invalid checkbox: value=0 label='None'
2026-07-07 14:40:41 | DEBUG    | row=0 pdi: available checkbox id=missionAdId1 value=218 label='Whether the nurseries created in the school in the GP' enabled=True checked=False
2026-07-07 14:40:41 | DEBUG    | row=0 pdi: available checkbox id=missionAdId2 value=45 label='Neonatal mortality rate (per 1,000 live births)' enabled=True checked=False
2026-07-07 14:40:41 | DEBUG    | row=0 pdi: available checkbox id=missionAdId3 value=200 label='Percentage of household using clean cooking fuel' enabled=True checked=False
2026-07-07 14:40:41 | DEBUG    | row=0 pdi: available checkbox id=missionAdId4 value=540 label='Proportion of women (aged 30-49) screened under the Non Communicable Disease (NCD) programme for cervical/breast cancer' enabled=True checked=False
2026-07-07 14:40:41 | DEBUG    | row=0 pdi: available checkbox id=missionAdId5 value=60 label='Total GP spending on Health to the total expenditure' enabled=True checked=False
2026-07-07 14:40:41 | DEBUG    | row=0 pdi: skipping invalid checkbox: value=0 label='None'
2026-07-07 14:40:41 | DEBUG    | row=0 pdi: available checkbox id=missionAdId1 value=218 label='Whether the nurseries created in the school in the GP' enabled=True checked=False
2026-07-07 14:40:41 | DEBUG    | row=0 pdi: duplicate label instance ignored to preserve canonical checkbox: 'Whether the nurseries created in the school in the GP' id=missionAdId1
2026-07-07 14:40:41 | DEBUG    | row=0 pdi: available checkbox id=missionAdId2 value=45 label='Neonatal mortality rate (per 1,000 live births)' enabled=True checked=False
2026-07-07 14:40:41 | DEBUG    | row=0 pdi: duplicate label instance ignored to preserve canonical checkbox: 'Neonatal mortality rate (per 1,000 live births)' id=missionAdId2
2026-07-07 14:40:41 | DEBUG    | row=0 pdi: available checkbox id=missionAdId3 value=200 label='Percentage of household using clean cooking fuel' enabled=True checked=False
2026-07-07 14:40:41 | DEBUG    | row=0 pdi: duplicate label instance ignored to preserve canonical checkbox: 'Percentage of household using clean cooking fuel' id=missionAdId3
2026-07-07 14:40:41 | DEBUG    | row=0 pdi: available checkbox id=missionAdId4 value=540 label='Proportion of women (aged 30-49) screened under the Non Communicable Disease (NCD) programme for cervical/breast cancer' enabled=True checked=False
2026-07-07 14:40:41 | DEBUG    | row=0 pdi: duplicate label instance ignored to preserve canonical checkbox: 'Proportion of women (aged 30-49) screened under the Non Communicable Disease (NCD) programme for cervical/breast cancer' id=missionAdId4
2026-07-07 14:40:41 | DEBUG    | row=0 pdi: available checkbox id=missionAdId5 value=60 label='Total GP spending on Health to the total expenditure' enabled=True checked=False
2026-07-07 14:40:41 | DEBUG    | row=0 pdi: duplicate label instance ignored to preserve canonical checkbox: 'Total GP spending on Health to the total expenditure' id=missionAdId5
2026-07-07 14:40:41 | DEBUG    | row=0 pdi: clicking checkbox id=missionAdId2 value=45 label='Neonatal mortality rate (per 1,000 live births)'
2026-07-07 14:40:41 | DEBUG    | row=0 pdi: after click - is_selected=True dom_checked=True for 'Neonatal mortality rate (per 1,000 live births)'
2026-07-07 14:40:41 | DEBUG    | row=0 pdi: total selected indicators: 1
2026-07-07 14:40:41 | INFO     | row=0 pdi: selection complete
2026-07-07 14:40:41 | DEBUG    | row=0 pdi: duplicate label counts={'whether the nurseries created in the school in the gp': 2, 'neonatal mortality rate (per 1,000 live births)': 2, 'percentage of household using clean cooking fuel': 2, 'proportion of women (aged 30-49) screened under the non communicable disease (ncd) programme for cervical/breast cancer': 2, 'total gp spending on health to the total expenditure': 2}
2026-07-07 14:40:41 | DEBUG    | row=0 pdi: portal_diagnostic={'missionAdStatus': True, 'byId': {'missionAdId0': [{'checked': False, 'value': '0', 'name': 'missionAntodayaDet[0].maCode', 'disabled': True}, {'checked': False, 'value': '0', 'name': 'missionAntodayaDet[0].maCode', 'disabled': False}], 'missionAdId1': [{'checked': False, 'value': '218', 'name': 'missionAntodayaDet[1].maCode', 'disabled': False}, {'checked': False, 'value': '218', 'name': 'missionAntodayaDet[1].maCode', 'disabled': False}], 'missionAdId2': [{'checked': True, 'value': '45', 'name': 'missionAntodayaDet[2].maCode', 'disabled': False}, {'checked': False, 'value': '45', 'name': 'missionAntodayaDet[2].maCode', 'disabled': False}], 'missionAdId3': [{'checked': False, 'value': '200', 'name': 'missionAntodayaDet[3].maCode', 'disabled': False}, {'checked': False, 'value': '200', 'name': 'missionAntodayaDet[3].maCode', 'disabled': False}], 'missionAdId4': [{'checked': False, 'value': '540', 'name': 'missionAntodayaDet[4].maCode', 'disabled': False}, {'checked': False, 'value': '540', 'name': 'missionAntodayaDet[4].maCode', 'disabled': False}], 'missionAdId5': [{'checked': False, 'value': '60', 'name': 'missionAntodayaDet[5].maCode', 'disabled': False}, {'checked': False, 'value': '60', 'name': 'missionAntodayaDet[5].maCode', 'disabled': False}]}, 'visibleError': False}
2026-07-07 14:40:42 | DEBUG    | row=0 targeted_populace: requested indicators (1): ['All']
2026-07-07 14:40:42 | DEBUG    | row=0 targeted_populace: found 1 total labels in panel
2026-07-07 14:40:42 | DEBUG    | row=0 targeted_populace: checkbox 'All' enabled=True checked=False
2026-07-07 14:40:42 | DEBUG    | row=0 targeted_populace: clicking checkbox: 'All'
2026-07-07 14:40:42 | DEBUG    | row=0 targeted_populace: checkbox selected successfully: 'All'
2026-07-07 14:40:42 | DEBUG    | row=0: total indicative cost calculated as: 0
2026-07-07 14:40:42 | DEBUG    | row=0: Supported Department - requesting: 'Department of Food & Public Distribution'
2026-07-07 14:40:42 | DEBUG    | row=0: Waiting for supported_department options to populate
2026-07-07 14:40:43 | DEBUG    | row=0: supported_department options available: 1 options
2026-07-07 14:40:43 | WARNING  | row=0: supported_department option not found: 'Department of Food & Public Distribution' not found in #supportedMinistriesId. Available (1): ['Ministry of MSME']
2026-07-07 14:40:43 | WARNING  | row=0 field=select_supported_department Supported Department option not found: Department of Food & Public Distribution
2026-07-07 14:40:43 | ERROR    | FAIL | row=0 field=select_supported_department | Supported Department option not found: Department of Food & Public Distribution
2026-07-07 14:40:43 | DEBUG    | row=0: estimated total cost section not visible
2026-07-07 14:40:43 | WARNING  | row=0 activity_output_popup skipped because prerequisite validation failed
2026-07-07 14:40:43 | WARNING  | row 0 attempt 3 FAIL: [select_supported_department] Supported Department option not found: Department of Food & Public Distribution
2026-07-07 14:40:43 | ERROR    | row 0 FAILED after all retries
2026-07-07 14:40:44 | INFO     | DONE 151s total=1 success=0 failed=1 rate=0.0%
2026-07-07 14:41:47 | INFO     | ============================================================
2026-07-07 14:41:47 | INFO     | eGramSwaraj Bot START (v5)
2026-07-07 14:41:47 | INFO     | ============================================================
2026-07-07 14:41:47 | INFO     | rows: total=1 done=0 pending=1
2026-07-07 14:41:51 | INFO     | Waiting for manual login -> addactivity.htm ...
2026-07-07 14:42:39 | INFO     | Form ready at: https://egramswaraj.gov.in/addactivity.htm
2026-07-07 14:42:44 | INFO     | -- row 0 | Awareness camp on behavioural issues of Mission LiFE
2026-07-07 14:42:47 | DEBUG    | row=0: watchId spinner finished, checkboxes should be loaded
2026-07-07 14:42:48 | DEBUG    | row=0 pdi: #checkboxes not visible, attempting to open
2026-07-07 14:42:48 | DEBUG    | row=0 pdi: requested (1): ['Neonatal mortality rate (per 1,000 live births)']
2026-07-07 14:42:48 | DEBUG    | row=0 pdi: found 12 checkbox inputs in panel
2026-07-07 14:42:48 | DEBUG    | row=0 pdi: skipping invalid checkbox: value=0 label='None'
2026-07-07 14:42:48 | DEBUG    | row=0 pdi: available checkbox id=missionAdId1 value=218 label='Whether the nurseries created in the school in the GP' enabled=True checked=False
2026-07-07 14:42:48 | DEBUG    | row=0 pdi: available checkbox id=missionAdId2 value=45 label='Neonatal mortality rate (per 1,000 live births)' enabled=True checked=False
2026-07-07 14:42:48 | DEBUG    | row=0 pdi: available checkbox id=missionAdId3 value=200 label='Percentage of household using clean cooking fuel' enabled=True checked=False
2026-07-07 14:42:48 | DEBUG    | row=0 pdi: available checkbox id=missionAdId4 value=540 label='Proportion of women (aged 30-49) screened under the Non Communicable Disease (NCD) programme for cervical/breast cancer' enabled=True checked=False
2026-07-07 14:42:48 | DEBUG    | row=0 pdi: available checkbox id=missionAdId5 value=60 label='Total GP spending on Health to the total expenditure' enabled=True checked=False
2026-07-07 14:42:48 | DEBUG    | row=0 pdi: skipping invalid checkbox: value=0 label='None'
2026-07-07 14:42:48 | DEBUG    | row=0 pdi: available checkbox id=missionAdId1 value=218 label='Whether the nurseries created in the school in the GP' enabled=True checked=False
2026-07-07 14:42:48 | DEBUG    | row=0 pdi: duplicate label instance ignored to preserve canonical checkbox: 'Whether the nurseries created in the school in the GP' id=missionAdId1
2026-07-07 14:42:48 | DEBUG    | row=0 pdi: available checkbox id=missionAdId2 value=45 label='Neonatal mortality rate (per 1,000 live births)' enabled=True checked=False
2026-07-07 14:42:48 | DEBUG    | row=0 pdi: duplicate label instance ignored to preserve canonical checkbox: 'Neonatal mortality rate (per 1,000 live births)' id=missionAdId2
2026-07-07 14:42:48 | DEBUG    | row=0 pdi: available checkbox id=missionAdId3 value=200 label='Percentage of household using clean cooking fuel' enabled=True checked=False
2026-07-07 14:42:48 | DEBUG    | row=0 pdi: duplicate label instance ignored to preserve canonical checkbox: 'Percentage of household using clean cooking fuel' id=missionAdId3
2026-07-07 14:42:48 | DEBUG    | row=0 pdi: available checkbox id=missionAdId4 value=540 label='Proportion of women (aged 30-49) screened under the Non Communicable Disease (NCD) programme for cervical/breast cancer' enabled=True checked=False
2026-07-07 14:42:48 | DEBUG    | row=0 pdi: duplicate label instance ignored to preserve canonical checkbox: 'Proportion of women (aged 30-49) screened under the Non Communicable Disease (NCD) programme for cervical/breast cancer' id=missionAdId4
2026-07-07 14:42:48 | DEBUG    | row=0 pdi: available checkbox id=missionAdId5 value=60 label='Total GP spending on Health to the total expenditure' enabled=True checked=False
2026-07-07 14:42:48 | DEBUG    | row=0 pdi: duplicate label instance ignored to preserve canonical checkbox: 'Total GP spending on Health to the total expenditure' id=missionAdId5
2026-07-07 14:42:48 | DEBUG    | row=0 pdi: clicking checkbox id=missionAdId2 value=45 label='Neonatal mortality rate (per 1,000 live births)'
2026-07-07 14:42:49 | DEBUG    | row=0 pdi: after click - is_selected=True dom_checked=True for 'Neonatal mortality rate (per 1,000 live births)'
2026-07-07 14:42:49 | DEBUG    | row=0 pdi: total selected indicators: 1
2026-07-07 14:42:49 | INFO     | row=0 pdi: selection complete
2026-07-07 14:42:49 | DEBUG    | row=0 pdi: duplicate label counts={'whether the nurseries created in the school in the gp': 2, 'neonatal mortality rate (per 1,000 live births)': 2, 'percentage of household using clean cooking fuel': 2, 'proportion of women (aged 30-49) screened under the non communicable disease (ncd) programme for cervical/breast cancer': 2, 'total gp spending on health to the total expenditure': 2}
2026-07-07 14:42:49 | DEBUG    | row=0 pdi: portal_diagnostic={'missionAdStatus': True, 'byId': {'missionAdId0': [{'checked': False, 'value': '0', 'name': 'missionAntodayaDet[0].maCode', 'disabled': True}, {'checked': False, 'value': '0', 'name': 'missionAntodayaDet[0].maCode', 'disabled': False}], 'missionAdId1': [{'checked': False, 'value': '218', 'name': 'missionAntodayaDet[1].maCode', 'disabled': False}, {'checked': False, 'value': '218', 'name': 'missionAntodayaDet[1].maCode', 'disabled': False}], 'missionAdId2': [{'checked': True, 'value': '45', 'name': 'missionAntodayaDet[2].maCode', 'disabled': False}, {'checked': False, 'value': '45', 'name': 'missionAntodayaDet[2].maCode', 'disabled': False}], 'missionAdId3': [{'checked': False, 'value': '200', 'name': 'missionAntodayaDet[3].maCode', 'disabled': False}, {'checked': False, 'value': '200', 'name': 'missionAntodayaDet[3].maCode', 'disabled': False}], 'missionAdId4': [{'checked': False, 'value': '540', 'name': 'missionAntodayaDet[4].maCode', 'disabled': False}, {'checked': False, 'value': '540', 'name': 'missionAntodayaDet[4].maCode', 'disabled': False}], 'missionAdId5': [{'checked': False, 'value': '60', 'name': 'missionAntodayaDet[5].maCode', 'disabled': False}, {'checked': False, 'value': '60', 'name': 'missionAntodayaDet[5].maCode', 'disabled': False}]}, 'visibleError': False}
2026-07-07 14:42:49 | DEBUG    | row=0 targeted_populace: requested indicators (1): ['All']
2026-07-07 14:42:49 | DEBUG    | row=0 targeted_populace: found 1 total labels in panel
2026-07-07 14:42:49 | DEBUG    | row=0 targeted_populace: checkbox 'All' enabled=True checked=False
2026-07-07 14:42:49 | DEBUG    | row=0 targeted_populace: clicking checkbox: 'All'
2026-07-07 14:42:49 | DEBUG    | row=0 targeted_populace: checkbox selected successfully: 'All'
2026-07-07 14:42:50 | DEBUG    | row=0: total indicative cost calculated as: 0
2026-07-07 14:42:50 | DEBUG    | row=0: Supported Department - requesting: 'Department of Food & Public Distribution'
2026-07-07 14:42:50 | DEBUG    | row=0: Waiting for supported_department options to populate
2026-07-07 14:42:51 | DEBUG    | row=0: supported_department options available: 1 options
2026-07-07 14:42:51 | WARNING  | row=0: supported_department option not found: 'Department of Food & Public Distribution' not found in #supportedMinistriesId. Available (1): ['Ministry of MSME']
2026-07-07 14:42:51 | WARNING  | row=0 field=select_supported_department Supported Department option not found: Department of Food & Public Distribution
2026-07-07 14:42:51 | ERROR    | FAIL | row=0 field=select_supported_department | Supported Department option not found: Department of Food & Public Distribution
2026-07-07 14:42:51 | DEBUG    | row=0: estimated total cost section not visible
2026-07-07 14:42:51 | WARNING  | row=0 activity_output_popup skipped because prerequisite validation failed
2026-07-07 14:42:51 | WARNING  | row 0 attempt 1 FAIL: [select_supported_department] Supported Department option not found: Department of Food & Public Distribution
2026-07-07 14:42:57 | DEBUG    | row=0: watchId spinner finished, checkboxes should be loaded
2026-07-07 14:42:57 | DEBUG    | row=0 pdi: #checkboxes not visible, attempting to open
2026-07-07 14:42:57 | DEBUG    | row=0 pdi: requested (1): ['Neonatal mortality rate (per 1,000 live births)']
2026-07-07 14:42:57 | DEBUG    | row=0 pdi: found 12 checkbox inputs in panel
2026-07-07 14:42:57 | DEBUG    | row=0 pdi: skipping invalid checkbox: value=0 label='None'
2026-07-07 14:42:57 | DEBUG    | row=0 pdi: available checkbox id=missionAdId1 value=218 label='Whether the nurseries created in the school in the GP' enabled=True checked=False
2026-07-07 14:42:57 | DEBUG    | row=0 pdi: available checkbox id=missionAdId2 value=45 label='Neonatal mortality rate (per 1,000 live births)' enabled=True checked=False
2026-07-07 14:42:57 | DEBUG    | row=0 pdi: available checkbox id=missionAdId3 value=200 label='Percentage of household using clean cooking fuel' enabled=True checked=False
2026-07-07 14:42:57 | DEBUG    | row=0 pdi: available checkbox id=missionAdId4 value=540 label='Proportion of women (aged 30-49) screened under the Non Communicable Disease (NCD) programme for cervical/breast cancer' enabled=True checked=False
2026-07-07 14:42:57 | DEBUG    | row=0 pdi: available checkbox id=missionAdId5 value=60 label='Total GP spending on Health to the total expenditure' enabled=True checked=False
2026-07-07 14:42:57 | DEBUG    | row=0 pdi: skipping invalid checkbox: value=0 label='None'
2026-07-07 14:42:57 | DEBUG    | row=0 pdi: available checkbox id=missionAdId1 value=218 label='Whether the nurseries created in the school in the GP' enabled=True checked=False
2026-07-07 14:42:57 | DEBUG    | row=0 pdi: duplicate label instance ignored to preserve canonical checkbox: 'Whether the nurseries created in the school in the GP' id=missionAdId1
2026-07-07 14:42:57 | DEBUG    | row=0 pdi: available checkbox id=missionAdId2 value=45 label='Neonatal mortality rate (per 1,000 live births)' enabled=True checked=False
2026-07-07 14:42:57 | DEBUG    | row=0 pdi: duplicate label instance ignored to preserve canonical checkbox: 'Neonatal mortality rate (per 1,000 live births)' id=missionAdId2
2026-07-07 14:42:58 | DEBUG    | row=0 pdi: available checkbox id=missionAdId3 value=200 label='Percentage of household using clean cooking fuel' enabled=True checked=False
2026-07-07 14:42:58 | DEBUG    | row=0 pdi: duplicate label instance ignored to preserve canonical checkbox: 'Percentage of household using clean cooking fuel' id=missionAdId3
2026-07-07 14:42:58 | DEBUG    | row=0 pdi: available checkbox id=missionAdId4 value=540 label='Proportion of women (aged 30-49) screened under the Non Communicable Disease (NCD) programme for cervical/breast cancer' enabled=True checked=False
2026-07-07 14:42:58 | DEBUG    | row=0 pdi: duplicate label instance ignored to preserve canonical checkbox: 'Proportion of women (aged 30-49) screened under the Non Communicable Disease (NCD) programme for cervical/breast cancer' id=missionAdId4
2026-07-07 14:42:58 | DEBUG    | row=0 pdi: available checkbox id=missionAdId5 value=60 label='Total GP spending on Health to the total expenditure' enabled=True checked=False
2026-07-07 14:42:58 | DEBUG    | row=0 pdi: duplicate label instance ignored to preserve canonical checkbox: 'Total GP spending on Health to the total expenditure' id=missionAdId5
2026-07-07 14:42:58 | DEBUG    | row=0 pdi: clicking checkbox id=missionAdId2 value=45 label='Neonatal mortality rate (per 1,000 live births)'
2026-07-07 14:42:58 | DEBUG    | row=0 pdi: after click - is_selected=True dom_checked=True for 'Neonatal mortality rate (per 1,000 live births)'
2026-07-07 14:42:58 | DEBUG    | row=0 pdi: total selected indicators: 1
2026-07-07 14:42:58 | INFO     | row=0 pdi: selection complete
2026-07-07 14:42:58 | DEBUG    | row=0 pdi: duplicate label counts={'whether the nurseries created in the school in the gp': 2, 'neonatal mortality rate (per 1,000 live births)': 2, 'percentage of household using clean cooking fuel': 2, 'proportion of women (aged 30-49) screened under the non communicable disease (ncd) programme for cervical/breast cancer': 2, 'total gp spending on health to the total expenditure': 2}
2026-07-07 14:42:58 | DEBUG    | row=0 pdi: portal_diagnostic={'missionAdStatus': True, 'byId': {'missionAdId0': [{'checked': False, 'value': '0', 'name': 'missionAntodayaDet[0].maCode', 'disabled': True}, {'checked': False, 'value': '0', 'name': 'missionAntodayaDet[0].maCode', 'disabled': False}], 'missionAdId1': [{'checked': False, 'value': '218', 'name': 'missionAntodayaDet[1].maCode', 'disabled': False}, {'checked': False, 'value': '218', 'name': 'missionAntodayaDet[1].maCode', 'disabled': False}], 'missionAdId2': [{'checked': True, 'value': '45', 'name': 'missionAntodayaDet[2].maCode', 'disabled': False}, {'checked': False, 'value': '45', 'name': 'missionAntodayaDet[2].maCode', 'disabled': False}], 'missionAdId3': [{'checked': False, 'value': '200', 'name': 'missionAntodayaDet[3].maCode', 'disabled': False}, {'checked': False, 'value': '200', 'name': 'missionAntodayaDet[3].maCode', 'disabled': False}], 'missionAdId4': [{'checked': False, 'value': '540', 'name': 'missionAntodayaDet[4].maCode', 'disabled': False}, {'checked': False, 'value': '540', 'name': 'missionAntodayaDet[4].maCode', 'disabled': False}], 'missionAdId5': [{'checked': False, 'value': '60', 'name': 'missionAntodayaDet[5].maCode', 'disabled': False}, {'checked': False, 'value': '60', 'name': 'missionAntodayaDet[5].maCode', 'disabled': False}]}, 'visibleError': False}
2026-07-07 14:42:58 | DEBUG    | row=0 targeted_populace: requested indicators (1): ['All']
2026-07-07 14:42:58 | DEBUG    | row=0 targeted_populace: found 1 total labels in panel
2026-07-07 14:42:58 | DEBUG    | row=0 targeted_populace: checkbox 'All' enabled=True checked=False
2026-07-07 14:42:58 | DEBUG    | row=0 targeted_populace: clicking checkbox: 'All'
2026-07-07 14:42:58 | DEBUG    | row=0 targeted_populace: checkbox selected successfully: 'All'
2026-07-07 14:42:59 | DEBUG    | row=0: total indicative cost calculated as: 0
2026-07-07 14:42:59 | DEBUG    | row=0: Supported Department - requesting: 'Department of Food & Public Distribution'
2026-07-07 14:42:59 | DEBUG    | row=0: Waiting for supported_department options to populate
2026-07-07 14:42:59 | DEBUG    | row=0: supported_department options available: 1 options
2026-07-07 14:42:59 | WARNING  | row=0: supported_department option not found: 'Department of Food & Public Distribution' not found in #supportedMinistriesId. Available (1): ['Ministry of MSME']
2026-07-07 14:42:59 | WARNING  | row=0 field=select_supported_department Supported Department option not found: Department of Food & Public Distribution
2026-07-07 14:42:59 | ERROR    | FAIL | row=0 field=select_supported_department | Supported Department option not found: Department of Food & Public Distribution
2026-07-07 14:42:59 | DEBUG    | row=0: estimated total cost section not visible
2026-07-07 14:42:59 | WARNING  | row=0 activity_output_popup skipped because prerequisite validation failed
2026-07-07 14:42:59 | WARNING  | row 0 attempt 2 FAIL: [select_supported_department] Supported Department option not found: Department of Food & Public Distribution
2026-07-07 14:43:05 | DEBUG    | row=0: watchId spinner finished, checkboxes should be loaded
2026-07-07 14:43:05 | DEBUG    | row=0 pdi: #checkboxes not visible, attempting to open
2026-07-07 14:43:06 | DEBUG    | row=0 pdi: requested (1): ['Neonatal mortality rate (per 1,000 live births)']
2026-07-07 14:43:06 | DEBUG    | row=0 pdi: found 12 checkbox inputs in panel
2026-07-07 14:43:06 | DEBUG    | row=0 pdi: skipping invalid checkbox: value=0 label='None'
2026-07-07 14:43:06 | DEBUG    | row=0 pdi: available checkbox id=missionAdId1 value=218 label='Whether the nurseries created in the school in the GP' enabled=True checked=False
2026-07-07 14:43:06 | DEBUG    | row=0 pdi: available checkbox id=missionAdId2 value=45 label='Neonatal mortality rate (per 1,000 live births)' enabled=True checked=False
2026-07-07 14:43:06 | DEBUG    | row=0 pdi: available checkbox id=missionAdId3 value=200 label='Percentage of household using clean cooking fuel' enabled=True checked=False
2026-07-07 14:43:06 | DEBUG    | row=0 pdi: available checkbox id=missionAdId4 value=540 label='Proportion of women (aged 30-49) screened under the Non Communicable Disease (NCD) programme for cervical/breast cancer' enabled=True checked=False
2026-07-07 14:43:06 | DEBUG    | row=0 pdi: available checkbox id=missionAdId5 value=60 label='Total GP spending on Health to the total expenditure' enabled=True checked=False
2026-07-07 14:43:06 | DEBUG    | row=0 pdi: skipping invalid checkbox: value=0 label='None'
2026-07-07 14:43:06 | DEBUG    | row=0 pdi: available checkbox id=missionAdId1 value=218 label='Whether the nurseries created in the school in the GP' enabled=True checked=False
2026-07-07 14:43:06 | DEBUG    | row=0 pdi: duplicate label instance ignored to preserve canonical checkbox: 'Whether the nurseries created in the school in the GP' id=missionAdId1
2026-07-07 14:43:06 | DEBUG    | row=0 pdi: available checkbox id=missionAdId2 value=45 label='Neonatal mortality rate (per 1,000 live births)' enabled=True checked=False
2026-07-07 14:43:06 | DEBUG    | row=0 pdi: duplicate label instance ignored to preserve canonical checkbox: 'Neonatal mortality rate (per 1,000 live births)' id=missionAdId2
2026-07-07 14:43:06 | DEBUG    | row=0 pdi: available checkbox id=missionAdId3 value=200 label='Percentage of household using clean cooking fuel' enabled=True checked=False
2026-07-07 14:43:06 | DEBUG    | row=0 pdi: duplicate label instance ignored to preserve canonical checkbox: 'Percentage of household using clean cooking fuel' id=missionAdId3
2026-07-07 14:43:06 | DEBUG    | row=0 pdi: available checkbox id=missionAdId4 value=540 label='Proportion of women (aged 30-49) screened under the Non Communicable Disease (NCD) programme for cervical/breast cancer' enabled=True checked=False
2026-07-07 14:43:06 | DEBUG    | row=0 pdi: duplicate label instance ignored to preserve canonical checkbox: 'Proportion of women (aged 30-49) screened under the Non Communicable Disease (NCD) programme for cervical/breast cancer' id=missionAdId4
2026-07-07 14:43:06 | DEBUG    | row=0 pdi: available checkbox id=missionAdId5 value=60 label='Total GP spending on Health to the total expenditure' enabled=True checked=False
2026-07-07 14:43:06 | DEBUG    | row=0 pdi: duplicate label instance ignored to preserve canonical checkbox: 'Total GP spending on Health to the total expenditure' id=missionAdId5
2026-07-07 14:43:06 | DEBUG    | row=0 pdi: clicking checkbox id=missionAdId2 value=45 label='Neonatal mortality rate (per 1,000 live births)'
2026-07-07 14:43:06 | DEBUG    | row=0 pdi: after click - is_selected=True dom_checked=True for 'Neonatal mortality rate (per 1,000 live births)'
2026-07-07 14:43:06 | DEBUG    | row=0 pdi: total selected indicators: 1
2026-07-07 14:43:06 | INFO     | row=0 pdi: selection complete
2026-07-07 14:43:06 | DEBUG    | row=0 pdi: duplicate label counts={'whether the nurseries created in the school in the gp': 2, 'neonatal mortality rate (per 1,000 live births)': 2, 'percentage of household using clean cooking fuel': 2, 'proportion of women (aged 30-49) screened under the non communicable disease (ncd) programme for cervical/breast cancer': 2, 'total gp spending on health to the total expenditure': 2}
2026-07-07 14:43:06 | DEBUG    | row=0 pdi: portal_diagnostic={'missionAdStatus': True, 'byId': {'missionAdId0': [{'checked': False, 'value': '0', 'name': 'missionAntodayaDet[0].maCode', 'disabled': True}, {'checked': False, 'value': '0', 'name': 'missionAntodayaDet[0].maCode', 'disabled': False}], 'missionAdId1': [{'checked': False, 'value': '218', 'name': 'missionAntodayaDet[1].maCode', 'disabled': False}, {'checked': False, 'value': '218', 'name': 'missionAntodayaDet[1].maCode', 'disabled': False}], 'missionAdId2': [{'checked': True, 'value': '45', 'name': 'missionAntodayaDet[2].maCode', 'disabled': False}, {'checked': False, 'value': '45', 'name': 'missionAntodayaDet[2].maCode', 'disabled': False}], 'missionAdId3': [{'checked': False, 'value': '200', 'name': 'missionAntodayaDet[3].maCode', 'disabled': False}, {'checked': False, 'value': '200', 'name': 'missionAntodayaDet[3].maCode', 'disabled': False}], 'missionAdId4': [{'checked': False, 'value': '540', 'name': 'missionAntodayaDet[4].maCode', 'disabled': False}, {'checked': False, 'value': '540', 'name': 'missionAntodayaDet[4].maCode', 'disabled': False}], 'missionAdId5': [{'checked': False, 'value': '60', 'name': 'missionAntodayaDet[5].maCode', 'disabled': False}, {'checked': False, 'value': '60', 'name': 'missionAntodayaDet[5].maCode', 'disabled': False}]}, 'visibleError': False}
2026-07-07 14:43:07 | DEBUG    | row=0 targeted_populace: requested indicators (1): ['All']
2026-07-07 14:43:07 | DEBUG    | row=0 targeted_populace: found 1 total labels in panel
2026-07-07 14:43:07 | DEBUG    | row=0 targeted_populace: checkbox 'All' enabled=True checked=False
2026-07-07 14:43:07 | DEBUG    | row=0 targeted_populace: clicking checkbox: 'All'
2026-07-07 14:43:07 | DEBUG    | row=0 targeted_populace: checkbox selected successfully: 'All'
2026-07-07 14:43:07 | WARNING  | row=0 field=start_month 'March' not found in #startMonthId. Available (9): ['April', 'May', 'June', 'July', 'August', 'September', 'October', 'November', 'December']
2026-07-07 14:43:07 | ERROR    | FAIL | row=0 field=start_month | 'March' not found in #startMonthId. Available (9): ['April', 'May', 'June', 'July', 'August', 'September', 'October', 'November', 'December']
2026-07-07 14:43:08 | DEBUG    | row=0: total indicative cost calculated as: 0
2026-07-07 14:43:08 | DEBUG    | row=0: Supported Department - requesting: 'Department of Food & Public Distribution'
2026-07-07 14:43:08 | DEBUG    | row=0: Waiting for supported_department options to populate
2026-07-07 14:43:08 | DEBUG    | row=0: supported_department options available: 1 options
2026-07-07 14:43:08 | WARNING  | row=0: supported_department option not found: 'Department of Food & Public Distribution' not found in #supportedMinistriesId. Available (1): ['Ministry of MSME']
2026-07-07 14:43:08 | WARNING  | row=0 field=select_supported_department Supported Department option not found: Department of Food & Public Distribution
2026-07-07 14:43:08 | ERROR    | FAIL | row=0 field=select_supported_department | Supported Department option not found: Department of Food & Public Distribution
2026-07-07 14:43:08 | DEBUG    | row=0: estimated total cost section not visible
2026-07-07 14:43:08 | WARNING  | row=0 activity_output_popup skipped because prerequisite validation failed
2026-07-07 14:43:08 | WARNING  | row 0 attempt 3 FAIL: [start_month] 'March' not found in #startMonthId. Available (9): ['April', 'May', 'June', 'July', 'August', 'September', 'October', 'November', 'December'] | [select_supported_department] Supported Department option not found: Department of Food & Public Distribution
2026-07-07 14:43:08 | ERROR    | row 0 FAILED after all retries
2026-07-07 14:43:09 | INFO     | DONE 82s total=1 success=0 failed=1 rate=0.0%
2026-07-07 14:56:04 | INFO     | ============================================================
2026-07-07 14:56:04 | INFO     | eGramSwaraj Bot START (v5)
2026-07-07 14:56:04 | INFO     | ============================================================
2026-07-07 14:56:04 | INFO     | rows: total=1 done=0 pending=1
2026-07-07 14:56:10 | INFO     | Waiting for manual login -> addactivity.htm ...
2026-07-07 14:57:09 | INFO     | Form ready at: https://egramswaraj.gov.in/addactivity.htm
2026-07-07 14:57:13 | INFO     | -- row 0 | Awareness camp on behavioural issues of Mission LiFE
2026-07-07 14:57:17 | DEBUG    | row=0: watchId spinner finished, checkboxes should be loaded
2026-07-07 14:57:17 | DEBUG    | row=0 pdi: #checkboxes not visible, attempting to open
2026-07-07 14:57:18 | DEBUG    | row=0 pdi: requested (1): ['Neonatal mortality rate (per 1,000 live births)']
2026-07-07 14:57:18 | DEBUG    | row=0 pdi: found 12 checkbox inputs in panel
2026-07-07 14:57:18 | DEBUG    | row=0 pdi: skipping invalid checkbox: value=0 label='None'
2026-07-07 14:57:18 | DEBUG    | row=0 pdi: available checkbox id=missionAdId1 value=218 label='Whether the nurseries created in the school in the GP' enabled=True checked=False
2026-07-07 14:57:18 | DEBUG    | row=0 pdi: available checkbox id=missionAdId2 value=45 label='Neonatal mortality rate (per 1,000 live births)' enabled=True checked=False
2026-07-07 14:57:18 | DEBUG    | row=0 pdi: available checkbox id=missionAdId3 value=200 label='Percentage of household using clean cooking fuel' enabled=True checked=False
2026-07-07 14:57:18 | DEBUG    | row=0 pdi: available checkbox id=missionAdId4 value=540 label='Proportion of women (aged 30-49) screened under the Non Communicable Disease (NCD) programme for cervical/breast cancer' enabled=True checked=False
2026-07-07 14:57:18 | DEBUG    | row=0 pdi: available checkbox id=missionAdId5 value=60 label='Total GP spending on Health to the total expenditure' enabled=True checked=False
2026-07-07 14:57:18 | DEBUG    | row=0 pdi: skipping invalid checkbox: value=0 label='None'
2026-07-07 14:57:18 | DEBUG    | row=0 pdi: available checkbox id=missionAdId1 value=218 label='Whether the nurseries created in the school in the GP' enabled=True checked=False
2026-07-07 14:57:18 | DEBUG    | row=0 pdi: duplicate label instance ignored to preserve canonical checkbox: 'Whether the nurseries created in the school in the GP' id=missionAdId1
2026-07-07 14:57:18 | DEBUG    | row=0 pdi: available checkbox id=missionAdId2 value=45 label='Neonatal mortality rate (per 1,000 live births)' enabled=True checked=False
2026-07-07 14:57:18 | DEBUG    | row=0 pdi: duplicate label instance ignored to preserve canonical checkbox: 'Neonatal mortality rate (per 1,000 live births)' id=missionAdId2
2026-07-07 14:57:18 | DEBUG    | row=0 pdi: available checkbox id=missionAdId3 value=200 label='Percentage of household using clean cooking fuel' enabled=True checked=False
2026-07-07 14:57:18 | DEBUG    | row=0 pdi: duplicate label instance ignored to preserve canonical checkbox: 'Percentage of household using clean cooking fuel' id=missionAdId3
2026-07-07 14:57:18 | DEBUG    | row=0 pdi: available checkbox id=missionAdId4 value=540 label='Proportion of women (aged 30-49) screened under the Non Communicable Disease (NCD) programme for cervical/breast cancer' enabled=True checked=False
2026-07-07 14:57:18 | DEBUG    | row=0 pdi: duplicate label instance ignored to preserve canonical checkbox: 'Proportion of women (aged 30-49) screened under the Non Communicable Disease (NCD) programme for cervical/breast cancer' id=missionAdId4
2026-07-07 14:57:18 | DEBUG    | row=0 pdi: available checkbox id=missionAdId5 value=60 label='Total GP spending on Health to the total expenditure' enabled=True checked=False
2026-07-07 14:57:18 | DEBUG    | row=0 pdi: duplicate label instance ignored to preserve canonical checkbox: 'Total GP spending on Health to the total expenditure' id=missionAdId5
2026-07-07 14:57:18 | DEBUG    | row=0 pdi: clicking checkbox id=missionAdId2 value=45 label='Neonatal mortality rate (per 1,000 live births)'
2026-07-07 14:57:18 | DEBUG    | row=0 pdi: after click - is_selected=True dom_checked=True for 'Neonatal mortality rate (per 1,000 live births)'
2026-07-07 14:57:18 | DEBUG    | row=0 pdi: total selected indicators: 1
2026-07-07 14:57:18 | INFO     | row=0 pdi: selection complete
2026-07-07 14:57:18 | DEBUG    | row=0 pdi: duplicate label counts={'whether the nurseries created in the school in the gp': 2, 'neonatal mortality rate (per 1,000 live births)': 2, 'percentage of household using clean cooking fuel': 2, 'proportion of women (aged 30-49) screened under the non communicable disease (ncd) programme for cervical/breast cancer': 2, 'total gp spending on health to the total expenditure': 2}
2026-07-07 14:57:18 | DEBUG    | row=0 pdi: portal_diagnostic={'missionAdStatus': True, 'byId': {'missionAdId0': [{'checked': False, 'value': '0', 'name': 'missionAntodayaDet[0].maCode', 'disabled': True}, {'checked': False, 'value': '0', 'name': 'missionAntodayaDet[0].maCode', 'disabled': False}], 'missionAdId1': [{'checked': False, 'value': '218', 'name': 'missionAntodayaDet[1].maCode', 'disabled': False}, {'checked': False, 'value': '218', 'name': 'missionAntodayaDet[1].maCode', 'disabled': False}], 'missionAdId2': [{'checked': True, 'value': '45', 'name': 'missionAntodayaDet[2].maCode', 'disabled': False}, {'checked': False, 'value': '45', 'name': 'missionAntodayaDet[2].maCode', 'disabled': False}], 'missionAdId3': [{'checked': False, 'value': '200', 'name': 'missionAntodayaDet[3].maCode', 'disabled': False}, {'checked': False, 'value': '200', 'name': 'missionAntodayaDet[3].maCode', 'disabled': False}], 'missionAdId4': [{'checked': False, 'value': '540', 'name': 'missionAntodayaDet[4].maCode', 'disabled': False}, {'checked': False, 'value': '540', 'name': 'missionAntodayaDet[4].maCode', 'disabled': False}], 'missionAdId5': [{'checked': False, 'value': '60', 'name': 'missionAntodayaDet[5].maCode', 'disabled': False}, {'checked': False, 'value': '60', 'name': 'missionAntodayaDet[5].maCode', 'disabled': False}]}, 'visibleError': False}
2026-07-07 14:57:19 | DEBUG    | row=0 targeted_populace: requested indicators (1): ['All']
2026-07-07 14:57:19 | DEBUG    | row=0 targeted_populace: found 1 total labels in panel
2026-07-07 14:57:19 | DEBUG    | row=0 targeted_populace: checkbox 'All' enabled=True checked=False
2026-07-07 14:57:19 | DEBUG    | row=0 targeted_populace: clicking checkbox: 'All'
2026-07-07 14:57:19 | DEBUG    | row=0 targeted_populace: checkbox selected successfully: 'All'
2026-07-07 14:57:20 | DEBUG    | row=0: total indicative cost calculated as: 0
2026-07-07 14:57:20 | DEBUG    | row=0: Supported Department - requesting: 'Department of Food & Public Distribution'
2026-07-07 14:57:20 | DEBUG    | row=0: Waiting for supported_department options to populate
2026-07-07 14:57:20 | DEBUG    | row=0: supported_department options available: 1 options
2026-07-07 14:57:20 | DEBUG    | row=0: supported_department options=[{'value': '5', 'text': 'Ministry of MSME'}]
2026-07-07 14:57:20 | WARNING  | row=0: supported_department option not found: Supported Department option not found: Department of Food & Public Distribution
2026-07-07 14:57:20 | WARNING  | row=0 field=select_supported_department non-fatal Supported Department option not found: Department of Food & Public Distribution
2026-07-07 14:57:20 | ERROR    | FAIL | row=0 field=select_supported_department | Supported Department option not found: Department of Food & Public Distribution
2026-07-07 14:57:20 | DEBUG    | row=0: estimated total cost section not visible
2026-07-07 14:57:20 | WARNING  | row=0 activity_output_popup cannot access local variable 'selected_output' where it is not associated with a value
2026-07-07 14:57:20 | ERROR    | FAIL | row=0 field=activity_output | cannot access local variable 'selected_output' where it is not associated with a value
2026-07-07 14:57:20 | WARNING  | row 0 attempt 1 FAIL: [activity_output] cannot access local variable 'selected_output' where it is not associated with a value
2026-07-07 14:57:27 | DEBUG    | row=0: watchId spinner finished, checkboxes should be loaded
2026-07-07 14:57:27 | DEBUG    | row=0 pdi: #checkboxes not visible, attempting to open
2026-07-07 14:57:27 | DEBUG    | row=0 pdi: requested (1): ['Neonatal mortality rate (per 1,000 live births)']
2026-07-07 14:57:27 | DEBUG    | row=0 pdi: found 12 checkbox inputs in panel
2026-07-07 14:57:27 | DEBUG    | row=0 pdi: skipping invalid checkbox: value=0 label='None'
2026-07-07 14:57:27 | DEBUG    | row=0 pdi: available checkbox id=missionAdId1 value=218 label='Whether the nurseries created in the school in the GP' enabled=True checked=False
2026-07-07 14:57:27 | DEBUG    | row=0 pdi: available checkbox id=missionAdId2 value=45 label='Neonatal mortality rate (per 1,000 live births)' enabled=True checked=False
2026-07-07 14:57:28 | DEBUG    | row=0 pdi: available checkbox id=missionAdId3 value=200 label='Percentage of household using clean cooking fuel' enabled=True checked=False
2026-07-07 14:57:28 | DEBUG    | row=0 pdi: available checkbox id=missionAdId4 value=540 label='Proportion of women (aged 30-49) screened under the Non Communicable Disease (NCD) programme for cervical/breast cancer' enabled=True checked=False
2026-07-07 14:57:28 | DEBUG    | row=0 pdi: available checkbox id=missionAdId5 value=60 label='Total GP spending on Health to the total expenditure' enabled=True checked=False
2026-07-07 14:57:28 | DEBUG    | row=0 pdi: skipping invalid checkbox: value=0 label='None'
2026-07-07 14:57:28 | DEBUG    | row=0 pdi: available checkbox id=missionAdId1 value=218 label='Whether the nurseries created in the school in the GP' enabled=True checked=False
2026-07-07 14:57:28 | DEBUG    | row=0 pdi: duplicate label instance ignored to preserve canonical checkbox: 'Whether the nurseries created in the school in the GP' id=missionAdId1
2026-07-07 14:57:28 | DEBUG    | row=0 pdi: available checkbox id=missionAdId2 value=45 label='Neonatal mortality rate (per 1,000 live births)' enabled=True checked=False
2026-07-07 14:57:28 | DEBUG    | row=0 pdi: duplicate label instance ignored to preserve canonical checkbox: 'Neonatal mortality rate (per 1,000 live births)' id=missionAdId2
2026-07-07 14:57:28 | DEBUG    | row=0 pdi: available checkbox id=missionAdId3 value=200 label='Percentage of household using clean cooking fuel' enabled=True checked=False
2026-07-07 14:57:28 | DEBUG    | row=0 pdi: duplicate label instance ignored to preserve canonical checkbox: 'Percentage of household using clean cooking fuel' id=missionAdId3
2026-07-07 14:57:28 | DEBUG    | row=0 pdi: available checkbox id=missionAdId4 value=540 label='Proportion of women (aged 30-49) screened under the Non Communicable Disease (NCD) programme for cervical/breast cancer' enabled=True checked=False
2026-07-07 14:57:28 | DEBUG    | row=0 pdi: duplicate label instance ignored to preserve canonical checkbox: 'Proportion of women (aged 30-49) screened under the Non Communicable Disease (NCD) programme for cervical/breast cancer' id=missionAdId4
2026-07-07 14:57:28 | DEBUG    | row=0 pdi: available checkbox id=missionAdId5 value=60 label='Total GP spending on Health to the total expenditure' enabled=True checked=False
2026-07-07 14:57:28 | DEBUG    | row=0 pdi: duplicate label instance ignored to preserve canonical checkbox: 'Total GP spending on Health to the total expenditure' id=missionAdId5
2026-07-07 14:57:28 | DEBUG    | row=0 pdi: clicking checkbox id=missionAdId2 value=45 label='Neonatal mortality rate (per 1,000 live births)'
2026-07-07 14:57:28 | DEBUG    | row=0 pdi: after click - is_selected=True dom_checked=True for 'Neonatal mortality rate (per 1,000 live births)'
2026-07-07 14:57:28 | DEBUG    | row=0 pdi: total selected indicators: 1
2026-07-07 14:57:28 | INFO     | row=0 pdi: selection complete
2026-07-07 14:57:28 | DEBUG    | row=0 pdi: duplicate label counts={'whether the nurseries created in the school in the gp': 2, 'neonatal mortality rate (per 1,000 live births)': 2, 'percentage of household using clean cooking fuel': 2, 'proportion of women (aged 30-49) screened under the non communicable disease (ncd) programme for cervical/breast cancer': 2, 'total gp spending on health to the total expenditure': 2}
2026-07-07 14:57:28 | DEBUG    | row=0 pdi: portal_diagnostic={'missionAdStatus': True, 'byId': {'missionAdId0': [{'checked': False, 'value': '0', 'name': 'missionAntodayaDet[0].maCode', 'disabled': True}, {'checked': False, 'value': '0', 'name': 'missionAntodayaDet[0].maCode', 'disabled': False}], 'missionAdId1': [{'checked': False, 'value': '218', 'name': 'missionAntodayaDet[1].maCode', 'disabled': False}, {'checked': False, 'value': '218', 'name': 'missionAntodayaDet[1].maCode', 'disabled': False}], 'missionAdId2': [{'checked': True, 'value': '45', 'name': 'missionAntodayaDet[2].maCode', 'disabled': False}, {'checked': False, 'value': '45', 'name': 'missionAntodayaDet[2].maCode', 'disabled': False}], 'missionAdId3': [{'checked': False, 'value': '200', 'name': 'missionAntodayaDet[3].maCode', 'disabled': False}, {'checked': False, 'value': '200', 'name': 'missionAntodayaDet[3].maCode', 'disabled': False}], 'missionAdId4': [{'checked': False, 'value': '540', 'name': 'missionAntodayaDet[4].maCode', 'disabled': False}, {'checked': False, 'value': '540', 'name': 'missionAntodayaDet[4].maCode', 'disabled': False}], 'missionAdId5': [{'checked': False, 'value': '60', 'name': 'missionAntodayaDet[5].maCode', 'disabled': False}, {'checked': False, 'value': '60', 'name': 'missionAntodayaDet[5].maCode', 'disabled': False}]}, 'visibleError': False}
2026-07-07 14:57:29 | DEBUG    | row=0 targeted_populace: requested indicators (1): ['All']
2026-07-07 14:57:29 | DEBUG    | row=0 targeted_populace: found 1 total labels in panel
2026-07-07 14:57:29 | DEBUG    | row=0 targeted_populace: checkbox 'All' enabled=True checked=False
2026-07-07 14:57:29 | DEBUG    | row=0 targeted_populace: clicking checkbox: 'All'
2026-07-07 14:57:29 | DEBUG    | row=0 targeted_populace: checkbox selected successfully: 'All'
2026-07-07 14:57:29 | WARNING  | row=0 field=start_month non-fatal 'March' not found in #startMonthId. Available (9): ['April', 'May', 'June', 'July', 'August', 'September', 'October', 'November', 'December']
2026-07-07 14:57:29 | ERROR    | FAIL | row=0 field=start_month | 'March' not found in #startMonthId. Available (9): ['April', 'May', 'June', 'July', 'August', 'September', 'October', 'November', 'December']
2026-07-07 14:57:29 | DEBUG    | row=0: total indicative cost calculated as: 0
2026-07-07 14:57:29 | DEBUG    | row=0: Supported Department - requesting: 'Department of Food & Public Distribution'
2026-07-07 14:57:29 | DEBUG    | row=0: Waiting for supported_department options to populate
2026-07-07 14:57:30 | DEBUG    | row=0: supported_department options available: 1 options
2026-07-07 14:57:30 | DEBUG    | row=0: supported_department options=[{'value': '5', 'text': 'Ministry of MSME'}]
2026-07-07 14:57:30 | WARNING  | row=0: supported_department option not found: Supported Department option not found: Department of Food & Public Distribution
2026-07-07 14:57:30 | WARNING  | row=0 field=select_supported_department non-fatal Supported Department option not found: Department of Food & Public Distribution
2026-07-07 14:57:30 | ERROR    | FAIL | row=0 field=select_supported_department | Supported Department option not found: Department of Food & Public Distribution
2026-07-07 14:57:30 | DEBUG    | row=0: estimated total cost section not visible
2026-07-07 14:57:30 | WARNING  | row=0 activity_output_popup cannot access local variable 'selected_output' where it is not associated with a value
2026-07-07 14:57:30 | ERROR    | FAIL | row=0 field=activity_output | cannot access local variable 'selected_output' where it is not associated with a value
2026-07-07 14:57:30 | WARNING  | row 0 attempt 2 FAIL: [activity_output] cannot access local variable 'selected_output' where it is not associated with a value
2026-07-07 14:57:36 | DEBUG    | row=0: watchId spinner finished, checkboxes should be loaded
2026-07-07 14:57:36 | DEBUG    | row=0 pdi: #checkboxes not visible, attempting to open
2026-07-07 14:57:37 | DEBUG    | row=0 pdi: requested (1): ['Neonatal mortality rate (per 1,000 live births)']
2026-07-07 14:57:37 | DEBUG    | row=0 pdi: found 12 checkbox inputs in panel
2026-07-07 14:57:37 | DEBUG    | row=0 pdi: skipping invalid checkbox: value=0 label='None'
2026-07-07 14:57:37 | DEBUG    | row=0 pdi: available checkbox id=missionAdId1 value=218 label='Whether the nurseries created in the school in the GP' enabled=True checked=False
2026-07-07 14:57:37 | DEBUG    | row=0 pdi: available checkbox id=missionAdId2 value=45 label='Neonatal mortality rate (per 1,000 live births)' enabled=True checked=False
2026-07-07 14:57:37 | DEBUG    | row=0 pdi: available checkbox id=missionAdId3 value=200 label='Percentage of household using clean cooking fuel' enabled=True checked=False
2026-07-07 14:57:37 | DEBUG    | row=0 pdi: available checkbox id=missionAdId4 value=540 label='Proportion of women (aged 30-49) screened under the Non Communicable Disease (NCD) programme for cervical/breast cancer' enabled=True checked=False
2026-07-07 14:57:37 | DEBUG    | row=0 pdi: available checkbox id=missionAdId5 value=60 label='Total GP spending on Health to the total expenditure' enabled=True checked=False
2026-07-07 14:57:37 | DEBUG    | row=0 pdi: skipping invalid checkbox: value=0 label='None'
2026-07-07 14:57:37 | DEBUG    | row=0 pdi: available checkbox id=missionAdId1 value=218 label='Whether the nurseries created in the school in the GP' enabled=True checked=False
2026-07-07 14:57:37 | DEBUG    | row=0 pdi: duplicate label instance ignored to preserve canonical checkbox: 'Whether the nurseries created in the school in the GP' id=missionAdId1
2026-07-07 14:57:37 | DEBUG    | row=0 pdi: available checkbox id=missionAdId2 value=45 label='Neonatal mortality rate (per 1,000 live births)' enabled=True checked=False
2026-07-07 14:57:37 | DEBUG    | row=0 pdi: duplicate label instance ignored to preserve canonical checkbox: 'Neonatal mortality rate (per 1,000 live births)' id=missionAdId2
2026-07-07 14:57:37 | DEBUG    | row=0 pdi: available checkbox id=missionAdId3 value=200 label='Percentage of household using clean cooking fuel' enabled=True checked=False
2026-07-07 14:57:37 | DEBUG    | row=0 pdi: duplicate label instance ignored to preserve canonical checkbox: 'Percentage of household using clean cooking fuel' id=missionAdId3
2026-07-07 14:57:37 | DEBUG    | row=0 pdi: available checkbox id=missionAdId4 value=540 label='Proportion of women (aged 30-49) screened under the Non Communicable Disease (NCD) programme for cervical/breast cancer' enabled=True checked=False
2026-07-07 14:57:37 | DEBUG    | row=0 pdi: duplicate label instance ignored to preserve canonical checkbox: 'Proportion of women (aged 30-49) screened under the Non Communicable Disease (NCD) programme for cervical/breast cancer' id=missionAdId4
2026-07-07 14:57:37 | DEBUG    | row=0 pdi: available checkbox id=missionAdId5 value=60 label='Total GP spending on Health to the total expenditure' enabled=True checked=False
2026-07-07 14:57:37 | DEBUG    | row=0 pdi: duplicate label instance ignored to preserve canonical checkbox: 'Total GP spending on Health to the total expenditure' id=missionAdId5
2026-07-07 14:57:37 | DEBUG    | row=0 pdi: clicking checkbox id=missionAdId2 value=45 label='Neonatal mortality rate (per 1,000 live births)'
2026-07-07 14:57:37 | DEBUG    | row=0 pdi: after click - is_selected=True dom_checked=True for 'Neonatal mortality rate (per 1,000 live births)'
2026-07-07 14:57:37 | DEBUG    | row=0 pdi: total selected indicators: 1
2026-07-07 14:57:37 | INFO     | row=0 pdi: selection complete
2026-07-07 14:57:37 | DEBUG    | row=0 pdi: duplicate label counts={'whether the nurseries created in the school in the gp': 2, 'neonatal mortality rate (per 1,000 live births)': 2, 'percentage of household using clean cooking fuel': 2, 'proportion of women (aged 30-49) screened under the non communicable disease (ncd) programme for cervical/breast cancer': 2, 'total gp spending on health to the total expenditure': 2}
2026-07-07 14:57:37 | DEBUG    | row=0 pdi: portal_diagnostic={'missionAdStatus': True, 'byId': {'missionAdId0': [{'checked': False, 'value': '0', 'name': 'missionAntodayaDet[0].maCode', 'disabled': True}, {'checked': False, 'value': '0', 'name': 'missionAntodayaDet[0].maCode', 'disabled': False}], 'missionAdId1': [{'checked': False, 'value': '218', 'name': 'missionAntodayaDet[1].maCode', 'disabled': False}, {'checked': False, 'value': '218', 'name': 'missionAntodayaDet[1].maCode', 'disabled': False}], 'missionAdId2': [{'checked': True, 'value': '45', 'name': 'missionAntodayaDet[2].maCode', 'disabled': False}, {'checked': False, 'value': '45', 'name': 'missionAntodayaDet[2].maCode', 'disabled': False}], 'missionAdId3': [{'checked': False, 'value': '200', 'name': 'missionAntodayaDet[3].maCode', 'disabled': False}, {'checked': False, 'value': '200', 'name': 'missionAntodayaDet[3].maCode', 'disabled': False}], 'missionAdId4': [{'checked': False, 'value': '540', 'name': 'missionAntodayaDet[4].maCode', 'disabled': False}, {'checked': False, 'value': '540', 'name': 'missionAntodayaDet[4].maCode', 'disabled': False}], 'missionAdId5': [{'checked': False, 'value': '60', 'name': 'missionAntodayaDet[5].maCode', 'disabled': False}, {'checked': False, 'value': '60', 'name': 'missionAntodayaDet[5].maCode', 'disabled': False}]}, 'visibleError': False}
2026-07-07 14:57:38 | DEBUG    | row=0 targeted_populace: requested indicators (1): ['All']
2026-07-07 14:57:38 | DEBUG    | row=0 targeted_populace: found 1 total labels in panel
2026-07-07 14:57:38 | DEBUG    | row=0 targeted_populace: checkbox 'All' enabled=True checked=False
2026-07-07 14:57:38 | DEBUG    | row=0 targeted_populace: clicking checkbox: 'All'
2026-07-07 14:57:38 | DEBUG    | row=0 targeted_populace: checkbox selected successfully: 'All'
2026-07-07 14:57:39 | DEBUG    | row=0: total indicative cost calculated as: 0
2026-07-07 14:57:39 | DEBUG    | row=0: Supported Department - requesting: 'Department of Food & Public Distribution'
2026-07-07 14:57:39 | DEBUG    | row=0: Waiting for supported_department options to populate
2026-07-07 14:57:39 | DEBUG    | row=0: supported_department options available: 1 options
2026-07-07 14:57:39 | DEBUG    | row=0: supported_department options=[{'value': '5', 'text': 'Ministry of MSME'}]
2026-07-07 14:57:39 | WARNING  | row=0: supported_department option not found: Supported Department option not found: Department of Food & Public Distribution
2026-07-07 14:57:39 | WARNING  | row=0 field=select_supported_department non-fatal Supported Department option not found: Department of Food & Public Distribution
2026-07-07 14:57:39 | ERROR    | FAIL | row=0 field=select_supported_department | Supported Department option not found: Department of Food & Public Distribution
2026-07-07 14:57:39 | DEBUG    | row=0: estimated total cost section not visible
2026-07-07 14:57:39 | WARNING  | row=0 activity_output_popup cannot access local variable 'selected_output' where it is not associated with a value
2026-07-07 14:57:39 | ERROR    | FAIL | row=0 field=activity_output | cannot access local variable 'selected_output' where it is not associated with a value
2026-07-07 14:57:39 | WARNING  | row 0 attempt 3 FAIL: [activity_output] cannot access local variable 'selected_output' where it is not associated with a value
2026-07-07 14:58:19 | INFO     | ============================================================
2026-07-07 14:58:19 | INFO     | eGramSwaraj Bot START (v5)
2026-07-07 14:58:19 | INFO     | ============================================================
2026-07-07 14:58:19 | INFO     | rows: total=1 done=0 pending=1
2026-07-07 14:58:24 | INFO     | Waiting for manual login -> addactivity.htm ...
2026-07-07 14:59:21 | INFO     | Form ready at: https://egramswaraj.gov.in/addactivity.htm
2026-07-07 14:59:26 | INFO     | -- row 0 | Awareness camp on behavioural issues of Mission LiFE
2026-07-07 14:59:30 | DEBUG    | row=0: watchId spinner finished, checkboxes should be loaded
2026-07-07 14:59:30 | DEBUG    | row=0 pdi: #checkboxes not visible, attempting to open
2026-07-07 14:59:31 | DEBUG    | row=0 pdi: requested (1): ['Neonatal mortality rate (per 1,000 live births)']
2026-07-07 14:59:31 | DEBUG    | row=0 pdi: found 12 checkbox inputs in panel
2026-07-07 14:59:31 | DEBUG    | row=0 pdi: skipping invalid checkbox: value=0 label='None'
2026-07-07 14:59:31 | DEBUG    | row=0 pdi: available checkbox id=missionAdId1 value=218 label='Whether the nurseries created in the school in the GP' enabled=True checked=False
2026-07-07 14:59:31 | DEBUG    | row=0 pdi: available checkbox id=missionAdId2 value=45 label='Neonatal mortality rate (per 1,000 live births)' enabled=True checked=False
2026-07-07 14:59:31 | DEBUG    | row=0 pdi: available checkbox id=missionAdId3 value=200 label='Percentage of household using clean cooking fuel' enabled=True checked=False
2026-07-07 14:59:31 | DEBUG    | row=0 pdi: available checkbox id=missionAdId4 value=540 label='Proportion of women (aged 30-49) screened under the Non Communicable Disease (NCD) programme for cervical/breast cancer' enabled=True checked=False
2026-07-07 14:59:31 | DEBUG    | row=0 pdi: available checkbox id=missionAdId5 value=60 label='Total GP spending on Health to the total expenditure' enabled=True checked=False
2026-07-07 14:59:31 | DEBUG    | row=0 pdi: skipping invalid checkbox: value=0 label='None'
2026-07-07 14:59:31 | DEBUG    | row=0 pdi: available checkbox id=missionAdId1 value=218 label='Whether the nurseries created in the school in the GP' enabled=True checked=False
2026-07-07 14:59:31 | DEBUG    | row=0 pdi: duplicate label instance ignored to preserve canonical checkbox: 'Whether the nurseries created in the school in the GP' id=missionAdId1
2026-07-07 14:59:31 | DEBUG    | row=0 pdi: available checkbox id=missionAdId2 value=45 label='Neonatal mortality rate (per 1,000 live births)' enabled=True checked=False
2026-07-07 14:59:31 | DEBUG    | row=0 pdi: duplicate label instance ignored to preserve canonical checkbox: 'Neonatal mortality rate (per 1,000 live births)' id=missionAdId2
2026-07-07 14:59:31 | DEBUG    | row=0 pdi: available checkbox id=missionAdId3 value=200 label='Percentage of household using clean cooking fuel' enabled=True checked=False
2026-07-07 14:59:31 | DEBUG    | row=0 pdi: duplicate label instance ignored to preserve canonical checkbox: 'Percentage of household using clean cooking fuel' id=missionAdId3
2026-07-07 14:59:31 | DEBUG    | row=0 pdi: available checkbox id=missionAdId4 value=540 label='Proportion of women (aged 30-49) screened under the Non Communicable Disease (NCD) programme for cervical/breast cancer' enabled=True checked=False
2026-07-07 14:59:31 | DEBUG    | row=0 pdi: duplicate label instance ignored to preserve canonical checkbox: 'Proportion of women (aged 30-49) screened under the Non Communicable Disease (NCD) programme for cervical/breast cancer' id=missionAdId4
2026-07-07 14:59:31 | DEBUG    | row=0 pdi: available checkbox id=missionAdId5 value=60 label='Total GP spending on Health to the total expenditure' enabled=True checked=False
2026-07-07 14:59:31 | DEBUG    | row=0 pdi: duplicate label instance ignored to preserve canonical checkbox: 'Total GP spending on Health to the total expenditure' id=missionAdId5
2026-07-07 14:59:31 | DEBUG    | row=0 pdi: clicking checkbox id=missionAdId2 value=45 label='Neonatal mortality rate (per 1,000 live births)'
2026-07-07 14:59:31 | DEBUG    | row=0 pdi: after click - is_selected=True dom_checked=True for 'Neonatal mortality rate (per 1,000 live births)'
2026-07-07 14:59:31 | DEBUG    | row=0 pdi: total selected indicators: 1
2026-07-07 14:59:31 | INFO     | row=0 pdi: selection complete
2026-07-07 14:59:31 | DEBUG    | row=0 pdi: duplicate label counts={'whether the nurseries created in the school in the gp': 2, 'neonatal mortality rate (per 1,000 live births)': 2, 'percentage of household using clean cooking fuel': 2, 'proportion of women (aged 30-49) screened under the non communicable disease (ncd) programme for cervical/breast cancer': 2, 'total gp spending on health to the total expenditure': 2}
2026-07-07 14:59:31 | DEBUG    | row=0 pdi: portal_diagnostic={'missionAdStatus': True, 'byId': {'missionAdId0': [{'checked': False, 'value': '0', 'name': 'missionAntodayaDet[0].maCode', 'disabled': True}, {'checked': False, 'value': '0', 'name': 'missionAntodayaDet[0].maCode', 'disabled': False}], 'missionAdId1': [{'checked': False, 'value': '218', 'name': 'missionAntodayaDet[1].maCode', 'disabled': False}, {'checked': False, 'value': '218', 'name': 'missionAntodayaDet[1].maCode', 'disabled': False}], 'missionAdId2': [{'checked': True, 'value': '45', 'name': 'missionAntodayaDet[2].maCode', 'disabled': False}, {'checked': False, 'value': '45', 'name': 'missionAntodayaDet[2].maCode', 'disabled': False}], 'missionAdId3': [{'checked': False, 'value': '200', 'name': 'missionAntodayaDet[3].maCode', 'disabled': False}, {'checked': False, 'value': '200', 'name': 'missionAntodayaDet[3].maCode', 'disabled': False}], 'missionAdId4': [{'checked': False, 'value': '540', 'name': 'missionAntodayaDet[4].maCode', 'disabled': False}, {'checked': False, 'value': '540', 'name': 'missionAntodayaDet[4].maCode', 'disabled': False}], 'missionAdId5': [{'checked': False, 'value': '60', 'name': 'missionAntodayaDet[5].maCode', 'disabled': False}, {'checked': False, 'value': '60', 'name': 'missionAntodayaDet[5].maCode', 'disabled': False}]}, 'visibleError': False}
2026-07-07 14:59:32 | DEBUG    | row=0 targeted_populace: requested indicators (1): ['All']
2026-07-07 14:59:32 | DEBUG    | row=0 targeted_populace: found 1 total labels in panel
2026-07-07 14:59:32 | DEBUG    | row=0 targeted_populace: checkbox 'All' enabled=True checked=False
2026-07-07 14:59:32 | DEBUG    | row=0 targeted_populace: clicking checkbox: 'All'
2026-07-07 14:59:32 | DEBUG    | row=0 targeted_populace: checkbox selected successfully: 'All'
2026-07-07 14:59:32 | WARNING  | row=0 field=start_month non-fatal 'March' not found in #startMonthId. Available (9): ['April', 'May', 'June', 'July', 'August', 'September', 'October', 'November', 'December']
2026-07-07 14:59:32 | ERROR    | FAIL | row=0 field=start_month | 'March' not found in #startMonthId. Available (9): ['April', 'May', 'June', 'July', 'August', 'September', 'October', 'November', 'December']
2026-07-07 14:59:33 | DEBUG    | row=0: total indicative cost calculated as: 0
2026-07-07 14:59:33 | DEBUG    | row=0: Supported Department - requesting: 'Department of Food & Public Distribution'
2026-07-07 14:59:33 | DEBUG    | row=0: Waiting for supported_department options to populate
2026-07-07 14:59:33 | DEBUG    | row=0: supported_department options available: 1 options
2026-07-07 14:59:33 | DEBUG    | row=0: supported_department options=[{'value': '5', 'text': 'Ministry of MSME'}]
2026-07-07 14:59:33 | WARNING  | row=0: supported_department option not found: Supported Department option not found: Department of Food & Public Distribution
2026-07-07 14:59:33 | WARNING  | row=0 field=select_supported_department non-fatal Supported Department option not found: Department of Food & Public Distribution
2026-07-07 14:59:33 | ERROR    | FAIL | row=0 field=select_supported_department | Supported Department option not found: Department of Food & Public Distribution
2026-07-07 14:59:33 | DEBUG    | row=0: estimated total cost section not visible
2026-07-07 14:59:33 | WARNING  | row=0 activity_output_popup cannot access local variable 'selected_output' where it is not associated with a value
2026-07-07 14:59:33 | ERROR    | FAIL | row=0 field=activity_output | cannot access local variable 'selected_output' where it is not associated with a value
2026-07-07 14:59:33 | WARNING  | row 0 attempt 1 FAIL: [activity_output] cannot access local variable 'selected_output' where it is not associated with a value
2026-07-07 14:59:40 | DEBUG    | row=0: watchId spinner finished, checkboxes should be loaded
2026-07-07 14:59:40 | DEBUG    | row=0 pdi: #checkboxes not visible, attempting to open
2026-07-07 14:59:40 | DEBUG    | row=0 pdi: requested (1): ['Neonatal mortality rate (per 1,000 live births)']
2026-07-07 14:59:40 | DEBUG    | row=0 pdi: found 12 checkbox inputs in panel
2026-07-07 14:59:40 | DEBUG    | row=0 pdi: skipping invalid checkbox: value=0 label='None'
2026-07-07 14:59:40 | DEBUG    | row=0 pdi: available checkbox id=missionAdId1 value=218 label='Whether the nurseries created in the school in the GP' enabled=True checked=False
2026-07-07 14:59:40 | DEBUG    | row=0 pdi: available checkbox id=missionAdId2 value=45 label='Neonatal mortality rate (per 1,000 live births)' enabled=True checked=False
2026-07-07 14:59:40 | DEBUG    | row=0 pdi: available checkbox id=missionAdId3 value=200 label='Percentage of household using clean cooking fuel' enabled=True checked=False
2026-07-07 14:59:40 | DEBUG    | row=0 pdi: available checkbox id=missionAdId4 value=540 label='Proportion of women (aged 30-49) screened under the Non Communicable Disease (NCD) programme for cervical/breast cancer' enabled=True checked=False
2026-07-07 14:59:40 | DEBUG    | row=0 pdi: available checkbox id=missionAdId5 value=60 label='Total GP spending on Health to the total expenditure' enabled=True checked=False
2026-07-07 14:59:40 | DEBUG    | row=0 pdi: skipping invalid checkbox: value=0 label='None'
2026-07-07 14:59:40 | DEBUG    | row=0 pdi: available checkbox id=missionAdId1 value=218 label='Whether the nurseries created in the school in the GP' enabled=True checked=False
2026-07-07 14:59:40 | DEBUG    | row=0 pdi: duplicate label instance ignored to preserve canonical checkbox: 'Whether the nurseries created in the school in the GP' id=missionAdId1
2026-07-07 14:59:40 | DEBUG    | row=0 pdi: available checkbox id=missionAdId2 value=45 label='Neonatal mortality rate (per 1,000 live births)' enabled=True checked=False
2026-07-07 14:59:40 | DEBUG    | row=0 pdi: duplicate label instance ignored to preserve canonical checkbox: 'Neonatal mortality rate (per 1,000 live births)' id=missionAdId2
2026-07-07 14:59:40 | DEBUG    | row=0 pdi: available checkbox id=missionAdId3 value=200 label='Percentage of household using clean cooking fuel' enabled=True checked=False
2026-07-07 14:59:40 | DEBUG    | row=0 pdi: duplicate label instance ignored to preserve canonical checkbox: 'Percentage of household using clean cooking fuel' id=missionAdId3
2026-07-07 14:59:40 | DEBUG    | row=0 pdi: available checkbox id=missionAdId4 value=540 label='Proportion of women (aged 30-49) screened under the Non Communicable Disease (NCD) programme for cervical/breast cancer' enabled=True checked=False
2026-07-07 14:59:40 | DEBUG    | row=0 pdi: duplicate label instance ignored to preserve canonical checkbox: 'Proportion of women (aged 30-49) screened under the Non Communicable Disease (NCD) programme for cervical/breast cancer' id=missionAdId4
2026-07-07 14:59:40 | DEBUG    | row=0 pdi: available checkbox id=missionAdId5 value=60 label='Total GP spending on Health to the total expenditure' enabled=True checked=False
2026-07-07 14:59:40 | DEBUG    | row=0 pdi: duplicate label instance ignored to preserve canonical checkbox: 'Total GP spending on Health to the total expenditure' id=missionAdId5
2026-07-07 14:59:40 | DEBUG    | row=0 pdi: clicking checkbox id=missionAdId2 value=45 label='Neonatal mortality rate (per 1,000 live births)'
2026-07-07 14:59:41 | DEBUG    | row=0 pdi: after click - is_selected=True dom_checked=True for 'Neonatal mortality rate (per 1,000 live births)'
2026-07-07 14:59:41 | DEBUG    | row=0 pdi: total selected indicators: 1
2026-07-07 14:59:41 | INFO     | row=0 pdi: selection complete
2026-07-07 14:59:41 | DEBUG    | row=0 pdi: duplicate label counts={'whether the nurseries created in the school in the gp': 2, 'neonatal mortality rate (per 1,000 live births)': 2, 'percentage of household using clean cooking fuel': 2, 'proportion of women (aged 30-49) screened under the non communicable disease (ncd) programme for cervical/breast cancer': 2, 'total gp spending on health to the total expenditure': 2}
2026-07-07 14:59:41 | DEBUG    | row=0 pdi: portal_diagnostic={'missionAdStatus': True, 'byId': {'missionAdId0': [{'checked': False, 'value': '0', 'name': 'missionAntodayaDet[0].maCode', 'disabled': True}, {'checked': False, 'value': '0', 'name': 'missionAntodayaDet[0].maCode', 'disabled': False}], 'missionAdId1': [{'checked': False, 'value': '218', 'name': 'missionAntodayaDet[1].maCode', 'disabled': False}, {'checked': False, 'value': '218', 'name': 'missionAntodayaDet[1].maCode', 'disabled': False}], 'missionAdId2': [{'checked': True, 'value': '45', 'name': 'missionAntodayaDet[2].maCode', 'disabled': False}, {'checked': False, 'value': '45', 'name': 'missionAntodayaDet[2].maCode', 'disabled': False}], 'missionAdId3': [{'checked': False, 'value': '200', 'name': 'missionAntodayaDet[3].maCode', 'disabled': False}, {'checked': False, 'value': '200', 'name': 'missionAntodayaDet[3].maCode', 'disabled': False}], 'missionAdId4': [{'checked': False, 'value': '540', 'name': 'missionAntodayaDet[4].maCode', 'disabled': False}, {'checked': False, 'value': '540', 'name': 'missionAntodayaDet[4].maCode', 'disabled': False}], 'missionAdId5': [{'checked': False, 'value': '60', 'name': 'missionAntodayaDet[5].maCode', 'disabled': False}, {'checked': False, 'value': '60', 'name': 'missionAntodayaDet[5].maCode', 'disabled': False}]}, 'visibleError': False}
2026-07-07 14:59:41 | DEBUG    | row=0 targeted_populace: requested indicators (1): ['All']
2026-07-07 14:59:41 | DEBUG    | row=0 targeted_populace: found 1 total labels in panel
2026-07-07 14:59:41 | DEBUG    | row=0 targeted_populace: checkbox 'All' enabled=True checked=False
2026-07-07 14:59:41 | DEBUG    | row=0 targeted_populace: clicking checkbox: 'All'
2026-07-07 14:59:42 | DEBUG    | row=0 targeted_populace: checkbox selected successfully: 'All'
2026-07-07 14:59:42 | WARNING  | row=0 field=start_month non-fatal 'March' not found in #startMonthId. Available (9): ['April', 'May', 'June', 'July', 'August', 'September', 'October', 'November', 'December']
2026-07-07 14:59:42 | ERROR    | FAIL | row=0 field=start_month | 'March' not found in #startMonthId. Available (9): ['April', 'May', 'June', 'July', 'August', 'September', 'October', 'November', 'December']
2026-07-07 14:59:42 | DEBUG    | row=0: total indicative cost calculated as: 0
2026-07-07 14:59:42 | DEBUG    | row=0: Supported Department - requesting: 'Department of Food & Public Distribution'
2026-07-07 14:59:42 | DEBUG    | row=0: Waiting for supported_department options to populate
2026-07-07 14:59:42 | DEBUG    | row=0: supported_department options available: 1 options
2026-07-07 14:59:42 | DEBUG    | row=0: supported_department options=[{'value': '5', 'text': 'Ministry of MSME'}]
2026-07-07 14:59:42 | WARNING  | row=0: supported_department option not found: Supported Department option not found: Department of Food & Public Distribution
2026-07-07 14:59:42 | WARNING  | row=0 field=select_supported_department non-fatal Supported Department option not found: Department of Food & Public Distribution
2026-07-07 14:59:43 | ERROR    | FAIL | row=0 field=select_supported_department | Supported Department option not found: Department of Food & Public Distribution
2026-07-07 14:59:43 | DEBUG    | row=0: estimated total cost section not visible
2026-07-07 14:59:43 | WARNING  | row=0 activity_output_popup cannot access local variable 'selected_output' where it is not associated with a value
2026-07-07 14:59:43 | ERROR    | FAIL | row=0 field=activity_output | cannot access local variable 'selected_output' where it is not associated with a value
2026-07-07 14:59:43 | WARNING  | row 0 attempt 2 FAIL: [activity_output] cannot access local variable 'selected_output' where it is not associated with a value
2026-07-07 14:59:48 | DEBUG    | row=0: watchId spinner finished, checkboxes should be loaded
2026-07-07 14:59:49 | DEBUG    | row=0 pdi: #checkboxes not visible, attempting to open
2026-07-07 14:59:49 | DEBUG    | row=0 pdi: requested (1): ['Neonatal mortality rate (per 1,000 live births)']
2026-07-07 14:59:49 | DEBUG    | row=0 pdi: found 12 checkbox inputs in panel
2026-07-07 14:59:49 | DEBUG    | row=0 pdi: skipping invalid checkbox: value=0 label='None'
2026-07-07 14:59:49 | DEBUG    | row=0 pdi: available checkbox id=missionAdId1 value=218 label='Whether the nurseries created in the school in the GP' enabled=True checked=False
2026-07-07 14:59:49 | DEBUG    | row=0 pdi: available checkbox id=missionAdId2 value=45 label='Neonatal mortality rate (per 1,000 live births)' enabled=True checked=False
2026-07-07 14:59:49 | DEBUG    | row=0 pdi: available checkbox id=missionAdId3 value=200 label='Percentage of household using clean cooking fuel' enabled=True checked=False
2026-07-07 14:59:49 | DEBUG    | row=0 pdi: available checkbox id=missionAdId4 value=540 label='Proportion of women (aged 30-49) screened under the Non Communicable Disease (NCD) programme for cervical/breast cancer' enabled=True checked=False
2026-07-07 14:59:49 | DEBUG    | row=0 pdi: available checkbox id=missionAdId5 value=60 label='Total GP spending on Health to the total expenditure' enabled=True checked=False
2026-07-07 14:59:49 | DEBUG    | row=0 pdi: skipping invalid checkbox: value=0 label='None'
2026-07-07 14:59:49 | DEBUG    | row=0 pdi: available checkbox id=missionAdId1 value=218 label='Whether the nurseries created in the school in the GP' enabled=True checked=False
2026-07-07 14:59:49 | DEBUG    | row=0 pdi: duplicate label instance ignored to preserve canonical checkbox: 'Whether the nurseries created in the school in the GP' id=missionAdId1
2026-07-07 14:59:49 | DEBUG    | row=0 pdi: available checkbox id=missionAdId2 value=45 label='Neonatal mortality rate (per 1,000 live births)' enabled=True checked=False
2026-07-07 14:59:49 | DEBUG    | row=0 pdi: duplicate label instance ignored to preserve canonical checkbox: 'Neonatal mortality rate (per 1,000 live births)' id=missionAdId2
2026-07-07 14:59:49 | DEBUG    | row=0 pdi: available checkbox id=missionAdId3 value=200 label='Percentage of household using clean cooking fuel' enabled=True checked=False
2026-07-07 14:59:49 | DEBUG    | row=0 pdi: duplicate label instance ignored to preserve canonical checkbox: 'Percentage of household using clean cooking fuel' id=missionAdId3
2026-07-07 14:59:49 | DEBUG    | row=0 pdi: available checkbox id=missionAdId4 value=540 label='Proportion of women (aged 30-49) screened under the Non Communicable Disease (NCD) programme for cervical/breast cancer' enabled=True checked=False
2026-07-07 14:59:49 | DEBUG    | row=0 pdi: duplicate label instance ignored to preserve canonical checkbox: 'Proportion of women (aged 30-49) screened under the Non Communicable Disease (NCD) programme for cervical/breast cancer' id=missionAdId4
2026-07-07 14:59:49 | DEBUG    | row=0 pdi: available checkbox id=missionAdId5 value=60 label='Total GP spending on Health to the total expenditure' enabled=True checked=False
2026-07-07 14:59:49 | DEBUG    | row=0 pdi: duplicate label instance ignored to preserve canonical checkbox: 'Total GP spending on Health to the total expenditure' id=missionAdId5
2026-07-07 14:59:49 | DEBUG    | row=0 pdi: clicking checkbox id=missionAdId2 value=45 label='Neonatal mortality rate (per 1,000 live births)'
2026-07-07 14:59:50 | DEBUG    | row=0 pdi: after click - is_selected=True dom_checked=True for 'Neonatal mortality rate (per 1,000 live births)'
2026-07-07 14:59:50 | DEBUG    | row=0 pdi: total selected indicators: 1
2026-07-07 14:59:50 | INFO     | row=0 pdi: selection complete
2026-07-07 14:59:50 | DEBUG    | row=0 pdi: duplicate label counts={'whether the nurseries created in the school in the gp': 2, 'neonatal mortality rate (per 1,000 live births)': 2, 'percentage of household using clean cooking fuel': 2, 'proportion of women (aged 30-49) screened under the non communicable disease (ncd) programme for cervical/breast cancer': 2, 'total gp spending on health to the total expenditure': 2}
2026-07-07 14:59:50 | DEBUG    | row=0 pdi: portal_diagnostic={'missionAdStatus': True, 'byId': {'missionAdId0': [{'checked': False, 'value': '0', 'name': 'missionAntodayaDet[0].maCode', 'disabled': True}, {'checked': False, 'value': '0', 'name': 'missionAntodayaDet[0].maCode', 'disabled': False}], 'missionAdId1': [{'checked': False, 'value': '218', 'name': 'missionAntodayaDet[1].maCode', 'disabled': False}, {'checked': False, 'value': '218', 'name': 'missionAntodayaDet[1].maCode', 'disabled': False}], 'missionAdId2': [{'checked': True, 'value': '45', 'name': 'missionAntodayaDet[2].maCode', 'disabled': False}, {'checked': False, 'value': '45', 'name': 'missionAntodayaDet[2].maCode', 'disabled': False}], 'missionAdId3': [{'checked': False, 'value': '200', 'name': 'missionAntodayaDet[3].maCode', 'disabled': False}, {'checked': False, 'value': '200', 'name': 'missionAntodayaDet[3].maCode', 'disabled': False}], 'missionAdId4': [{'checked': False, 'value': '540', 'name': 'missionAntodayaDet[4].maCode', 'disabled': False}, {'checked': False, 'value': '540', 'name': 'missionAntodayaDet[4].maCode', 'disabled': False}], 'missionAdId5': [{'checked': False, 'value': '60', 'name': 'missionAntodayaDet[5].maCode', 'disabled': False}, {'checked': False, 'value': '60', 'name': 'missionAntodayaDet[5].maCode', 'disabled': False}]}, 'visibleError': False}
2026-07-07 14:59:50 | DEBUG    | row=0 targeted_populace: requested indicators (1): ['All']
2026-07-07 14:59:50 | DEBUG    | row=0 targeted_populace: found 1 total labels in panel
2026-07-07 14:59:50 | DEBUG    | row=0 targeted_populace: checkbox 'All' enabled=True checked=False
2026-07-07 14:59:50 | DEBUG    | row=0 targeted_populace: clicking checkbox: 'All'
2026-07-07 14:59:50 | DEBUG    | row=0 targeted_populace: checkbox selected successfully: 'All'
2026-07-07 14:59:51 | DEBUG    | row=0: total indicative cost calculated as: 0
2026-07-07 14:59:51 | DEBUG    | row=0: Supported Department - requesting: 'Department of Food & Public Distribution'
2026-07-07 14:59:51 | DEBUG    | row=0: Waiting for supported_department options to populate
2026-07-07 14:59:51 | DEBUG    | row=0: supported_department options available: 1 options
2026-07-07 14:59:51 | DEBUG    | row=0: supported_department options=[{'value': '5', 'text': 'Ministry of MSME'}]
2026-07-07 14:59:51 | WARNING  | row=0: supported_department option not found: Supported Department option not found: Department of Food & Public Distribution
2026-07-07 14:59:51 | WARNING  | row=0 field=select_supported_department non-fatal Supported Department option not found: Department of Food & Public Distribution
2026-07-07 14:59:51 | ERROR    | FAIL | row=0 field=select_supported_department | Supported Department option not found: Department of Food & Public Distribution
2026-07-07 14:59:51 | DEBUG    | row=0: estimated total cost section not visible
2026-07-07 14:59:51 | WARNING  | row=0 activity_output_popup cannot access local variable 'selected_output' where it is not associated with a value
2026-07-07 14:59:51 | ERROR    | FAIL | row=0 field=activity_output | cannot access local variable 'selected_output' where it is not associated with a value
2026-07-07 14:59:51 | WARNING  | row 0 attempt 3 FAIL: [activity_output] cannot access local variable 'selected_output' where it is not associated with a value
2026-07-07 14:59:52 | ERROR    | row 0 FAILED after all retries
2026-07-07 14:59:52 | INFO     | DONE 93s total=1 success=0 failed=1 rate=0.0%
2026-07-07 15:02:48 | INFO     | ============================================================
2026-07-07 15:02:48 | INFO     | eGramSwaraj Bot START (v5)
2026-07-07 15:02:48 | INFO     | ============================================================
2026-07-07 15:02:48 | INFO     | rows: total=1 done=0 pending=1
2026-07-07 15:02:54 | INFO     | Waiting for manual login -> addactivity.htm ...
2026-07-07 15:03:55 | INFO     | Form ready at: https://egramswaraj.gov.in/addactivity.htm
2026-07-07 15:04:00 | INFO     | -- row 0 | Awareness camp on behavioural issues of Mission LiFE
2026-07-07 15:04:03 | DEBUG    | row=0: watchId spinner finished, checkboxes should be loaded
2026-07-07 15:04:03 | DEBUG    | row=0 pdi: #checkboxes not visible, attempting to open
2026-07-07 15:04:03 | DEBUG    | row=0 pdi: requested (1): ['Neonatal mortality rate (per 1,000 live births)']
2026-07-07 15:04:03 | DEBUG    | row=0 pdi: found 6 checkbox inputs in panel
2026-07-07 15:04:03 | DEBUG    | row=0 pdi: skipping invalid checkbox: value=0 label='None'
2026-07-07 15:04:03 | DEBUG    | row=0 pdi: available checkbox id=missionAdId1 value=218 label='Whether the nurseries created in the school in the GP' enabled=True checked=False
2026-07-07 15:04:03 | DEBUG    | row=0 pdi: available checkbox id=missionAdId2 value=45 label='Neonatal mortality rate (per 1,000 live births)' enabled=True checked=False
2026-07-07 15:04:03 | DEBUG    | row=0 pdi: available checkbox id=missionAdId3 value=200 label='Percentage of household using clean cooking fuel' enabled=True checked=False
2026-07-07 15:04:03 | DEBUG    | row=0 pdi: available checkbox id=missionAdId4 value=540 label='Proportion of women (aged 30-49) screened under the Non Communicable Disease (NCD) programme for cervical/breast cancer' enabled=True checked=False
2026-07-07 15:04:04 | DEBUG    | row=0 pdi: available checkbox id=missionAdId5 value=60 label='Total GP spending on Health to the total expenditure' enabled=True checked=False
2026-07-07 15:04:04 | DEBUG    | row=0 pdi: clicking checkbox id=missionAdId2 value=45 label='Neonatal mortality rate (per 1,000 live births)'
2026-07-07 15:04:04 | DEBUG    | row=0 pdi: after click - is_selected=True dom_checked=True for 'Neonatal mortality rate (per 1,000 live births)'
2026-07-07 15:04:04 | DEBUG    | row=0 pdi: total selected indicators: 1
2026-07-07 15:04:04 | INFO     | row=0 pdi: selection complete
2026-07-07 15:04:04 | DEBUG    | row=0 pdi: portal_diagnostic={'missionAdStatus': True, 'byId': {'missionAdId0': [{'checked': False, 'value': '0', 'name': 'missionAntodayaDet[0].maCode', 'disabled': True}], 'missionAdId1': [{'checked': False, 'value': '218', 'name': 'missionAntodayaDet[1].maCode', 'disabled': False}], 'missionAdId2': [{'checked': True, 'value': '45', 'name': 'missionAntodayaDet[2].maCode', 'disabled': False}], 'missionAdId3': [{'checked': False, 'value': '200', 'name': 'missionAntodayaDet[3].maCode', 'disabled': False}], 'missionAdId4': [{'checked': False, 'value': '540', 'name': 'missionAntodayaDet[4].maCode', 'disabled': False}], 'missionAdId5': [{'checked': False, 'value': '60', 'name': 'missionAntodayaDet[5].maCode', 'disabled': False}]}, 'visibleError': False}
2026-07-07 15:04:04 | DEBUG    | row=0 targeted_populace: requested indicators (1): ['All']
2026-07-07 15:04:04 | DEBUG    | row=0 targeted_populace: found 1 total labels in panel
2026-07-07 15:04:04 | DEBUG    | row=0 targeted_populace: checkbox 'All' enabled=True checked=False
2026-07-07 15:04:04 | DEBUG    | row=0 targeted_populace: clicking checkbox: 'All'
2026-07-07 15:04:04 | DEBUG    | row=0 targeted_populace: checkbox selected successfully: 'All'
2026-07-07 15:04:05 | WARNING  | row=0 field=start_month non-fatal 'March' not found in #startMonthId. Available (9): ['April', 'May', 'June', 'July', 'August', 'September', 'October', 'November', 'December']
2026-07-07 15:04:05 | ERROR    | FAIL | row=0 field=start_month | 'March' not found in #startMonthId. Available (9): ['April', 'May', 'June', 'July', 'August', 'September', 'October', 'November', 'December']
2026-07-07 15:04:05 | DEBUG    | row=0: total indicative cost calculated as: 0
2026-07-07 15:04:05 | DEBUG    | row=0: Supported Department - requesting: 'Department of Food & Public Distribution'
2026-07-07 15:04:05 | DEBUG    | row=0: Waiting for supported_department options to populate
2026-07-07 15:04:05 | DEBUG    | row=0: supported_department options available: 1 options
2026-07-07 15:04:06 | DEBUG    | row=0: supported_department options=[{'value': '5', 'text': 'Ministry of MSME'}]
2026-07-07 15:04:06 | WARNING  | row=0: supported_department option not found: Supported Department option not found: Department of Food & Public Distribution
2026-07-07 15:04:06 | WARNING  | row=0 field=select_supported_department non-fatal Supported Department option not found: Department of Food & Public Distribution
2026-07-07 15:04:06 | ERROR    | FAIL | row=0 field=select_supported_department | Supported Department option not found: Department of Food & Public Distribution
2026-07-07 15:04:06 | DEBUG    | row=0: estimated total cost section not visible
2026-07-07 15:04:06 | DEBUG    | row=0 activity_output: requested='Training/Capacity Building' normalized='training' diagnostics=[{'id': 'outputActvityAstId101', 'name': 'outputTyp', 'value': '', 'visible': True, 'enabled': False, 'checked': False, 'label': 'Asset'}, {'id': 'outputActvityAstId102', 'name': 'outputTyp', 'value': '', 'visible': True, 'enabled': True, 'checked': False, 'label': 'Training/Capacity Building'}, {'id': 'outputActvityAstId103', 'name': 'outputTyp', 'value': '', 'visible': True, 'enabled': True, 'checked': False, 'label': 'Community Service'}, {'id': 'outputActvityAstId109', 'name': 'outputTyp', 'value': '', 'visible': True, 'enabled': True, 'checked': False, 'label': 'Beneficiaries'}, {'id': 'outputActvityAstId110', 'name': 'outputTyp', 'value': '', 'visible': True, 'enabled': False, 'checked': False, 'label': 'VPRP Beneficiaries'}]
2026-07-07 15:04:06 | DEBUG    | [ACT-0001] pre_training_validation_state={'checked': [{'id': 'missionAdId2', 'value': '45', 'name': 'missionAntodayaDet[2].maCode'}], 'activityMAErrorVisible': False, 'outputAreaVisible': True}
2026-07-07 15:04:06 | INFO     | [ACT-0001] Activity Output detail record found
2026-07-07 15:04:06 | INFO     | [ACT-0001] Activity Output: Training/Capacity Building
2026-07-07 15:04:06 | INFO     | [ACT-0001] Handler: TrainingOutputHandler
2026-07-07 15:04:06 | INFO     | [ACT-0001] Detail Sheet: Training
2026-07-07 15:04:06 | INFO     | [ACT-0001] Radio: outputActvityAstId102
2026-07-07 15:04:21 | WARNING  | row=0 activity_output_popup Training modal did not open: showTrainingDetailsPopup
2026-07-07 15:04:21 | ERROR    | FAIL | row=0 field=activity_output | Training modal did not open: showTrainingDetailsPopup
2026-07-07 15:04:21 | WARNING  | row 0 attempt 1 FAIL: [activity_output] Training modal did not open: showTrainingDetailsPopup
2026-07-07 15:04:27 | DEBUG    | row=0: watchId spinner finished, checkboxes should be loaded
2026-07-07 15:04:27 | DEBUG    | row=0 pdi: #checkboxes not visible, attempting to open
2026-07-07 15:04:27 | DEBUG    | row=0 pdi: requested (1): ['Neonatal mortality rate (per 1,000 live births)']
2026-07-07 15:04:27 | DEBUG    | row=0 pdi: found 12 checkbox inputs in panel
2026-07-07 15:04:27 | DEBUG    | row=0 pdi: skipping invalid checkbox: value=0 label='None'
2026-07-07 15:04:27 | DEBUG    | row=0 pdi: available checkbox id=missionAdId1 value=218 label='Whether the nurseries created in the school in the GP' enabled=True checked=False
2026-07-07 15:04:27 | DEBUG    | row=0 pdi: available checkbox id=missionAdId2 value=45 label='Neonatal mortality rate (per 1,000 live births)' enabled=True checked=False
2026-07-07 15:04:27 | DEBUG    | row=0 pdi: available checkbox id=missionAdId3 value=200 label='Percentage of household using clean cooking fuel' enabled=True checked=False
2026-07-07 15:04:27 | DEBUG    | row=0 pdi: available checkbox id=missionAdId4 value=540 label='Proportion of women (aged 30-49) screened under the Non Communicable Disease (NCD) programme for cervical/breast cancer' enabled=True checked=False
2026-07-07 15:04:27 | DEBUG    | row=0 pdi: available checkbox id=missionAdId5 value=60 label='Total GP spending on Health to the total expenditure' enabled=True checked=False
2026-07-07 15:04:28 | DEBUG    | row=0 pdi: skipping invalid checkbox: value=0 label='None'
2026-07-07 15:04:28 | DEBUG    | row=0 pdi: available checkbox id=missionAdId1 value=218 label='Whether the nurseries created in the school in the GP' enabled=True checked=False
2026-07-07 15:04:28 | DEBUG    | row=0 pdi: duplicate label instance ignored to preserve canonical checkbox: 'Whether the nurseries created in the school in the GP' id=missionAdId1
2026-07-07 15:04:28 | DEBUG    | row=0 pdi: available checkbox id=missionAdId2 value=45 label='Neonatal mortality rate (per 1,000 live births)' enabled=True checked=False
2026-07-07 15:04:28 | DEBUG    | row=0 pdi: duplicate label instance ignored to preserve canonical checkbox: 'Neonatal mortality rate (per 1,000 live births)' id=missionAdId2
2026-07-07 15:04:28 | DEBUG    | row=0 pdi: available checkbox id=missionAdId3 value=200 label='Percentage of household using clean cooking fuel' enabled=True checked=False
2026-07-07 15:04:28 | DEBUG    | row=0 pdi: duplicate label instance ignored to preserve canonical checkbox: 'Percentage of household using clean cooking fuel' id=missionAdId3
2026-07-07 15:04:28 | DEBUG    | row=0 pdi: available checkbox id=missionAdId4 value=540 label='Proportion of women (aged 30-49) screened under the Non Communicable Disease (NCD) programme for cervical/breast cancer' enabled=True checked=False
2026-07-07 15:04:28 | DEBUG    | row=0 pdi: duplicate label instance ignored to preserve canonical checkbox: 'Proportion of women (aged 30-49) screened under the Non Communicable Disease (NCD) programme for cervical/breast cancer' id=missionAdId4
2026-07-07 15:04:28 | DEBUG    | row=0 pdi: available checkbox id=missionAdId5 value=60 label='Total GP spending on Health to the total expenditure' enabled=True checked=False
2026-07-07 15:04:28 | DEBUG    | row=0 pdi: duplicate label instance ignored to preserve canonical checkbox: 'Total GP spending on Health to the total expenditure' id=missionAdId5
2026-07-07 15:04:28 | DEBUG    | row=0 pdi: clicking checkbox id=missionAdId2 value=45 label='Neonatal mortality rate (per 1,000 live births)'
2026-07-07 15:04:28 | DEBUG    | row=0 pdi: after click - is_selected=True dom_checked=True for 'Neonatal mortality rate (per 1,000 live births)'
2026-07-07 15:04:28 | DEBUG    | row=0 pdi: total selected indicators: 1
2026-07-07 15:04:28 | INFO     | row=0 pdi: selection complete
2026-07-07 15:04:28 | DEBUG    | row=0 pdi: duplicate label counts={'whether the nurseries created in the school in the gp': 2, 'neonatal mortality rate (per 1,000 live births)': 2, 'percentage of household using clean cooking fuel': 2, 'proportion of women (aged 30-49) screened under the non communicable disease (ncd) programme for cervical/breast cancer': 2, 'total gp spending on health to the total expenditure': 2}
2026-07-07 15:04:28 | DEBUG    | row=0 pdi: portal_diagnostic={'missionAdStatus': True, 'byId': {'missionAdId0': [{'checked': False, 'value': '0', 'name': 'missionAntodayaDet[0].maCode', 'disabled': True}, {'checked': False, 'value': '0', 'name': 'missionAntodayaDet[0].maCode', 'disabled': False}], 'missionAdId1': [{'checked': False, 'value': '218', 'name': 'missionAntodayaDet[1].maCode', 'disabled': False}, {'checked': False, 'value': '218', 'name': 'missionAntodayaDet[1].maCode', 'disabled': False}], 'missionAdId2': [{'checked': True, 'value': '45', 'name': 'missionAntodayaDet[2].maCode', 'disabled': False}, {'checked': False, 'value': '45', 'name': 'missionAntodayaDet[2].maCode', 'disabled': False}], 'missionAdId3': [{'checked': False, 'value': '200', 'name': 'missionAntodayaDet[3].maCode', 'disabled': False}, {'checked': False, 'value': '200', 'name': 'missionAntodayaDet[3].maCode', 'disabled': False}], 'missionAdId4': [{'checked': False, 'value': '540', 'name': 'missionAntodayaDet[4].maCode', 'disabled': False}, {'checked': False, 'value': '540', 'name': 'missionAntodayaDet[4].maCode', 'disabled': False}], 'missionAdId5': [{'checked': False, 'value': '60', 'name': 'missionAntodayaDet[5].maCode', 'disabled': False}, {'checked': False, 'value': '60', 'name': 'missionAntodayaDet[5].maCode', 'disabled': False}]}, 'visibleError': False}
2026-07-07 15:04:28 | DEBUG    | row=0 targeted_populace: requested indicators (1): ['All']
2026-07-07 15:04:28 | DEBUG    | row=0 targeted_populace: found 1 total labels in panel
2026-07-07 15:04:28 | DEBUG    | row=0 targeted_populace: checkbox 'All' enabled=True checked=False
2026-07-07 15:04:28 | DEBUG    | row=0 targeted_populace: clicking checkbox: 'All'
2026-07-07 15:04:29 | DEBUG    | row=0 targeted_populace: checkbox selected successfully: 'All'
2026-07-07 15:04:29 | DEBUG    | row=0: total indicative cost calculated as: 0
2026-07-07 15:04:29 | DEBUG    | row=0: Supported Department - requesting: 'Department of Food & Public Distribution'
2026-07-07 15:04:29 | DEBUG    | row=0: Waiting for supported_department options to populate
2026-07-07 15:04:29 | DEBUG    | row=0: supported_department options available: 1 options
2026-07-07 15:04:29 | DEBUG    | row=0: supported_department options=[{'value': '5', 'text': 'Ministry of MSME'}]
2026-07-07 15:04:29 | WARNING  | row=0: supported_department option not found: Supported Department option not found: Department of Food & Public Distribution
2026-07-07 15:04:29 | WARNING  | row=0 field=select_supported_department non-fatal Supported Department option not found: Department of Food & Public Distribution
2026-07-07 15:04:30 | ERROR    | FAIL | row=0 field=select_supported_department | Supported Department option not found: Department of Food & Public Distribution
2026-07-07 15:04:30 | DEBUG    | row=0: estimated total cost section not visible
2026-07-07 15:04:30 | DEBUG    | row=0 activity_output: requested='Training/Capacity Building' normalized='training' diagnostics=[{'id': 'outputActvityAstId101', 'name': 'outputTyp', 'value': '', 'visible': True, 'enabled': False, 'checked': False, 'label': 'Asset'}, {'id': 'outputActvityAstId102', 'name': 'outputTyp', 'value': '', 'visible': True, 'enabled': True, 'checked': False, 'label': 'Training/Capacity Building'}, {'id': 'outputActvityAstId103', 'name': 'outputTyp', 'value': '', 'visible': True, 'enabled': True, 'checked': False, 'label': 'Community Service'}, {'id': 'outputActvityAstId109', 'name': 'outputTyp', 'value': '', 'visible': True, 'enabled': True, 'checked': False, 'label': 'Beneficiaries'}, {'id': 'outputActvityAstId110', 'name': 'outputTyp', 'value': '', 'visible': True, 'enabled': False, 'checked': False, 'label': 'VPRP Beneficiaries'}]
2026-07-07 15:04:30 | DEBUG    | [ACT-0001] pre_training_validation_state={'checked': [{'id': 'missionAdId2', 'value': '45', 'name': 'missionAntodayaDet[2].maCode'}], 'activityMAErrorVisible': False, 'outputAreaVisible': True}
2026-07-07 15:04:30 | INFO     | [ACT-0001] Activity Output detail record found
2026-07-07 15:04:30 | INFO     | [ACT-0001] Activity Output: Training/Capacity Building
2026-07-07 15:04:30 | INFO     | [ACT-0001] Handler: TrainingOutputHandler
2026-07-07 15:04:30 | INFO     | [ACT-0001] Detail Sheet: Training
2026-07-07 15:04:30 | INFO     | [ACT-0001] Radio: outputActvityAstId102
2026-07-07 15:04:45 | WARNING  | row=0 activity_output_popup Training modal did not open: showTrainingDetailsPopup
2026-07-07 15:04:45 | ERROR    | FAIL | row=0 field=activity_output | Training modal did not open: showTrainingDetailsPopup
2026-07-07 15:04:45 | WARNING  | row 0 attempt 2 FAIL: [activity_output] Training modal did not open: showTrainingDetailsPopup
2026-07-07 15:04:51 | DEBUG    | row=0: watchId spinner finished, checkboxes should be loaded
2026-07-07 15:04:51 | DEBUG    | row=0 pdi: #checkboxes not visible, attempting to open
2026-07-07 15:04:51 | DEBUG    | row=0 pdi: requested (1): ['Neonatal mortality rate (per 1,000 live births)']
2026-07-07 15:04:51 | DEBUG    | row=0 pdi: found 12 checkbox inputs in panel
2026-07-07 15:04:51 | DEBUG    | row=0 pdi: skipping invalid checkbox: value=0 label='None'
2026-07-07 15:04:51 | DEBUG    | row=0 pdi: available checkbox id=missionAdId1 value=218 label='Whether the nurseries created in the school in the GP' enabled=True checked=False
2026-07-07 15:04:51 | DEBUG    | row=0 pdi: available checkbox id=missionAdId2 value=45 label='Neonatal mortality rate (per 1,000 live births)' enabled=True checked=False
2026-07-07 15:04:51 | DEBUG    | row=0 pdi: available checkbox id=missionAdId3 value=200 label='Percentage of household using clean cooking fuel' enabled=True checked=False
2026-07-07 15:04:51 | DEBUG    | row=0 pdi: available checkbox id=missionAdId4 value=540 label='Proportion of women (aged 30-49) screened under the Non Communicable Disease (NCD) programme for cervical/breast cancer' enabled=True checked=False
2026-07-07 15:04:51 | DEBUG    | row=0 pdi: available checkbox id=missionAdId5 value=60 label='Total GP spending on Health to the total expenditure' enabled=True checked=False
2026-07-07 15:04:51 | DEBUG    | row=0 pdi: skipping invalid checkbox: value=0 label='None'
2026-07-07 15:04:51 | DEBUG    | row=0 pdi: available checkbox id=missionAdId1 value=218 label='Whether the nurseries created in the school in the GP' enabled=True checked=False
2026-07-07 15:04:51 | DEBUG    | row=0 pdi: duplicate label instance ignored to preserve canonical checkbox: 'Whether the nurseries created in the school in the GP' id=missionAdId1
2026-07-07 15:04:51 | DEBUG    | row=0 pdi: available checkbox id=missionAdId2 value=45 label='Neonatal mortality rate (per 1,000 live births)' enabled=True checked=False
2026-07-07 15:04:51 | DEBUG    | row=0 pdi: duplicate label instance ignored to preserve canonical checkbox: 'Neonatal mortality rate (per 1,000 live births)' id=missionAdId2
2026-07-07 15:04:51 | DEBUG    | row=0 pdi: available checkbox id=missionAdId3 value=200 label='Percentage of household using clean cooking fuel' enabled=True checked=False
2026-07-07 15:04:51 | DEBUG    | row=0 pdi: duplicate label instance ignored to preserve canonical checkbox: 'Percentage of household using clean cooking fuel' id=missionAdId3
2026-07-07 15:04:52 | DEBUG    | row=0 pdi: available checkbox id=missionAdId4 value=540 label='Proportion of women (aged 30-49) screened under the Non Communicable Disease (NCD) programme for cervical/breast cancer' enabled=True checked=False
2026-07-07 15:04:52 | DEBUG    | row=0 pdi: duplicate label instance ignored to preserve canonical checkbox: 'Proportion of women (aged 30-49) screened under the Non Communicable Disease (NCD) programme for cervical/breast cancer' id=missionAdId4
2026-07-07 15:04:52 | DEBUG    | row=0 pdi: available checkbox id=missionAdId5 value=60 label='Total GP spending on Health to the total expenditure' enabled=True checked=False
2026-07-07 15:04:52 | DEBUG    | row=0 pdi: duplicate label instance ignored to preserve canonical checkbox: 'Total GP spending on Health to the total expenditure' id=missionAdId5
2026-07-07 15:04:52 | DEBUG    | row=0 pdi: clicking checkbox id=missionAdId2 value=45 label='Neonatal mortality rate (per 1,000 live births)'
2026-07-07 15:04:52 | DEBUG    | row=0 pdi: after click - is_selected=True dom_checked=True for 'Neonatal mortality rate (per 1,000 live births)'
2026-07-07 15:04:52 | DEBUG    | row=0 pdi: total selected indicators: 1
2026-07-07 15:04:52 | INFO     | row=0 pdi: selection complete
2026-07-07 15:04:52 | DEBUG    | row=0 pdi: duplicate label counts={'whether the nurseries created in the school in the gp': 2, 'neonatal mortality rate (per 1,000 live births)': 2, 'percentage of household using clean cooking fuel': 2, 'proportion of women (aged 30-49) screened under the non communicable disease (ncd) programme for cervical/breast cancer': 2, 'total gp spending on health to the total expenditure': 2}
2026-07-07 15:04:52 | DEBUG    | row=0 pdi: portal_diagnostic={'missionAdStatus': True, 'byId': {'missionAdId0': [{'checked': False, 'value': '0', 'name': 'missionAntodayaDet[0].maCode', 'disabled': True}, {'checked': False, 'value': '0', 'name': 'missionAntodayaDet[0].maCode', 'disabled': False}], 'missionAdId1': [{'checked': False, 'value': '218', 'name': 'missionAntodayaDet[1].maCode', 'disabled': False}, {'checked': False, 'value': '218', 'name': 'missionAntodayaDet[1].maCode', 'disabled': False}], 'missionAdId2': [{'checked': True, 'value': '45', 'name': 'missionAntodayaDet[2].maCode', 'disabled': False}, {'checked': False, 'value': '45', 'name': 'missionAntodayaDet[2].maCode', 'disabled': False}], 'missionAdId3': [{'checked': False, 'value': '200', 'name': 'missionAntodayaDet[3].maCode', 'disabled': False}, {'checked': False, 'value': '200', 'name': 'missionAntodayaDet[3].maCode', 'disabled': False}], 'missionAdId4': [{'checked': False, 'value': '540', 'name': 'missionAntodayaDet[4].maCode', 'disabled': False}, {'checked': False, 'value': '540', 'name': 'missionAntodayaDet[4].maCode', 'disabled': False}], 'missionAdId5': [{'checked': False, 'value': '60', 'name': 'missionAntodayaDet[5].maCode', 'disabled': False}, {'checked': False, 'value': '60', 'name': 'missionAntodayaDet[5].maCode', 'disabled': False}]}, 'visibleError': False}
2026-07-07 15:04:52 | DEBUG    | row=0 targeted_populace: requested indicators (1): ['All']
2026-07-07 15:04:52 | DEBUG    | row=0 targeted_populace: found 1 total labels in panel
2026-07-07 15:04:52 | DEBUG    | row=0 targeted_populace: checkbox 'All' enabled=True checked=False
2026-07-07 15:04:52 | DEBUG    | row=0 targeted_populace: clicking checkbox: 'All'
2026-07-07 15:04:52 | DEBUG    | row=0 targeted_populace: checkbox selected successfully: 'All'
2026-07-07 15:04:53 | DEBUG    | row=0: total indicative cost calculated as: 0
2026-07-07 15:04:53 | DEBUG    | row=0: Supported Department - requesting: 'Department of Food & Public Distribution'
2026-07-07 15:04:53 | DEBUG    | row=0: Waiting for supported_department options to populate
2026-07-07 15:04:54 | DEBUG    | row=0: supported_department options available: 1 options
2026-07-07 15:04:54 | DEBUG    | row=0: supported_department options=[{'value': '5', 'text': 'Ministry of MSME'}]
2026-07-07 15:04:54 | WARNING  | row=0: supported_department option not found: Supported Department option not found: Department of Food & Public Distribution
2026-07-07 15:04:54 | WARNING  | row=0 field=select_supported_department non-fatal Supported Department option not found: Department of Food & Public Distribution
2026-07-07 15:04:54 | ERROR    | FAIL | row=0 field=select_supported_department | Supported Department option not found: Department of Food & Public Distribution
2026-07-07 15:04:54 | DEBUG    | row=0: estimated total cost section not visible
2026-07-07 15:04:54 | DEBUG    | row=0 activity_output: requested='Training/Capacity Building' normalized='training' diagnostics=[{'id': 'outputActvityAstId101', 'name': 'outputTyp', 'value': '', 'visible': True, 'enabled': False, 'checked': False, 'label': 'Asset'}, {'id': 'outputActvityAstId102', 'name': 'outputTyp', 'value': '', 'visible': True, 'enabled': True, 'checked': False, 'label': 'Training/Capacity Building'}, {'id': 'outputActvityAstId103', 'name': 'outputTyp', 'value': '', 'visible': True, 'enabled': True, 'checked': False, 'label': 'Community Service'}, {'id': 'outputActvityAstId109', 'name': 'outputTyp', 'value': '', 'visible': True, 'enabled': True, 'checked': False, 'label': 'Beneficiaries'}, {'id': 'outputActvityAstId110', 'name': 'outputTyp', 'value': '', 'visible': True, 'enabled': False, 'checked': False, 'label': 'VPRP Beneficiaries'}]
2026-07-07 15:04:54 | DEBUG    | [ACT-0001] pre_training_validation_state={'checked': [{'id': 'missionAdId2', 'value': '45', 'name': 'missionAntodayaDet[2].maCode'}], 'activityMAErrorVisible': False, 'outputAreaVisible': True}
2026-07-07 15:04:54 | INFO     | [ACT-0001] Activity Output detail record found
2026-07-07 15:04:54 | INFO     | [ACT-0001] Activity Output: Training/Capacity Building
2026-07-07 15:04:54 | INFO     | [ACT-0001] Handler: TrainingOutputHandler
2026-07-07 15:04:54 | INFO     | [ACT-0001] Detail Sheet: Training
2026-07-07 15:04:54 | INFO     | [ACT-0001] Radio: outputActvityAstId102
2026-07-07 15:05:09 | WARNING  | row=0 activity_output_popup Training modal did not open: showTrainingDetailsPopup
2026-07-07 15:05:09 | ERROR    | FAIL | row=0 field=activity_output | Training modal did not open: showTrainingDetailsPopup
2026-07-07 15:05:09 | WARNING  | row 0 attempt 3 FAIL: [activity_output] Training modal did not open: showTrainingDetailsPopup
2026-07-07 15:05:10 | ERROR    | row 0 FAILED after all retries
2026-07-07 15:05:10 | INFO     | DONE 142s total=1 success=0 failed=1 rate=0.0%
2026-07-07 15:10:45 | INFO     | ============================================================
2026-07-07 15:10:45 | INFO     | eGramSwaraj Bot START (v5)
2026-07-07 15:10:45 | INFO     | ============================================================
2026-07-07 15:10:45 | INFO     | rows: total=1 done=0 pending=1
2026-07-07 15:10:50 | INFO     | Waiting for manual login -> addactivity.htm ...
2026-07-07 15:11:43 | INFO     | Form ready at: https://egramswaraj.gov.in/addactivity.htm
2026-07-07 15:11:47 | INFO     | -- row 0 | Awareness camp on behavioural issues of Mission LiFE
2026-07-07 15:11:51 | DEBUG    | row=0: watchId spinner finished, checkboxes should be loaded
2026-07-07 15:11:51 | DEBUG    | row=0 pdi: #checkboxes not visible, attempting to open
2026-07-07 15:11:51 | DEBUG    | row=0 pdi: requested (1): ['Neonatal mortality rate (per 1,000 live births)']
2026-07-07 15:11:51 | DEBUG    | row=0 pdi: found 12 checkbox inputs in panel
2026-07-07 15:11:51 | DEBUG    | row=0 pdi: skipping invalid checkbox: value=0 label='None'
2026-07-07 15:11:51 | DEBUG    | row=0 pdi: available checkbox id=missionAdId1 value=218 label='Whether the nurseries created in the school in the GP' enabled=True checked=False
2026-07-07 15:11:51 | DEBUG    | row=0 pdi: available checkbox id=missionAdId2 value=45 label='Neonatal mortality rate (per 1,000 live births)' enabled=True checked=False
2026-07-07 15:11:51 | DEBUG    | row=0 pdi: available checkbox id=missionAdId3 value=200 label='Percentage of household using clean cooking fuel' enabled=True checked=False
2026-07-07 15:11:51 | DEBUG    | row=0 pdi: available checkbox id=missionAdId4 value=540 label='Proportion of women (aged 30-49) screened under the Non Communicable Disease (NCD) programme for cervical/breast cancer' enabled=True checked=False
2026-07-07 15:11:51 | DEBUG    | row=0 pdi: available checkbox id=missionAdId5 value=60 label='Total GP spending on Health to the total expenditure' enabled=True checked=False
2026-07-07 15:11:51 | DEBUG    | row=0 pdi: skipping invalid checkbox: value=0 label='None'
2026-07-07 15:11:51 | DEBUG    | row=0 pdi: available checkbox id=missionAdId1 value=218 label='Whether the nurseries created in the school in the GP' enabled=True checked=False
2026-07-07 15:11:51 | DEBUG    | row=0 pdi: duplicate label instance ignored to preserve canonical checkbox: 'Whether the nurseries created in the school in the GP' id=missionAdId1
2026-07-07 15:11:51 | DEBUG    | row=0 pdi: available checkbox id=missionAdId2 value=45 label='Neonatal mortality rate (per 1,000 live births)' enabled=True checked=False
2026-07-07 15:11:51 | DEBUG    | row=0 pdi: duplicate label instance ignored to preserve canonical checkbox: 'Neonatal mortality rate (per 1,000 live births)' id=missionAdId2
2026-07-07 15:11:51 | DEBUG    | row=0 pdi: available checkbox id=missionAdId3 value=200 label='Percentage of household using clean cooking fuel' enabled=True checked=False
2026-07-07 15:11:51 | DEBUG    | row=0 pdi: duplicate label instance ignored to preserve canonical checkbox: 'Percentage of household using clean cooking fuel' id=missionAdId3
2026-07-07 15:11:52 | DEBUG    | row=0 pdi: available checkbox id=missionAdId4 value=540 label='Proportion of women (aged 30-49) screened under the Non Communicable Disease (NCD) programme for cervical/breast cancer' enabled=True checked=False
2026-07-07 15:11:52 | DEBUG    | row=0 pdi: duplicate label instance ignored to preserve canonical checkbox: 'Proportion of women (aged 30-49) screened under the Non Communicable Disease (NCD) programme for cervical/breast cancer' id=missionAdId4
2026-07-07 15:11:52 | DEBUG    | row=0 pdi: available checkbox id=missionAdId5 value=60 label='Total GP spending on Health to the total expenditure' enabled=True checked=False
2026-07-07 15:11:52 | DEBUG    | row=0 pdi: duplicate label instance ignored to preserve canonical checkbox: 'Total GP spending on Health to the total expenditure' id=missionAdId5
2026-07-07 15:11:52 | DEBUG    | row=0 pdi: clicking checkbox id=missionAdId2 value=45 label='Neonatal mortality rate (per 1,000 live births)'
2026-07-07 15:11:52 | DEBUG    | row=0 pdi: after click - is_selected=True dom_checked=True for 'Neonatal mortality rate (per 1,000 live births)'
2026-07-07 15:11:52 | DEBUG    | row=0 pdi: total selected indicators: 1
2026-07-07 15:11:52 | INFO     | row=0 pdi: selection complete
2026-07-07 15:11:52 | DEBUG    | row=0 pdi: duplicate label counts={'whether the nurseries created in the school in the gp': 2, 'neonatal mortality rate (per 1,000 live births)': 2, 'percentage of household using clean cooking fuel': 2, 'proportion of women (aged 30-49) screened under the non communicable disease (ncd) programme for cervical/breast cancer': 2, 'total gp spending on health to the total expenditure': 2}
2026-07-07 15:11:52 | DEBUG    | row=0 pdi: portal_diagnostic={'missionAdStatus': True, 'byId': {'missionAdId0': [{'checked': False, 'value': '0', 'name': 'missionAntodayaDet[0].maCode', 'disabled': True}, {'checked': False, 'value': '0', 'name': 'missionAntodayaDet[0].maCode', 'disabled': False}], 'missionAdId1': [{'checked': False, 'value': '218', 'name': 'missionAntodayaDet[1].maCode', 'disabled': False}, {'checked': False, 'value': '218', 'name': 'missionAntodayaDet[1].maCode', 'disabled': False}], 'missionAdId2': [{'checked': True, 'value': '45', 'name': 'missionAntodayaDet[2].maCode', 'disabled': False}, {'checked': False, 'value': '45', 'name': 'missionAntodayaDet[2].maCode', 'disabled': False}], 'missionAdId3': [{'checked': False, 'value': '200', 'name': 'missionAntodayaDet[3].maCode', 'disabled': False}, {'checked': False, 'value': '200', 'name': 'missionAntodayaDet[3].maCode', 'disabled': False}], 'missionAdId4': [{'checked': False, 'value': '540', 'name': 'missionAntodayaDet[4].maCode', 'disabled': False}, {'checked': False, 'value': '540', 'name': 'missionAntodayaDet[4].maCode', 'disabled': False}], 'missionAdId5': [{'checked': False, 'value': '60', 'name': 'missionAntodayaDet[5].maCode', 'disabled': False}, {'checked': False, 'value': '60', 'name': 'missionAntodayaDet[5].maCode', 'disabled': False}]}, 'visibleError': False}
2026-07-07 15:11:53 | DEBUG    | row=0 targeted_populace: requested indicators (1): ['All']
2026-07-07 15:11:53 | DEBUG    | row=0 targeted_populace: found 1 total labels in panel
2026-07-07 15:11:53 | DEBUG    | row=0 targeted_populace: checkbox 'All' enabled=True checked=False
2026-07-07 15:11:53 | DEBUG    | row=0 targeted_populace: clicking checkbox: 'All'
2026-07-07 15:11:53 | DEBUG    | row=0 targeted_populace: checkbox selected successfully: 'All'
2026-07-07 15:11:53 | DEBUG    | row=0: total indicative cost calculated as: 0
2026-07-07 15:11:53 | DEBUG    | row=0: Supported Department - requesting: 'Department of Food & Public Distribution'
2026-07-07 15:11:53 | DEBUG    | row=0: Waiting for supported_department options to populate
2026-07-07 15:11:54 | DEBUG    | row=0: supported_department options available: 1 options
2026-07-07 15:11:54 | DEBUG    | row=0: supported_department options=[{'value': '5', 'text': 'Ministry of MSME'}]
2026-07-07 15:11:54 | WARNING  | row=0: supported_department option not found: Supported Department option not found: Department of Food & Public Distribution
2026-07-07 15:11:54 | WARNING  | row=0 field=select_supported_department non-fatal Supported Department option not found: Department of Food & Public Distribution
2026-07-07 15:11:54 | ERROR    | FAIL | row=0 field=select_supported_department | Supported Department option not found: Department of Food & Public Distribution
2026-07-07 15:11:54 | DEBUG    | row=0: estimated total cost section not visible
2026-07-07 15:11:54 | DEBUG    | row=0 activity_output: requested='Training/Capacity Building' normalized='training' diagnostics=[{'id': 'outputActvityAstId101', 'name': 'outputTyp', 'value': '', 'visible': True, 'enabled': False, 'checked': False, 'label': 'Asset'}, {'id': 'outputActvityAstId102', 'name': 'outputTyp', 'value': '', 'visible': True, 'enabled': True, 'checked': False, 'label': 'Training/Capacity Building'}, {'id': 'outputActvityAstId103', 'name': 'outputTyp', 'value': '', 'visible': True, 'enabled': True, 'checked': False, 'label': 'Community Service'}, {'id': 'outputActvityAstId109', 'name': 'outputTyp', 'value': '', 'visible': True, 'enabled': True, 'checked': False, 'label': 'Beneficiaries'}, {'id': 'outputActvityAstId110', 'name': 'outputTyp', 'value': '', 'visible': True, 'enabled': False, 'checked': False, 'label': 'VPRP Beneficiaries'}]
2026-07-07 15:11:54 | DEBUG    | [ACT-0001] pre_training_validation_state={'checked': [{'id': 'missionAdId2', 'value': '45', 'name': 'missionAntodayaDet[2].maCode'}], 'activityMAErrorVisible': False, 'outputAreaVisible': True}
2026-07-07 15:11:54 | INFO     | [ACT-0001] Activity Output detail record found
2026-07-07 15:11:54 | INFO     | [ACT-0001] Activity Output: Training/Capacity Building
2026-07-07 15:11:54 | INFO     | [ACT-0001] Handler: TrainingOutputHandler
2026-07-07 15:11:54 | INFO     | [ACT-0001] Detail Sheet: Training
2026-07-07 15:11:54 | INFO     | [ACT-0001] Radio: outputActvityAstId102
2026-07-07 15:11:54 | WARNING  | row=0 activity_output_popup Page.wait_for_function() takes 2 positional arguments but 3 positional arguments (and 1 keyword-only argument) were given
2026-07-07 15:11:54 | ERROR    | FAIL | row=0 field=activity_output | Page.wait_for_function() takes 2 positional arguments but 3 positional arguments (and 1 keyword-only argument) were given
2026-07-07 15:11:54 | WARNING  | row 0 attempt 1 FAIL: [activity_output] Page.wait_for_function() takes 2 positional arguments but 3 positional arguments (and 1 keyword-only argument) were given
2026-07-07 15:12:01 | DEBUG    | row=0: watchId spinner finished, checkboxes should be loaded
2026-07-07 15:12:01 | DEBUG    | row=0 pdi: #checkboxes not visible, attempting to open
2026-07-07 15:12:01 | DEBUG    | row=0 pdi: requested (1): ['Neonatal mortality rate (per 1,000 live births)']
2026-07-07 15:12:01 | DEBUG    | row=0 pdi: found 12 checkbox inputs in panel
2026-07-07 15:12:01 | DEBUG    | row=0 pdi: skipping invalid checkbox: value=0 label='None'
2026-07-07 15:12:01 | DEBUG    | row=0 pdi: available checkbox id=missionAdId1 value=218 label='Whether the nurseries created in the school in the GP' enabled=True checked=False
2026-07-07 15:12:01 | DEBUG    | row=0 pdi: available checkbox id=missionAdId2 value=45 label='Neonatal mortality rate (per 1,000 live births)' enabled=True checked=False
2026-07-07 15:12:01 | DEBUG    | row=0 pdi: available checkbox id=missionAdId3 value=200 label='Percentage of household using clean cooking fuel' enabled=True checked=False
2026-07-07 15:12:01 | DEBUG    | row=0 pdi: available checkbox id=missionAdId4 value=540 label='Proportion of women (aged 30-49) screened under the Non Communicable Disease (NCD) programme for cervical/breast cancer' enabled=True checked=False
2026-07-07 15:12:01 | DEBUG    | row=0 pdi: available checkbox id=missionAdId5 value=60 label='Total GP spending on Health to the total expenditure' enabled=True checked=False
2026-07-07 15:12:01 | DEBUG    | row=0 pdi: skipping invalid checkbox: value=0 label='None'
2026-07-07 15:12:01 | DEBUG    | row=0 pdi: available checkbox id=missionAdId1 value=218 label='Whether the nurseries created in the school in the GP' enabled=True checked=False
2026-07-07 15:12:01 | DEBUG    | row=0 pdi: duplicate label instance ignored to preserve canonical checkbox: 'Whether the nurseries created in the school in the GP' id=missionAdId1
2026-07-07 15:12:01 | DEBUG    | row=0 pdi: available checkbox id=missionAdId2 value=45 label='Neonatal mortality rate (per 1,000 live births)' enabled=True checked=False
2026-07-07 15:12:01 | DEBUG    | row=0 pdi: duplicate label instance ignored to preserve canonical checkbox: 'Neonatal mortality rate (per 1,000 live births)' id=missionAdId2
2026-07-07 15:12:01 | DEBUG    | row=0 pdi: available checkbox id=missionAdId3 value=200 label='Percentage of household using clean cooking fuel' enabled=True checked=False
2026-07-07 15:12:01 | DEBUG    | row=0 pdi: duplicate label instance ignored to preserve canonical checkbox: 'Percentage of household using clean cooking fuel' id=missionAdId3
2026-07-07 15:12:01 | DEBUG    | row=0 pdi: available checkbox id=missionAdId4 value=540 label='Proportion of women (aged 30-49) screened under the Non Communicable Disease (NCD) programme for cervical/breast cancer' enabled=True checked=False
2026-07-07 15:12:01 | DEBUG    | row=0 pdi: duplicate label instance ignored to preserve canonical checkbox: 'Proportion of women (aged 30-49) screened under the Non Communicable Disease (NCD) programme for cervical/breast cancer' id=missionAdId4
2026-07-07 15:12:01 | DEBUG    | row=0 pdi: available checkbox id=missionAdId5 value=60 label='Total GP spending on Health to the total expenditure' enabled=True checked=False
2026-07-07 15:12:01 | DEBUG    | row=0 pdi: duplicate label instance ignored to preserve canonical checkbox: 'Total GP spending on Health to the total expenditure' id=missionAdId5
2026-07-07 15:12:01 | DEBUG    | row=0 pdi: clicking checkbox id=missionAdId2 value=45 label='Neonatal mortality rate (per 1,000 live births)'
2026-07-07 15:12:02 | DEBUG    | row=0 pdi: after click - is_selected=True dom_checked=True for 'Neonatal mortality rate (per 1,000 live births)'
2026-07-07 15:12:02 | DEBUG    | row=0 pdi: total selected indicators: 1
2026-07-07 15:12:02 | INFO     | row=0 pdi: selection complete
2026-07-07 15:12:02 | DEBUG    | row=0 pdi: duplicate label counts={'whether the nurseries created in the school in the gp': 2, 'neonatal mortality rate (per 1,000 live births)': 2, 'percentage of household using clean cooking fuel': 2, 'proportion of women (aged 30-49) screened under the non communicable disease (ncd) programme for cervical/breast cancer': 2, 'total gp spending on health to the total expenditure': 2}
2026-07-07 15:12:02 | DEBUG    | row=0 pdi: portal_diagnostic={'missionAdStatus': True, 'byId': {'missionAdId0': [{'checked': False, 'value': '0', 'name': 'missionAntodayaDet[0].maCode', 'disabled': True}, {'checked': False, 'value': '0', 'name': 'missionAntodayaDet[0].maCode', 'disabled': False}], 'missionAdId1': [{'checked': False, 'value': '218', 'name': 'missionAntodayaDet[1].maCode', 'disabled': False}, {'checked': False, 'value': '218', 'name': 'missionAntodayaDet[1].maCode', 'disabled': False}], 'missionAdId2': [{'checked': True, 'value': '45', 'name': 'missionAntodayaDet[2].maCode', 'disabled': False}, {'checked': False, 'value': '45', 'name': 'missionAntodayaDet[2].maCode', 'disabled': False}], 'missionAdId3': [{'checked': False, 'value': '200', 'name': 'missionAntodayaDet[3].maCode', 'disabled': False}, {'checked': False, 'value': '200', 'name': 'missionAntodayaDet[3].maCode', 'disabled': False}], 'missionAdId4': [{'checked': False, 'value': '540', 'name': 'missionAntodayaDet[4].maCode', 'disabled': False}, {'checked': False, 'value': '540', 'name': 'missionAntodayaDet[4].maCode', 'disabled': False}], 'missionAdId5': [{'checked': False, 'value': '60', 'name': 'missionAntodayaDet[5].maCode', 'disabled': False}, {'checked': False, 'value': '60', 'name': 'missionAntodayaDet[5].maCode', 'disabled': False}]}, 'visibleError': False}
2026-07-07 15:12:02 | DEBUG    | row=0 targeted_populace: requested indicators (1): ['All']
2026-07-07 15:12:02 | DEBUG    | row=0 targeted_populace: found 1 total labels in panel
2026-07-07 15:12:02 | DEBUG    | row=0 targeted_populace: checkbox 'All' enabled=True checked=False
2026-07-07 15:12:02 | DEBUG    | row=0 targeted_populace: clicking checkbox: 'All'
2026-07-07 15:12:02 | DEBUG    | row=0 targeted_populace: checkbox selected successfully: 'All'
2026-07-07 15:12:03 | DEBUG    | row=0: total indicative cost calculated as: 0
2026-07-07 15:12:03 | DEBUG    | row=0: Supported Department - requesting: 'Department of Food & Public Distribution'
2026-07-07 15:12:03 | DEBUG    | row=0: Waiting for supported_department options to populate
2026-07-07 15:12:03 | DEBUG    | row=0: supported_department options available: 1 options
2026-07-07 15:12:03 | DEBUG    | row=0: supported_department options=[{'value': '5', 'text': 'Ministry of MSME'}]
2026-07-07 15:12:03 | WARNING  | row=0: supported_department option not found: Supported Department option not found: Department of Food & Public Distribution
2026-07-07 15:12:03 | WARNING  | row=0 field=select_supported_department non-fatal Supported Department option not found: Department of Food & Public Distribution
2026-07-07 15:12:03 | ERROR    | FAIL | row=0 field=select_supported_department | Supported Department option not found: Department of Food & Public Distribution
2026-07-07 15:12:03 | DEBUG    | row=0: estimated total cost section not visible
2026-07-07 15:12:04 | DEBUG    | row=0 activity_output: requested='Training/Capacity Building' normalized='training' diagnostics=[{'id': 'outputActvityAstId101', 'name': 'outputTyp', 'value': '', 'visible': True, 'enabled': False, 'checked': False, 'label': 'Asset'}, {'id': 'outputActvityAstId102', 'name': 'outputTyp', 'value': '', 'visible': True, 'enabled': True, 'checked': False, 'label': 'Training/Capacity Building'}, {'id': 'outputActvityAstId103', 'name': 'outputTyp', 'value': '', 'visible': True, 'enabled': True, 'checked': False, 'label': 'Community Service'}, {'id': 'outputActvityAstId109', 'name': 'outputTyp', 'value': '', 'visible': True, 'enabled': True, 'checked': False, 'label': 'Beneficiaries'}, {'id': 'outputActvityAstId110', 'name': 'outputTyp', 'value': '', 'visible': True, 'enabled': False, 'checked': False, 'label': 'VPRP Beneficiaries'}]
2026-07-07 15:12:04 | DEBUG    | [ACT-0001] pre_training_validation_state={'checked': [{'id': 'missionAdId2', 'value': '45', 'name': 'missionAntodayaDet[2].maCode'}], 'activityMAErrorVisible': False, 'outputAreaVisible': True}
2026-07-07 15:12:04 | INFO     | [ACT-0001] Activity Output detail record found
2026-07-07 15:12:04 | INFO     | [ACT-0001] Activity Output: Training/Capacity Building
2026-07-07 15:12:04 | INFO     | [ACT-0001] Handler: TrainingOutputHandler
2026-07-07 15:12:04 | INFO     | [ACT-0001] Detail Sheet: Training
2026-07-07 15:12:04 | INFO     | [ACT-0001] Radio: outputActvityAstId102
2026-07-07 15:12:04 | WARNING  | row=0 activity_output_popup Page.wait_for_function() takes 2 positional arguments but 3 positional arguments (and 1 keyword-only argument) were given
2026-07-07 15:12:04 | ERROR    | FAIL | row=0 field=activity_output | Page.wait_for_function() takes 2 positional arguments but 3 positional arguments (and 1 keyword-only argument) were given
2026-07-07 15:12:04 | WARNING  | row 0 attempt 2 FAIL: [activity_output] Page.wait_for_function() takes 2 positional arguments but 3 positional arguments (and 1 keyword-only argument) were given
2026-07-07 15:12:11 | DEBUG    | row=0: watchId spinner finished, checkboxes should be loaded
2026-07-07 15:12:11 | DEBUG    | row=0 pdi: #checkboxes not visible, attempting to open
2026-07-07 15:12:12 | DEBUG    | row=0 pdi: requested (1): ['Neonatal mortality rate (per 1,000 live births)']
2026-07-07 15:12:12 | DEBUG    | row=0 pdi: found 12 checkbox inputs in panel
2026-07-07 15:12:12 | DEBUG    | row=0 pdi: skipping invalid checkbox: value=0 label='None'
2026-07-07 15:12:12 | DEBUG    | row=0 pdi: available checkbox id=missionAdId1 value=218 label='Whether the nurseries created in the school in the GP' enabled=True checked=False
2026-07-07 15:12:12 | DEBUG    | row=0 pdi: available checkbox id=missionAdId2 value=45 label='Neonatal mortality rate (per 1,000 live births)' enabled=True checked=False
2026-07-07 15:12:12 | DEBUG    | row=0 pdi: available checkbox id=missionAdId3 value=200 label='Percentage of household using clean cooking fuel' enabled=True checked=False
2026-07-07 15:12:12 | DEBUG    | row=0 pdi: available checkbox id=missionAdId4 value=540 label='Proportion of women (aged 30-49) screened under the Non Communicable Disease (NCD) programme for cervical/breast cancer' enabled=True checked=False
2026-07-07 15:12:12 | DEBUG    | row=0 pdi: available checkbox id=missionAdId5 value=60 label='Total GP spending on Health to the total expenditure' enabled=True checked=False
2026-07-07 15:12:12 | DEBUG    | row=0 pdi: skipping invalid checkbox: value=0 label='None'
2026-07-07 15:12:12 | DEBUG    | row=0 pdi: available checkbox id=missionAdId1 value=218 label='Whether the nurseries created in the school in the GP' enabled=True checked=False
2026-07-07 15:12:12 | DEBUG    | row=0 pdi: duplicate label instance ignored to preserve canonical checkbox: 'Whether the nurseries created in the school in the GP' id=missionAdId1
2026-07-07 15:12:12 | DEBUG    | row=0 pdi: available checkbox id=missionAdId2 value=45 label='Neonatal mortality rate (per 1,000 live births)' enabled=True checked=False
2026-07-07 15:12:12 | DEBUG    | row=0 pdi: duplicate label instance ignored to preserve canonical checkbox: 'Neonatal mortality rate (per 1,000 live births)' id=missionAdId2
2026-07-07 15:12:12 | DEBUG    | row=0 pdi: available checkbox id=missionAdId3 value=200 label='Percentage of household using clean cooking fuel' enabled=True checked=False
2026-07-07 15:12:12 | DEBUG    | row=0 pdi: duplicate label instance ignored to preserve canonical checkbox: 'Percentage of household using clean cooking fuel' id=missionAdId3
2026-07-07 15:12:12 | DEBUG    | row=0 pdi: available checkbox id=missionAdId4 value=540 label='Proportion of women (aged 30-49) screened under the Non Communicable Disease (NCD) programme for cervical/breast cancer' enabled=True checked=False
2026-07-07 15:12:12 | DEBUG    | row=0 pdi: duplicate label instance ignored to preserve canonical checkbox: 'Proportion of women (aged 30-49) screened under the Non Communicable Disease (NCD) programme for cervical/breast cancer' id=missionAdId4
2026-07-07 15:12:12 | DEBUG    | row=0 pdi: available checkbox id=missionAdId5 value=60 label='Total GP spending on Health to the total expenditure' enabled=True checked=False
2026-07-07 15:12:12 | DEBUG    | row=0 pdi: duplicate label instance ignored to preserve canonical checkbox: 'Total GP spending on Health to the total expenditure' id=missionAdId5
2026-07-07 15:12:12 | DEBUG    | row=0 pdi: clicking checkbox id=missionAdId2 value=45 label='Neonatal mortality rate (per 1,000 live births)'
2026-07-07 15:12:13 | DEBUG    | row=0 pdi: after click - is_selected=True dom_checked=True for 'Neonatal mortality rate (per 1,000 live births)'
2026-07-07 15:12:13 | DEBUG    | row=0 pdi: total selected indicators: 1
2026-07-07 15:12:13 | INFO     | row=0 pdi: selection complete
2026-07-07 15:12:13 | DEBUG    | row=0 pdi: duplicate label counts={'whether the nurseries created in the school in the gp': 2, 'neonatal mortality rate (per 1,000 live births)': 2, 'percentage of household using clean cooking fuel': 2, 'proportion of women (aged 30-49) screened under the non communicable disease (ncd) programme for cervical/breast cancer': 2, 'total gp spending on health to the total expenditure': 2}
2026-07-07 15:12:13 | DEBUG    | row=0 pdi: portal_diagnostic={'missionAdStatus': True, 'byId': {'missionAdId0': [{'checked': False, 'value': '0', 'name': 'missionAntodayaDet[0].maCode', 'disabled': True}, {'checked': False, 'value': '0', 'name': 'missionAntodayaDet[0].maCode', 'disabled': False}], 'missionAdId1': [{'checked': False, 'value': '218', 'name': 'missionAntodayaDet[1].maCode', 'disabled': False}, {'checked': False, 'value': '218', 'name': 'missionAntodayaDet[1].maCode', 'disabled': False}], 'missionAdId2': [{'checked': True, 'value': '45', 'name': 'missionAntodayaDet[2].maCode', 'disabled': False}, {'checked': False, 'value': '45', 'name': 'missionAntodayaDet[2].maCode', 'disabled': False}], 'missionAdId3': [{'checked': False, 'value': '200', 'name': 'missionAntodayaDet[3].maCode', 'disabled': False}, {'checked': False, 'value': '200', 'name': 'missionAntodayaDet[3].maCode', 'disabled': False}], 'missionAdId4': [{'checked': False, 'value': '540', 'name': 'missionAntodayaDet[4].maCode', 'disabled': False}, {'checked': False, 'value': '540', 'name': 'missionAntodayaDet[4].maCode', 'disabled': False}], 'missionAdId5': [{'checked': False, 'value': '60', 'name': 'missionAntodayaDet[5].maCode', 'disabled': False}, {'checked': False, 'value': '60', 'name': 'missionAntodayaDet[5].maCode', 'disabled': False}]}, 'visibleError': False}
2026-07-07 15:12:13 | DEBUG    | row=0 targeted_populace: requested indicators (1): ['All']
2026-07-07 15:12:13 | DEBUG    | row=0 targeted_populace: found 1 total labels in panel
2026-07-07 15:12:13 | DEBUG    | row=0 targeted_populace: checkbox 'All' enabled=True checked=False
2026-07-07 15:12:13 | DEBUG    | row=0 targeted_populace: clicking checkbox: 'All'
2026-07-07 15:12:13 | DEBUG    | row=0 targeted_populace: checkbox selected successfully: 'All'
2026-07-07 15:12:14 | DEBUG    | row=0: total indicative cost calculated as: 0
2026-07-07 15:12:14 | DEBUG    | row=0: Supported Department - requesting: 'Department of Food & Public Distribution'
2026-07-07 15:12:14 | DEBUG    | row=0: Waiting for supported_department options to populate
2026-07-07 15:12:14 | DEBUG    | row=0: supported_department options available: 1 options
2026-07-07 15:12:14 | DEBUG    | row=0: supported_department options=[{'value': '5', 'text': 'Ministry of MSME'}]
2026-07-07 15:12:14 | WARNING  | row=0: supported_department option not found: Supported Department option not found: Department of Food & Public Distribution
2026-07-07 15:12:14 | WARNING  | row=0 field=select_supported_department non-fatal Supported Department option not found: Department of Food & Public Distribution
2026-07-07 15:12:14 | ERROR    | FAIL | row=0 field=select_supported_department | Supported Department option not found: Department of Food & Public Distribution
2026-07-07 15:12:14 | DEBUG    | row=0: estimated total cost section not visible
2026-07-07 15:12:14 | DEBUG    | row=0 activity_output: requested='Training/Capacity Building' normalized='training' diagnostics=[{'id': 'outputActvityAstId101', 'name': 'outputTyp', 'value': '', 'visible': True, 'enabled': False, 'checked': False, 'label': 'Asset'}, {'id': 'outputActvityAstId102', 'name': 'outputTyp', 'value': '', 'visible': True, 'enabled': True, 'checked': False, 'label': 'Training/Capacity Building'}, {'id': 'outputActvityAstId103', 'name': 'outputTyp', 'value': '', 'visible': True, 'enabled': True, 'checked': False, 'label': 'Community Service'}, {'id': 'outputActvityAstId109', 'name': 'outputTyp', 'value': '', 'visible': True, 'enabled': True, 'checked': False, 'label': 'Beneficiaries'}, {'id': 'outputActvityAstId110', 'name': 'outputTyp', 'value': '', 'visible': True, 'enabled': False, 'checked': False, 'label': 'VPRP Beneficiaries'}]
2026-07-07 15:12:14 | DEBUG    | [ACT-0001] pre_training_validation_state={'checked': [{'id': 'missionAdId2', 'value': '45', 'name': 'missionAntodayaDet[2].maCode'}], 'activityMAErrorVisible': False, 'outputAreaVisible': True}
2026-07-07 15:12:14 | INFO     | [ACT-0001] Activity Output detail record found
2026-07-07 15:12:14 | INFO     | [ACT-0001] Activity Output: Training/Capacity Building
2026-07-07 15:12:14 | INFO     | [ACT-0001] Handler: TrainingOutputHandler
2026-07-07 15:12:14 | INFO     | [ACT-0001] Detail Sheet: Training
2026-07-07 15:12:14 | INFO     | [ACT-0001] Radio: outputActvityAstId102
2026-07-07 15:12:14 | WARNING  | row=0 activity_output_popup Page.wait_for_function() takes 2 positional arguments but 3 positional arguments (and 1 keyword-only argument) were given
2026-07-07 15:12:15 | ERROR    | FAIL | row=0 field=activity_output | Page.wait_for_function() takes 2 positional arguments but 3 positional arguments (and 1 keyword-only argument) were given
2026-07-07 15:12:15 | WARNING  | row 0 attempt 3 FAIL: [activity_output] Page.wait_for_function() takes 2 positional arguments but 3 positional arguments (and 1 keyword-only argument) were given
2026-07-07 15:12:15 | ERROR    | row 0 FAILED after all retries
2026-07-07 15:12:15 | INFO     | DONE 90s total=1 success=0 failed=1 rate=0.0%
2026-07-07 15:15:24 | INFO     | ============================================================
2026-07-07 15:15:24 | INFO     | eGramSwaraj Bot START (v5)
2026-07-07 15:15:24 | INFO     | ============================================================
2026-07-07 15:15:24 | INFO     | rows: total=1 done=0 pending=1
2026-07-07 15:15:29 | INFO     | Waiting for manual login -> addactivity.htm ...
2026-07-07 15:17:15 | INFO     | Form ready at: https://egramswaraj.gov.in/addactivity.htm
2026-07-07 15:17:18 | INFO     | -- row 0 | Awareness camp on behavioural issues of Mission LiFE
2026-07-07 15:17:22 | DEBUG    | row=0: watchId spinner finished, checkboxes should be loaded
2026-07-07 15:17:22 | DEBUG    | row=0 pdi: #checkboxes not visible, attempting to open
2026-07-07 15:17:22 | DEBUG    | row=0 pdi: requested (1): ['Neonatal mortality rate (per 1,000 live births)']
2026-07-07 15:17:22 | DEBUG    | row=0 pdi: found 12 checkbox inputs in panel
2026-07-07 15:17:23 | DEBUG    | row=0 pdi: skipping invalid checkbox: value=0 label='None'
2026-07-07 15:17:23 | DEBUG    | row=0 pdi: available checkbox id=missionAdId1 value=218 label='Whether the nurseries created in the school in the GP' enabled=True checked=False
2026-07-07 15:17:23 | DEBUG    | row=0 pdi: available checkbox id=missionAdId2 value=45 label='Neonatal mortality rate (per 1,000 live births)' enabled=True checked=False
2026-07-07 15:17:23 | DEBUG    | row=0 pdi: available checkbox id=missionAdId3 value=200 label='Percentage of household using clean cooking fuel' enabled=True checked=False
2026-07-07 15:17:23 | DEBUG    | row=0 pdi: available checkbox id=missionAdId4 value=540 label='Proportion of women (aged 30-49) screened under the Non Communicable Disease (NCD) programme for cervical/breast cancer' enabled=True checked=False
2026-07-07 15:17:23 | DEBUG    | row=0 pdi: available checkbox id=missionAdId5 value=60 label='Total GP spending on Health to the total expenditure' enabled=True checked=False
2026-07-07 15:17:23 | DEBUG    | row=0 pdi: skipping invalid checkbox: value=0 label='None'
2026-07-07 15:17:23 | DEBUG    | row=0 pdi: available checkbox id=missionAdId1 value=218 label='Whether the nurseries created in the school in the GP' enabled=True checked=False
2026-07-07 15:17:23 | DEBUG    | row=0 pdi: duplicate label instance ignored to preserve canonical checkbox: 'Whether the nurseries created in the school in the GP' id=missionAdId1
2026-07-07 15:17:23 | DEBUG    | row=0 pdi: available checkbox id=missionAdId2 value=45 label='Neonatal mortality rate (per 1,000 live births)' enabled=True checked=False
2026-07-07 15:17:23 | DEBUG    | row=0 pdi: duplicate label instance ignored to preserve canonical checkbox: 'Neonatal mortality rate (per 1,000 live births)' id=missionAdId2
2026-07-07 15:17:23 | DEBUG    | row=0 pdi: available checkbox id=missionAdId3 value=200 label='Percentage of household using clean cooking fuel' enabled=True checked=False
2026-07-07 15:17:23 | DEBUG    | row=0 pdi: duplicate label instance ignored to preserve canonical checkbox: 'Percentage of household using clean cooking fuel' id=missionAdId3
2026-07-07 15:17:23 | DEBUG    | row=0 pdi: available checkbox id=missionAdId4 value=540 label='Proportion of women (aged 30-49) screened under the Non Communicable Disease (NCD) programme for cervical/breast cancer' enabled=True checked=False
2026-07-07 15:17:23 | DEBUG    | row=0 pdi: duplicate label instance ignored to preserve canonical checkbox: 'Proportion of women (aged 30-49) screened under the Non Communicable Disease (NCD) programme for cervical/breast cancer' id=missionAdId4
2026-07-07 15:17:23 | DEBUG    | row=0 pdi: available checkbox id=missionAdId5 value=60 label='Total GP spending on Health to the total expenditure' enabled=True checked=False
2026-07-07 15:17:23 | DEBUG    | row=0 pdi: duplicate label instance ignored to preserve canonical checkbox: 'Total GP spending on Health to the total expenditure' id=missionAdId5
2026-07-07 15:17:23 | DEBUG    | row=0 pdi: clicking checkbox id=missionAdId2 value=45 label='Neonatal mortality rate (per 1,000 live births)'
2026-07-07 15:17:23 | DEBUG    | row=0 pdi: after click - is_selected=True dom_checked=True for 'Neonatal mortality rate (per 1,000 live births)'
2026-07-07 15:17:23 | DEBUG    | row=0 pdi: total selected indicators: 1
2026-07-07 15:17:23 | INFO     | row=0 pdi: selection complete
2026-07-07 15:17:23 | DEBUG    | row=0 pdi: duplicate label counts={'whether the nurseries created in the school in the gp': 2, 'neonatal mortality rate (per 1,000 live births)': 2, 'percentage of household using clean cooking fuel': 2, 'proportion of women (aged 30-49) screened under the non communicable disease (ncd) programme for cervical/breast cancer': 2, 'total gp spending on health to the total expenditure': 2}
2026-07-07 15:17:23 | DEBUG    | row=0 pdi: portal_diagnostic={'missionAdStatus': True, 'byId': {'missionAdId0': [{'checked': False, 'value': '0', 'name': 'missionAntodayaDet[0].maCode', 'disabled': True}, {'checked': False, 'value': '0', 'name': 'missionAntodayaDet[0].maCode', 'disabled': False}], 'missionAdId1': [{'checked': False, 'value': '218', 'name': 'missionAntodayaDet[1].maCode', 'disabled': False}, {'checked': False, 'value': '218', 'name': 'missionAntodayaDet[1].maCode', 'disabled': False}], 'missionAdId2': [{'checked': True, 'value': '45', 'name': 'missionAntodayaDet[2].maCode', 'disabled': False}, {'checked': False, 'value': '45', 'name': 'missionAntodayaDet[2].maCode', 'disabled': False}], 'missionAdId3': [{'checked': False, 'value': '200', 'name': 'missionAntodayaDet[3].maCode', 'disabled': False}, {'checked': False, 'value': '200', 'name': 'missionAntodayaDet[3].maCode', 'disabled': False}], 'missionAdId4': [{'checked': False, 'value': '540', 'name': 'missionAntodayaDet[4].maCode', 'disabled': False}, {'checked': False, 'value': '540', 'name': 'missionAntodayaDet[4].maCode', 'disabled': False}], 'missionAdId5': [{'checked': False, 'value': '60', 'name': 'missionAntodayaDet[5].maCode', 'disabled': False}, {'checked': False, 'value': '60', 'name': 'missionAntodayaDet[5].maCode', 'disabled': False}]}, 'visibleError': False}
2026-07-07 15:17:24 | DEBUG    | row=0 targeted_populace: requested indicators (1): ['All']
2026-07-07 15:17:24 | DEBUG    | row=0 targeted_populace: found 1 total labels in panel
2026-07-07 15:17:24 | DEBUG    | row=0 targeted_populace: checkbox 'All' enabled=True checked=False
2026-07-07 15:17:24 | DEBUG    | row=0 targeted_populace: clicking checkbox: 'All'
2026-07-07 15:17:24 | DEBUG    | row=0 targeted_populace: checkbox selected successfully: 'All'
2026-07-07 15:17:24 | DEBUG    | row=0: total indicative cost calculated as: 0
2026-07-07 15:17:25 | DEBUG    | row=0: Supported Department - requesting: 'Department of Food & Public Distribution'
2026-07-07 15:17:25 | DEBUG    | row=0: Waiting for supported_department options to populate
2026-07-07 15:17:25 | DEBUG    | row=0: supported_department options available: 1 options
2026-07-07 15:17:25 | DEBUG    | row=0: supported_department options=[{'value': '5', 'text': 'Ministry of MSME'}]
2026-07-07 15:17:25 | WARNING  | row=0: supported_department option not found: Supported Department option not found: Department of Food & Public Distribution
2026-07-07 15:17:25 | WARNING  | row=0 field=select_supported_department non-fatal Supported Department option not found: Department of Food & Public Distribution
2026-07-07 15:17:25 | ERROR    | FAIL | row=0 field=select_supported_department | Supported Department option not found: Department of Food & Public Distribution
2026-07-07 15:17:25 | DEBUG    | row=0: estimated total cost section not visible
2026-07-07 15:17:25 | DEBUG    | row=0 activity_output: requested='Training/Capacity Building' normalized='training' diagnostics=[{'id': 'outputActvityAstId101', 'name': 'outputTyp', 'value': '', 'visible': True, 'enabled': False, 'checked': False, 'label': 'Asset'}, {'id': 'outputActvityAstId102', 'name': 'outputTyp', 'value': '', 'visible': True, 'enabled': True, 'checked': False, 'label': 'Training/Capacity Building'}, {'id': 'outputActvityAstId103', 'name': 'outputTyp', 'value': '', 'visible': True, 'enabled': True, 'checked': False, 'label': 'Community Service'}, {'id': 'outputActvityAstId109', 'name': 'outputTyp', 'value': '', 'visible': True, 'enabled': True, 'checked': False, 'label': 'Beneficiaries'}, {'id': 'outputActvityAstId110', 'name': 'outputTyp', 'value': '', 'visible': True, 'enabled': False, 'checked': False, 'label': 'VPRP Beneficiaries'}]
2026-07-07 15:17:25 | DEBUG    | [ACT-0001] pre_training_validation_state={'checked': [{'id': 'missionAdId2', 'value': '45', 'name': 'missionAntodayaDet[2].maCode'}], 'activityMAErrorVisible': False, 'outputAreaVisible': True}
2026-07-07 15:17:25 | INFO     | [ACT-0001] Activity Output detail record found
2026-07-07 15:17:25 | INFO     | [ACT-0001] Activity Output: Training/Capacity Building
2026-07-07 15:17:25 | INFO     | [ACT-0001] Handler: TrainingOutputHandler
2026-07-07 15:17:25 | INFO     | [ACT-0001] Detail Sheet: Training
2026-07-07 15:17:25 | INFO     | [ACT-0001] Radio: outputActvityAstId102
2026-07-07 15:17:40 | WARNING  | row=0 activity_output_popup Training modal did not open: showTrainingDetailsPopup; diagnostics={'modalExists': True, 'modalClass': 'modal fade', 'modalDisplay': 'none', 'modalVisibility': 'visible', 'modalAriaHidden': None, 'rad
2026-07-07 15:17:41 | ERROR    | FAIL | row=0 field=activity_output | Training modal did not open: showTrainingDetailsPopup; diagnostics={'modalExists': True, 'modalClass': 'modal fade', 'modalDisplay': 'none', 'modalVisibility': 'visible', 'modalAriaHidden': None, 'radioExists': True, 'radioChecked': False, 'radioDisa
2026-07-07 15:17:41 | WARNING  | row 0 attempt 1 FAIL: [activity_output] Training modal did not open: showTrainingDetailsPopup; diagnostics={'modalExists': True, 'modalClass': 'modal fade', 'modalDisplay': 'none', 'modalVisibility': 'visible', 'modalAriaHidden': None, 'radioExists': True, 'radioChecked': False, 'radioDisabled': False, 'radioOnclick': "r
2026-07-07 15:17:46 | DEBUG    | row=0: watchId spinner finished, checkboxes should be loaded
2026-07-07 15:17:46 | DEBUG    | row=0 pdi: #checkboxes not visible, attempting to open
2026-07-07 15:17:47 | DEBUG    | row=0 pdi: requested (1): ['Neonatal mortality rate (per 1,000 live births)']
2026-07-07 15:17:47 | DEBUG    | row=0 pdi: found 12 checkbox inputs in panel
2026-07-07 15:17:47 | DEBUG    | row=0 pdi: skipping invalid checkbox: value=0 label='None'
2026-07-07 15:17:47 | DEBUG    | row=0 pdi: available checkbox id=missionAdId1 value=218 label='Whether the nurseries created in the school in the GP' enabled=True checked=False
2026-07-07 15:17:47 | DEBUG    | row=0 pdi: available checkbox id=missionAdId2 value=45 label='Neonatal mortality rate (per 1,000 live births)' enabled=True checked=False
2026-07-07 15:17:47 | DEBUG    | row=0 pdi: available checkbox id=missionAdId3 value=200 label='Percentage of household using clean cooking fuel' enabled=True checked=False
2026-07-07 15:17:47 | DEBUG    | row=0 pdi: available checkbox id=missionAdId4 value=540 label='Proportion of women (aged 30-49) screened under the Non Communicable Disease (NCD) programme for cervical/breast cancer' enabled=True checked=False
2026-07-07 15:17:47 | DEBUG    | row=0 pdi: available checkbox id=missionAdId5 value=60 label='Total GP spending on Health to the total expenditure' enabled=True checked=False
2026-07-07 15:17:47 | DEBUG    | row=0 pdi: skipping invalid checkbox: value=0 label='None'
2026-07-07 15:17:47 | DEBUG    | row=0 pdi: available checkbox id=missionAdId1 value=218 label='Whether the nurseries created in the school in the GP' enabled=True checked=False
2026-07-07 15:17:47 | DEBUG    | row=0 pdi: duplicate label instance ignored to preserve canonical checkbox: 'Whether the nurseries created in the school in the GP' id=missionAdId1
2026-07-07 15:17:47 | DEBUG    | row=0 pdi: available checkbox id=missionAdId2 value=45 label='Neonatal mortality rate (per 1,000 live births)' enabled=True checked=False
2026-07-07 15:17:47 | DEBUG    | row=0 pdi: duplicate label instance ignored to preserve canonical checkbox: 'Neonatal mortality rate (per 1,000 live births)' id=missionAdId2
2026-07-07 15:17:47 | DEBUG    | row=0 pdi: available checkbox id=missionAdId3 value=200 label='Percentage of household using clean cooking fuel' enabled=True checked=False
2026-07-07 15:17:47 | DEBUG    | row=0 pdi: duplicate label instance ignored to preserve canonical checkbox: 'Percentage of household using clean cooking fuel' id=missionAdId3
2026-07-07 15:17:47 | DEBUG    | row=0 pdi: available checkbox id=missionAdId4 value=540 label='Proportion of women (aged 30-49) screened under the Non Communicable Disease (NCD) programme for cervical/breast cancer' enabled=True checked=False
2026-07-07 15:17:47 | DEBUG    | row=0 pdi: duplicate label instance ignored to preserve canonical checkbox: 'Proportion of women (aged 30-49) screened under the Non Communicable Disease (NCD) programme for cervical/breast cancer' id=missionAdId4
2026-07-07 15:17:47 | DEBUG    | row=0 pdi: available checkbox id=missionAdId5 value=60 label='Total GP spending on Health to the total expenditure' enabled=True checked=False
2026-07-07 15:17:47 | DEBUG    | row=0 pdi: duplicate label instance ignored to preserve canonical checkbox: 'Total GP spending on Health to the total expenditure' id=missionAdId5
2026-07-07 15:17:47 | DEBUG    | row=0 pdi: clicking checkbox id=missionAdId2 value=45 label='Neonatal mortality rate (per 1,000 live births)'
2026-07-07 15:17:47 | DEBUG    | row=0 pdi: after click - is_selected=True dom_checked=True for 'Neonatal mortality rate (per 1,000 live births)'
2026-07-07 15:17:47 | DEBUG    | row=0 pdi: total selected indicators: 1
2026-07-07 15:17:47 | INFO     | row=0 pdi: selection complete
2026-07-07 15:17:47 | DEBUG    | row=0 pdi: duplicate label counts={'whether the nurseries created in the school in the gp': 2, 'neonatal mortality rate (per 1,000 live births)': 2, 'percentage of household using clean cooking fuel': 2, 'proportion of women (aged 30-49) screened under the non communicable disease (ncd) programme for cervical/breast cancer': 2, 'total gp spending on health to the total expenditure': 2}
2026-07-07 15:17:47 | DEBUG    | row=0 pdi: portal_diagnostic={'missionAdStatus': True, 'byId': {'missionAdId0': [{'checked': False, 'value': '0', 'name': 'missionAntodayaDet[0].maCode', 'disabled': True}, {'checked': False, 'value': '0', 'name': 'missionAntodayaDet[0].maCode', 'disabled': False}], 'missionAdId1': [{'checked': False, 'value': '218', 'name': 'missionAntodayaDet[1].maCode', 'disabled': False}, {'checked': False, 'value': '218', 'name': 'missionAntodayaDet[1].maCode', 'disabled': False}], 'missionAdId2': [{'checked': True, 'value': '45', 'name': 'missionAntodayaDet[2].maCode', 'disabled': False}, {'checked': False, 'value': '45', 'name': 'missionAntodayaDet[2].maCode', 'disabled': False}], 'missionAdId3': [{'checked': False, 'value': '200', 'name': 'missionAntodayaDet[3].maCode', 'disabled': False}, {'checked': False, 'value': '200', 'name': 'missionAntodayaDet[3].maCode', 'disabled': False}], 'missionAdId4': [{'checked': False, 'value': '540', 'name': 'missionAntodayaDet[4].maCode', 'disabled': False}, {'checked': False, 'value': '540', 'name': 'missionAntodayaDet[4].maCode', 'disabled': False}], 'missionAdId5': [{'checked': False, 'value': '60', 'name': 'missionAntodayaDet[5].maCode', 'disabled': False}, {'checked': False, 'value': '60', 'name': 'missionAntodayaDet[5].maCode', 'disabled': False}]}, 'visibleError': False}
2026-07-07 15:17:48 | DEBUG    | row=0 targeted_populace: requested indicators (1): ['All']
2026-07-07 15:17:48 | DEBUG    | row=0 targeted_populace: found 1 total labels in panel
2026-07-07 15:17:48 | DEBUG    | row=0 targeted_populace: checkbox 'All' enabled=True checked=False
2026-07-07 15:17:48 | DEBUG    | row=0 targeted_populace: clicking checkbox: 'All'
2026-07-07 15:17:48 | DEBUG    | row=0 targeted_populace: checkbox selected successfully: 'All'
2026-07-07 15:17:48 | WARNING  | row=0 field=start_month non-fatal 'March' not found in #startMonthId. Available (9): ['4:April', '5:May', '6:June', '7:July', '8:August', '9:September', '10:October', '11:November', '12:December']
2026-07-07 15:17:48 | ERROR    | FAIL | row=0 field=start_month | 'March' not found in #startMonthId. Available (9): ['4:April', '5:May', '6:June', '7:July', '8:August', '9:September', '10:October', '11:November', '12:December']
2026-07-07 15:17:49 | DEBUG    | row=0: total indicative cost calculated as: 0
2026-07-07 15:17:49 | DEBUG    | row=0: Supported Department - requesting: 'Department of Food & Public Distribution'
2026-07-07 15:17:49 | DEBUG    | row=0: Waiting for supported_department options to populate
2026-07-07 15:17:49 | DEBUG    | row=0: supported_department options available: 1 options
2026-07-07 15:17:49 | DEBUG    | row=0: supported_department options=[{'value': '5', 'text': 'Ministry of MSME'}]
2026-07-07 15:17:49 | WARNING  | row=0: supported_department option not found: Supported Department option not found: Department of Food & Public Distribution
2026-07-07 15:17:49 | WARNING  | row=0 field=select_supported_department non-fatal Supported Department option not found: Department of Food & Public Distribution
2026-07-07 15:17:49 | ERROR    | FAIL | row=0 field=select_supported_department | Supported Department option not found: Department of Food & Public Distribution
2026-07-07 15:17:49 | DEBUG    | row=0: estimated total cost section not visible
2026-07-07 15:17:49 | DEBUG    | row=0 activity_output: requested='Training/Capacity Building' normalized='training' diagnostics=[{'id': 'outputActvityAstId101', 'name': 'outputTyp', 'value': '', 'visible': True, 'enabled': False, 'checked': False, 'label': 'Asset'}, {'id': 'outputActvityAstId102', 'name': 'outputTyp', 'value': '', 'visible': True, 'enabled': True, 'checked': False, 'label': 'Training/Capacity Building'}, {'id': 'outputActvityAstId103', 'name': 'outputTyp', 'value': '', 'visible': True, 'enabled': True, 'checked': False, 'label': 'Community Service'}, {'id': 'outputActvityAstId109', 'name': 'outputTyp', 'value': '', 'visible': True, 'enabled': True, 'checked': False, 'label': 'Beneficiaries'}, {'id': 'outputActvityAstId110', 'name': 'outputTyp', 'value': '', 'visible': True, 'enabled': False, 'checked': False, 'label': 'VPRP Beneficiaries'}]
2026-07-07 15:17:49 | DEBUG    | [ACT-0001] pre_training_validation_state={'checked': [{'id': 'missionAdId2', 'value': '45', 'name': 'missionAntodayaDet[2].maCode'}], 'activityMAErrorVisible': False, 'outputAreaVisible': True}
2026-07-07 15:17:49 | INFO     | [ACT-0001] Activity Output detail record found
2026-07-07 15:17:49 | INFO     | [ACT-0001] Activity Output: Training/Capacity Building
2026-07-07 15:17:49 | INFO     | [ACT-0001] Handler: TrainingOutputHandler
2026-07-07 15:17:49 | INFO     | [ACT-0001] Detail Sheet: Training
2026-07-07 15:17:49 | INFO     | [ACT-0001] Radio: outputActvityAstId102
2026-07-07 15:18:05 | WARNING  | row=0 activity_output_popup Training modal did not open: showTrainingDetailsPopup; diagnostics={'modalExists': True, 'modalClass': 'modal fade', 'modalDisplay': 'none', 'modalVisibility': 'visible', 'modalAriaHidden': None, 'rad
2026-07-07 15:18:05 | ERROR    | FAIL | row=0 field=activity_output | Training modal did not open: showTrainingDetailsPopup; diagnostics={'modalExists': True, 'modalClass': 'modal fade', 'modalDisplay': 'none', 'modalVisibility': 'visible', 'modalAriaHidden': None, 'radioExists': True, 'radioChecked': False, 'radioDisa
2026-07-07 15:18:05 | WARNING  | row 0 attempt 2 FAIL: [activity_output] Training modal did not open: showTrainingDetailsPopup; diagnostics={'modalExists': True, 'modalClass': 'modal fade', 'modalDisplay': 'none', 'modalVisibility': 'visible', 'modalAriaHidden': None, 'radioExists': True, 'radioChecked': False, 'radioDisabled': False, 'radioOnclick': "r
2026-07-07 15:18:10 | DEBUG    | row=0: watchId spinner finished, checkboxes should be loaded
2026-07-07 15:18:10 | DEBUG    | row=0 pdi: #checkboxes not visible, attempting to open
2026-07-07 15:18:11 | DEBUG    | row=0 pdi: requested (1): ['Neonatal mortality rate (per 1,000 live births)']
2026-07-07 15:18:11 | DEBUG    | row=0 pdi: found 12 checkbox inputs in panel
2026-07-07 15:18:11 | DEBUG    | row=0 pdi: skipping invalid checkbox: value=0 label='None'
2026-07-07 15:18:11 | DEBUG    | row=0 pdi: available checkbox id=missionAdId1 value=218 label='Whether the nurseries created in the school in the GP' enabled=True checked=False
2026-07-07 15:18:11 | DEBUG    | row=0 pdi: available checkbox id=missionAdId2 value=45 label='Neonatal mortality rate (per 1,000 live births)' enabled=True checked=False
2026-07-07 15:18:11 | DEBUG    | row=0 pdi: available checkbox id=missionAdId3 value=200 label='Percentage of household using clean cooking fuel' enabled=True checked=False
2026-07-07 15:18:11 | DEBUG    | row=0 pdi: available checkbox id=missionAdId4 value=540 label='Proportion of women (aged 30-49) screened under the Non Communicable Disease (NCD) programme for cervical/breast cancer' enabled=True checked=False
2026-07-07 15:18:11 | DEBUG    | row=0 pdi: available checkbox id=missionAdId5 value=60 label='Total GP spending on Health to the total expenditure' enabled=True checked=False
2026-07-07 15:18:11 | DEBUG    | row=0 pdi: skipping invalid checkbox: value=0 label='None'
2026-07-07 15:18:11 | DEBUG    | row=0 pdi: available checkbox id=missionAdId1 value=218 label='Whether the nurseries created in the school in the GP' enabled=True checked=False
2026-07-07 15:18:11 | DEBUG    | row=0 pdi: duplicate label instance ignored to preserve canonical checkbox: 'Whether the nurseries created in the school in the GP' id=missionAdId1
2026-07-07 15:18:11 | DEBUG    | row=0 pdi: available checkbox id=missionAdId2 value=45 label='Neonatal mortality rate (per 1,000 live births)' enabled=True checked=False
2026-07-07 15:18:11 | DEBUG    | row=0 pdi: duplicate label instance ignored to preserve canonical checkbox: 'Neonatal mortality rate (per 1,000 live births)' id=missionAdId2
2026-07-07 15:18:11 | DEBUG    | row=0 pdi: available checkbox id=missionAdId3 value=200 label='Percentage of household using clean cooking fuel' enabled=True checked=False
2026-07-07 15:18:11 | DEBUG    | row=0 pdi: duplicate label instance ignored to preserve canonical checkbox: 'Percentage of household using clean cooking fuel' id=missionAdId3
2026-07-07 15:18:11 | DEBUG    | row=0 pdi: available checkbox id=missionAdId4 value=540 label='Proportion of women (aged 30-49) screened under the Non Communicable Disease (NCD) programme for cervical/breast cancer' enabled=True checked=False
2026-07-07 15:18:11 | DEBUG    | row=0 pdi: duplicate label instance ignored to preserve canonical checkbox: 'Proportion of women (aged 30-49) screened under the Non Communicable Disease (NCD) programme for cervical/breast cancer' id=missionAdId4
2026-07-07 15:18:11 | DEBUG    | row=0 pdi: available checkbox id=missionAdId5 value=60 label='Total GP spending on Health to the total expenditure' enabled=True checked=False
2026-07-07 15:18:11 | DEBUG    | row=0 pdi: duplicate label instance ignored to preserve canonical checkbox: 'Total GP spending on Health to the total expenditure' id=missionAdId5
2026-07-07 15:18:11 | DEBUG    | row=0 pdi: clicking checkbox id=missionAdId2 value=45 label='Neonatal mortality rate (per 1,000 live births)'
2026-07-07 15:18:11 | DEBUG    | row=0 pdi: after click - is_selected=True dom_checked=True for 'Neonatal mortality rate (per 1,000 live births)'
2026-07-07 15:18:11 | DEBUG    | row=0 pdi: total selected indicators: 1
2026-07-07 15:18:11 | INFO     | row=0 pdi: selection complete
2026-07-07 15:18:11 | DEBUG    | row=0 pdi: duplicate label counts={'whether the nurseries created in the school in the gp': 2, 'neonatal mortality rate (per 1,000 live births)': 2, 'percentage of household using clean cooking fuel': 2, 'proportion of women (aged 30-49) screened under the non communicable disease (ncd) programme for cervical/breast cancer': 2, 'total gp spending on health to the total expenditure': 2}
2026-07-07 15:18:11 | DEBUG    | row=0 pdi: portal_diagnostic={'missionAdStatus': True, 'byId': {'missionAdId0': [{'checked': False, 'value': '0', 'name': 'missionAntodayaDet[0].maCode', 'disabled': True}, {'checked': False, 'value': '0', 'name': 'missionAntodayaDet[0].maCode', 'disabled': False}], 'missionAdId1': [{'checked': False, 'value': '218', 'name': 'missionAntodayaDet[1].maCode', 'disabled': False}, {'checked': False, 'value': '218', 'name': 'missionAntodayaDet[1].maCode', 'disabled': False}], 'missionAdId2': [{'checked': True, 'value': '45', 'name': 'missionAntodayaDet[2].maCode', 'disabled': False}, {'checked': False, 'value': '45', 'name': 'missionAntodayaDet[2].maCode', 'disabled': False}], 'missionAdId3': [{'checked': False, 'value': '200', 'name': 'missionAntodayaDet[3].maCode', 'disabled': False}, {'checked': False, 'value': '200', 'name': 'missionAntodayaDet[3].maCode', 'disabled': False}], 'missionAdId4': [{'checked': False, 'value': '540', 'name': 'missionAntodayaDet[4].maCode', 'disabled': False}, {'checked': False, 'value': '540', 'name': 'missionAntodayaDet[4].maCode', 'disabled': False}], 'missionAdId5': [{'checked': False, 'value': '60', 'name': 'missionAntodayaDet[5].maCode', 'disabled': False}, {'checked': False, 'value': '60', 'name': 'missionAntodayaDet[5].maCode', 'disabled': False}]}, 'visibleError': False}
2026-07-07 15:18:12 | DEBUG    | row=0 targeted_populace: requested indicators (1): ['All']
2026-07-07 15:18:12 | DEBUG    | row=0 targeted_populace: found 1 total labels in panel
2026-07-07 15:18:12 | DEBUG    | row=0 targeted_populace: checkbox 'All' enabled=True checked=False
2026-07-07 15:18:12 | DEBUG    | row=0 targeted_populace: clicking checkbox: 'All'
2026-07-07 15:18:12 | DEBUG    | row=0 targeted_populace: checkbox selected successfully: 'All'
2026-07-07 15:18:13 | DEBUG    | row=0: total indicative cost calculated as: 0
2026-07-07 15:18:13 | DEBUG    | row=0: Supported Department - requesting: 'Department of Food & Public Distribution'
2026-07-07 15:18:13 | DEBUG    | row=0: Waiting for supported_department options to populate
2026-07-07 15:18:13 | DEBUG    | row=0: supported_department options available: 1 options
2026-07-07 15:18:13 | DEBUG    | row=0: supported_department options=[{'value': '5', 'text': 'Ministry of MSME'}]
2026-07-07 15:18:13 | WARNING  | row=0: supported_department option not found: Supported Department option not found: Department of Food & Public Distribution
2026-07-07 15:18:13 | WARNING  | row=0 field=select_supported_department non-fatal Supported Department option not found: Department of Food & Public Distribution
2026-07-07 15:18:13 | ERROR    | FAIL | row=0 field=select_supported_department | Supported Department option not found: Department of Food & Public Distribution
2026-07-07 15:18:13 | DEBUG    | row=0: estimated total cost section not visible
2026-07-07 15:18:13 | DEBUG    | row=0 activity_output: requested='Training/Capacity Building' normalized='training' diagnostics=[{'id': 'outputActvityAstId101', 'name': 'outputTyp', 'value': '', 'visible': True, 'enabled': False, 'checked': False, 'label': 'Asset'}, {'id': 'outputActvityAstId102', 'name': 'outputTyp', 'value': '', 'visible': True, 'enabled': True, 'checked': False, 'label': 'Training/Capacity Building'}, {'id': 'outputActvityAstId103', 'name': 'outputTyp', 'value': '', 'visible': True, 'enabled': True, 'checked': False, 'label': 'Community Service'}, {'id': 'outputActvityAstId109', 'name': 'outputTyp', 'value': '', 'visible': True, 'enabled': True, 'checked': False, 'label': 'Beneficiaries'}, {'id': 'outputActvityAstId110', 'name': 'outputTyp', 'value': '', 'visible': True, 'enabled': False, 'checked': False, 'label': 'VPRP Beneficiaries'}]
2026-07-07 15:18:13 | DEBUG    | [ACT-0001] pre_training_validation_state={'checked': [{'id': 'missionAdId2', 'value': '45', 'name': 'missionAntodayaDet[2].maCode'}], 'activityMAErrorVisible': False, 'outputAreaVisible': True}
2026-07-07 15:18:13 | INFO     | [ACT-0001] Activity Output detail record found
2026-07-07 15:18:13 | INFO     | [ACT-0001] Activity Output: Training/Capacity Building
2026-07-07 15:18:13 | INFO     | [ACT-0001] Handler: TrainingOutputHandler
2026-07-07 15:18:13 | INFO     | [ACT-0001] Detail Sheet: Training
2026-07-07 15:18:13 | INFO     | [ACT-0001] Radio: outputActvityAstId102
2026-07-07 15:18:28 | WARNING  | row=0 activity_output_popup Training modal did not open: showTrainingDetailsPopup; diagnostics={'modalExists': True, 'modalClass': 'modal fade', 'modalDisplay': 'none', 'modalVisibility': 'visible', 'modalAriaHidden': None, 'rad
2026-07-07 15:18:29 | ERROR    | FAIL | row=0 field=activity_output | Training modal did not open: showTrainingDetailsPopup; diagnostics={'modalExists': True, 'modalClass': 'modal fade', 'modalDisplay': 'none', 'modalVisibility': 'visible', 'modalAriaHidden': None, 'radioExists': True, 'radioChecked': False, 'radioDisa
2026-07-07 15:18:29 | WARNING  | row 0 attempt 3 FAIL: [activity_output] Training modal did not open: showTrainingDetailsPopup; diagnostics={'modalExists': True, 'modalClass': 'modal fade', 'modalDisplay': 'none', 'modalVisibility': 'visible', 'modalAriaHidden': None, 'radioExists': True, 'radioChecked': False, 'radioDisabled': False, 'radioOnclick': "r
2026-07-07 15:18:29 | ERROR    | row 0 FAILED after all retries
2026-07-07 15:18:29 | INFO     | DONE 185s total=1 success=0 failed=1 rate=0.0%
2026-07-07 15:27:02 | INFO     | ============================================================
2026-07-07 15:27:02 | INFO     | eGramSwaraj Bot START (v5)
2026-07-07 15:27:02 | INFO     | ============================================================
2026-07-07 15:27:02 | INFO     | rows: total=1 done=0 pending=1
2026-07-07 15:27:07 | INFO     | Waiting for manual login -> addactivity.htm ...
2026-07-07 15:28:22 | INFO     | Form ready at: https://egramswaraj.gov.in/addactivity.htm
2026-07-07 15:28:26 | INFO     | -- row 0 | Awareness camp on behavioural issues of Mission LiFE
2026-07-07 15:28:30 | DEBUG    | row=0: watchId spinner finished, checkboxes should be loaded
2026-07-07 15:28:30 | DEBUG    | row=0 pdi: #checkboxes not visible, attempting to open
2026-07-07 15:28:30 | DEBUG    | row=0 pdi: requested (1): ['Neonatal mortality rate (per 1,000 live births)']
2026-07-07 15:28:30 | DEBUG    | row=0 pdi: found 12 checkbox inputs in panel
2026-07-07 15:28:30 | DEBUG    | row=0 pdi: skipping invalid checkbox: value=0 label='None'
2026-07-07 15:28:30 | DEBUG    | row=0 pdi: available checkbox id=missionAdId1 value=218 label='Whether the nurseries created in the school in the GP' enabled=True checked=False
2026-07-07 15:28:30 | DEBUG    | row=0 pdi: available checkbox id=missionAdId2 value=45 label='Neonatal mortality rate (per 1,000 live births)' enabled=True checked=False
2026-07-07 15:28:30 | DEBUG    | row=0 pdi: available checkbox id=missionAdId3 value=200 label='Percentage of household using clean cooking fuel' enabled=True checked=False
2026-07-07 15:28:30 | DEBUG    | row=0 pdi: available checkbox id=missionAdId4 value=540 label='Proportion of women (aged 30-49) screened under the Non Communicable Disease (NCD) programme for cervical/breast cancer' enabled=True checked=False
2026-07-07 15:28:30 | DEBUG    | row=0 pdi: available checkbox id=missionAdId5 value=60 label='Total GP spending on Health to the total expenditure' enabled=True checked=False
2026-07-07 15:28:30 | DEBUG    | row=0 pdi: skipping invalid checkbox: value=0 label='None'
2026-07-07 15:28:30 | DEBUG    | row=0 pdi: available checkbox id=missionAdId1 value=218 label='Whether the nurseries created in the school in the GP' enabled=True checked=False
2026-07-07 15:28:30 | DEBUG    | row=0 pdi: duplicate label instance ignored to preserve canonical checkbox: 'Whether the nurseries created in the school in the GP' id=missionAdId1
2026-07-07 15:28:31 | DEBUG    | row=0 pdi: available checkbox id=missionAdId2 value=45 label='Neonatal mortality rate (per 1,000 live births)' enabled=True checked=False
2026-07-07 15:28:31 | DEBUG    | row=0 pdi: duplicate label instance ignored to preserve canonical checkbox: 'Neonatal mortality rate (per 1,000 live births)' id=missionAdId2
2026-07-07 15:28:31 | DEBUG    | row=0 pdi: available checkbox id=missionAdId3 value=200 label='Percentage of household using clean cooking fuel' enabled=True checked=False
2026-07-07 15:28:31 | DEBUG    | row=0 pdi: duplicate label instance ignored to preserve canonical checkbox: 'Percentage of household using clean cooking fuel' id=missionAdId3
2026-07-07 15:28:31 | DEBUG    | row=0 pdi: available checkbox id=missionAdId4 value=540 label='Proportion of women (aged 30-49) screened under the Non Communicable Disease (NCD) programme for cervical/breast cancer' enabled=True checked=False
2026-07-07 15:28:31 | DEBUG    | row=0 pdi: duplicate label instance ignored to preserve canonical checkbox: 'Proportion of women (aged 30-49) screened under the Non Communicable Disease (NCD) programme for cervical/breast cancer' id=missionAdId4
2026-07-07 15:28:31 | DEBUG    | row=0 pdi: available checkbox id=missionAdId5 value=60 label='Total GP spending on Health to the total expenditure' enabled=True checked=False
2026-07-07 15:28:31 | DEBUG    | row=0 pdi: duplicate label instance ignored to preserve canonical checkbox: 'Total GP spending on Health to the total expenditure' id=missionAdId5
2026-07-07 15:28:31 | DEBUG    | row=0 pdi: clicking checkbox id=missionAdId2 value=45 label='Neonatal mortality rate (per 1,000 live births)'
2026-07-07 15:28:31 | DEBUG    | row=0 pdi: after click - is_selected=True dom_checked=True for 'Neonatal mortality rate (per 1,000 live births)'
2026-07-07 15:28:31 | DEBUG    | row=0 pdi: total selected indicators: 1
2026-07-07 15:28:31 | INFO     | row=0 pdi: selection complete
2026-07-07 15:28:31 | DEBUG    | row=0 pdi: duplicate label counts={'whether the nurseries created in the school in the gp': 2, 'neonatal mortality rate (per 1,000 live births)': 2, 'percentage of household using clean cooking fuel': 2, 'proportion of women (aged 30-49) screened under the non communicable disease (ncd) programme for cervical/breast cancer': 2, 'total gp spending on health to the total expenditure': 2}
2026-07-07 15:28:31 | DEBUG    | row=0 pdi: portal_diagnostic={'missionAdStatus': True, 'byId': {'missionAdId0': [{'checked': False, 'value': '0', 'name': 'missionAntodayaDet[0].maCode', 'disabled': True}, {'checked': False, 'value': '0', 'name': 'missionAntodayaDet[0].maCode', 'disabled': False}], 'missionAdId1': [{'checked': False, 'value': '218', 'name': 'missionAntodayaDet[1].maCode', 'disabled': False}, {'checked': False, 'value': '218', 'name': 'missionAntodayaDet[1].maCode', 'disabled': False}], 'missionAdId2': [{'checked': True, 'value': '45', 'name': 'missionAntodayaDet[2].maCode', 'disabled': False}, {'checked': False, 'value': '45', 'name': 'missionAntodayaDet[2].maCode', 'disabled': False}], 'missionAdId3': [{'checked': False, 'value': '200', 'name': 'missionAntodayaDet[3].maCode', 'disabled': False}, {'checked': False, 'value': '200', 'name': 'missionAntodayaDet[3].maCode', 'disabled': False}], 'missionAdId4': [{'checked': False, 'value': '540', 'name': 'missionAntodayaDet[4].maCode', 'disabled': False}, {'checked': False, 'value': '540', 'name': 'missionAntodayaDet[4].maCode', 'disabled': False}], 'missionAdId5': [{'checked': False, 'value': '60', 'name': 'missionAntodayaDet[5].maCode', 'disabled': False}, {'checked': False, 'value': '60', 'name': 'missionAntodayaDet[5].maCode', 'disabled': False}]}, 'visibleError': False}
2026-07-07 15:28:31 | DEBUG    | row=0 targeted_populace: requested indicators (1): ['All']
2026-07-07 15:28:31 | DEBUG    | row=0 targeted_populace: found 1 total labels in panel
2026-07-07 15:28:31 | DEBUG    | row=0 targeted_populace: checkbox 'All' enabled=True checked=False
2026-07-07 15:28:31 | DEBUG    | row=0 targeted_populace: clicking checkbox: 'All'
2026-07-07 15:28:32 | DEBUG    | row=0 targeted_populace: checkbox selected successfully: 'All'
2026-07-07 15:28:32 | WARNING  | row=0 field=start_month non-fatal 'March' not found in #startMonthId. Available (9): ['4:April', '5:May', '6:June', '7:July', '8:August', '9:September', '10:October', '11:November', '12:December']
2026-07-07 15:28:32 | ERROR    | FAIL | row=0 field=start_month | 'March' not found in #startMonthId. Available (9): ['4:April', '5:May', '6:June', '7:July', '8:August', '9:September', '10:October', '11:November', '12:December']
2026-07-07 15:28:32 | DEBUG    | row=0: total indicative cost calculated as: 300 (excel: 35)
2026-07-07 15:28:32 | WARNING  | row=0 field=total_indicative_cost warning Total indicative cost mismatch: excel=35, portal=300
2026-07-07 15:28:33 | ERROR    | FAIL | row=0 field=total_indicative_cost | Total indicative cost mismatch: excel=35, portal=300
2026-07-07 15:28:33 | DEBUG    | row=0: Supported Department - requesting: 'Department of Food & Public Distribution'
2026-07-07 15:28:33 | DEBUG    | row=0: Waiting for supported_department options to populate
2026-07-07 15:28:33 | DEBUG    | row=0: supported_department options available: 1 options
2026-07-07 15:28:33 | DEBUG    | row=0: supported_department options=[{'value': '5', 'text': 'Ministry of MSME'}]
2026-07-07 15:28:33 | WARNING  | row=0: supported_department option not found: Supported Department option not found: Department of Food & Public Distribution
2026-07-07 15:28:33 | WARNING  | row=0 field=select_supported_department non-fatal Supported Department option not found: Department of Food & Public Distribution
2026-07-07 15:28:33 | ERROR    | FAIL | row=0 field=select_supported_department | Supported Department option not found: Department of Food & Public Distribution
2026-07-07 15:28:33 | DEBUG    | row=0: estimated total cost section not visible
2026-07-07 15:28:33 | DEBUG    | row=0 activity_output: requested='Training/Capacity Building' normalized='training' diagnostics=[{'id': 'outputActvityAstId101', 'name': 'outputTyp', 'value': '', 'visible': True, 'enabled': False, 'checked': False, 'label': 'Asset'}, {'id': 'outputActvityAstId102', 'name': 'outputTyp', 'value': '', 'visible': True, 'enabled': True, 'checked': False, 'label': 'Training/Capacity Building'}, {'id': 'outputActvityAstId103', 'name': 'outputTyp', 'value': '', 'visible': True, 'enabled': True, 'checked': False, 'label': 'Community Service'}, {'id': 'outputActvityAstId109', 'name': 'outputTyp', 'value': '', 'visible': True, 'enabled': True, 'checked': False, 'label': 'Beneficiaries'}, {'id': 'outputActvityAstId110', 'name': 'outputTyp', 'value': '', 'visible': True, 'enabled': False, 'checked': False, 'label': 'VPRP Beneficiaries'}]
2026-07-07 15:28:33 | DEBUG    | [ACT-0001] pre_training_validation_state={'checked': [{'id': 'missionAdId2', 'value': '45', 'name': 'missionAntodayaDet[2].maCode'}], 'activityMAErrorVisible': False, 'outputAreaVisible': True}
2026-07-07 15:28:33 | INFO     | [ACT-0001] Activity Output detail record found
2026-07-07 15:28:33 | INFO     | [ACT-0001] Activity Output: Training/Capacity Building
2026-07-07 15:28:33 | INFO     | [ACT-0001] Handler: TrainingOutputHandler
2026-07-07 15:28:33 | INFO     | [ACT-0001] Detail Sheet: Training
2026-07-07 15:28:33 | INFO     | [ACT-0001] Radio: outputActvityAstId102
2026-07-07 15:28:48 | WARNING  | row=0 activity_output_popup Training modal did not open: showTrainingDetailsPopup; diagnostics={'modalExists': True, 'modalClass': 'modal fade', 'modalDisplay': 'none', 'modalVisibility': 'visible', 'modalAriaHidden': None, 'rad
2026-07-07 15:28:49 | ERROR    | FAIL | row=0 field=activity_output | Training modal did not open: showTrainingDetailsPopup; diagnostics={'modalExists': True, 'modalClass': 'modal fade', 'modalDisplay': 'none', 'modalVisibility': 'visible', 'modalAriaHidden': None, 'radioExists': True, 'radioChecked': False, 'radioDisa
2026-07-07 15:28:49 | WARNING  | row 0 attempt 1 FAIL: [total_indicative_cost] Total indicative cost mismatch: excel=35, portal=300 | [activity_output] Training modal did not open: showTrainingDetailsPopup; diagnostics={'modalExists': True, 'modalClass': 'modal fade', 'modalDisplay': 'none', 'modalVisibility': 'visible', 'modalAriaHidden': None, 'radioE
2026-07-07 15:28:55 | DEBUG    | row=0: watchId spinner finished, checkboxes should be loaded
2026-07-07 15:28:55 | DEBUG    | row=0 pdi: #checkboxes not visible, attempting to open
2026-07-07 15:28:55 | DEBUG    | row=0 pdi: requested (1): ['Neonatal mortality rate (per 1,000 live births)']
2026-07-07 15:28:55 | DEBUG    | row=0 pdi: found 12 checkbox inputs in panel
2026-07-07 15:28:55 | DEBUG    | row=0 pdi: skipping invalid checkbox: value=0 label='None'
2026-07-07 15:28:55 | DEBUG    | row=0 pdi: available checkbox id=missionAdId1 value=218 label='Whether the nurseries created in the school in the GP' enabled=True checked=False
2026-07-07 15:28:55 | DEBUG    | row=0 pdi: available checkbox id=missionAdId2 value=45 label='Neonatal mortality rate (per 1,000 live births)' enabled=True checked=False
2026-07-07 15:28:55 | DEBUG    | row=0 pdi: available checkbox id=missionAdId3 value=200 label='Percentage of household using clean cooking fuel' enabled=True checked=False
2026-07-07 15:28:55 | DEBUG    | row=0 pdi: available checkbox id=missionAdId4 value=540 label='Proportion of women (aged 30-49) screened under the Non Communicable Disease (NCD) programme for cervical/breast cancer' enabled=True checked=False
2026-07-07 15:28:55 | DEBUG    | row=0 pdi: available checkbox id=missionAdId5 value=60 label='Total GP spending on Health to the total expenditure' enabled=True checked=False
2026-07-07 15:28:55 | DEBUG    | row=0 pdi: skipping invalid checkbox: value=0 label='None'
2026-07-07 15:28:55 | DEBUG    | row=0 pdi: available checkbox id=missionAdId1 value=218 label='Whether the nurseries created in the school in the GP' enabled=True checked=False
2026-07-07 15:28:55 | DEBUG    | row=0 pdi: duplicate label instance ignored to preserve canonical checkbox: 'Whether the nurseries created in the school in the GP' id=missionAdId1
2026-07-07 15:28:56 | DEBUG    | row=0 pdi: available checkbox id=missionAdId2 value=45 label='Neonatal mortality rate (per 1,000 live births)' enabled=True checked=False
2026-07-07 15:28:56 | DEBUG    | row=0 pdi: duplicate label instance ignored to preserve canonical checkbox: 'Neonatal mortality rate (per 1,000 live births)' id=missionAdId2
2026-07-07 15:28:56 | DEBUG    | row=0 pdi: available checkbox id=missionAdId3 value=200 label='Percentage of household using clean cooking fuel' enabled=True checked=False
2026-07-07 15:28:56 | DEBUG    | row=0 pdi: duplicate label instance ignored to preserve canonical checkbox: 'Percentage of household using clean cooking fuel' id=missionAdId3
2026-07-07 15:28:56 | DEBUG    | row=0 pdi: available checkbox id=missionAdId4 value=540 label='Proportion of women (aged 30-49) screened under the Non Communicable Disease (NCD) programme for cervical/breast cancer' enabled=True checked=False
2026-07-07 15:28:56 | DEBUG    | row=0 pdi: duplicate label instance ignored to preserve canonical checkbox: 'Proportion of women (aged 30-49) screened under the Non Communicable Disease (NCD) programme for cervical/breast cancer' id=missionAdId4
2026-07-07 15:28:56 | DEBUG    | row=0 pdi: available checkbox id=missionAdId5 value=60 label='Total GP spending on Health to the total expenditure' enabled=True checked=False
2026-07-07 15:28:56 | DEBUG    | row=0 pdi: duplicate label instance ignored to preserve canonical checkbox: 'Total GP spending on Health to the total expenditure' id=missionAdId5
2026-07-07 15:28:56 | DEBUG    | row=0 pdi: clicking checkbox id=missionAdId2 value=45 label='Neonatal mortality rate (per 1,000 live births)'
2026-07-07 15:28:56 | DEBUG    | row=0 pdi: after click - is_selected=True dom_checked=True for 'Neonatal mortality rate (per 1,000 live births)'
2026-07-07 15:28:56 | DEBUG    | row=0 pdi: total selected indicators: 1
2026-07-07 15:28:56 | INFO     | row=0 pdi: selection complete
2026-07-07 15:28:56 | DEBUG    | row=0 pdi: duplicate label counts={'whether the nurseries created in the school in the gp': 2, 'neonatal mortality rate (per 1,000 live births)': 2, 'percentage of household using clean cooking fuel': 2, 'proportion of women (aged 30-49) screened under the non communicable disease (ncd) programme for cervical/breast cancer': 2, 'total gp spending on health to the total expenditure': 2}
2026-07-07 15:28:56 | DEBUG    | row=0 pdi: portal_diagnostic={'missionAdStatus': True, 'byId': {'missionAdId0': [{'checked': False, 'value': '0', 'name': 'missionAntodayaDet[0].maCode', 'disabled': True}, {'checked': False, 'value': '0', 'name': 'missionAntodayaDet[0].maCode', 'disabled': False}], 'missionAdId1': [{'checked': False, 'value': '218', 'name': 'missionAntodayaDet[1].maCode', 'disabled': False}, {'checked': False, 'value': '218', 'name': 'missionAntodayaDet[1].maCode', 'disabled': False}], 'missionAdId2': [{'checked': True, 'value': '45', 'name': 'missionAntodayaDet[2].maCode', 'disabled': False}, {'checked': False, 'value': '45', 'name': 'missionAntodayaDet[2].maCode', 'disabled': False}], 'missionAdId3': [{'checked': False, 'value': '200', 'name': 'missionAntodayaDet[3].maCode', 'disabled': False}, {'checked': False, 'value': '200', 'name': 'missionAntodayaDet[3].maCode', 'disabled': False}], 'missionAdId4': [{'checked': False, 'value': '540', 'name': 'missionAntodayaDet[4].maCode', 'disabled': False}, {'checked': False, 'value': '540', 'name': 'missionAntodayaDet[4].maCode', 'disabled': False}], 'missionAdId5': [{'checked': False, 'value': '60', 'name': 'missionAntodayaDet[5].maCode', 'disabled': False}, {'checked': False, 'value': '60', 'name': 'missionAntodayaDet[5].maCode', 'disabled': False}]}, 'visibleError': False}
2026-07-07 15:28:56 | DEBUG    | row=0 targeted_populace: requested indicators (1): ['All']
2026-07-07 15:28:56 | DEBUG    | row=0 targeted_populace: found 1 total labels in panel
2026-07-07 15:28:56 | DEBUG    | row=0 targeted_populace: checkbox 'All' enabled=True checked=False
2026-07-07 15:28:56 | DEBUG    | row=0 targeted_populace: clicking checkbox: 'All'
2026-07-07 15:28:56 | DEBUG    | row=0 targeted_populace: checkbox selected successfully: 'All'
2026-07-07 15:28:57 | WARNING  | row=0 field=start_month non-fatal 'March' not found in #startMonthId. Available (9): ['4:April', '5:May', '6:June', '7:July', '8:August', '9:September', '10:October', '11:November', '12:December']
2026-07-07 15:28:57 | ERROR    | FAIL | row=0 field=start_month | 'March' not found in #startMonthId. Available (9): ['4:April', '5:May', '6:June', '7:July', '8:August', '9:September', '10:October', '11:November', '12:December']
2026-07-07 15:28:57 | DEBUG    | row=0: total indicative cost calculated as: 300 (excel: 35)
2026-07-07 15:28:57 | WARNING  | row=0 field=total_indicative_cost warning Total indicative cost mismatch: excel=35, portal=300
2026-07-07 15:28:57 | ERROR    | FAIL | row=0 field=total_indicative_cost | Total indicative cost mismatch: excel=35, portal=300
2026-07-07 15:28:57 | DEBUG    | row=0: Supported Department - requesting: 'Department of Food & Public Distribution'
2026-07-07 15:28:57 | DEBUG    | row=0: Waiting for supported_department options to populate
2026-07-07 15:28:58 | DEBUG    | row=0: supported_department options available: 1 options
2026-07-07 15:28:58 | DEBUG    | row=0: supported_department options=[{'value': '5', 'text': 'Ministry of MSME'}]
2026-07-07 15:28:58 | WARNING  | row=0: supported_department option not found: Supported Department option not found: Department of Food & Public Distribution
2026-07-07 15:28:58 | WARNING  | row=0 field=select_supported_department non-fatal Supported Department option not found: Department of Food & Public Distribution
2026-07-07 15:28:58 | ERROR    | FAIL | row=0 field=select_supported_department | Supported Department option not found: Department of Food & Public Distribution
2026-07-07 15:28:58 | DEBUG    | row=0: estimated total cost section not visible
2026-07-07 15:28:58 | DEBUG    | row=0 activity_output: requested='Training/Capacity Building' normalized='training' diagnostics=[{'id': 'outputActvityAstId101', 'name': 'outputTyp', 'value': '', 'visible': True, 'enabled': False, 'checked': False, 'label': 'Asset'}, {'id': 'outputActvityAstId102', 'name': 'outputTyp', 'value': '', 'visible': True, 'enabled': True, 'checked': False, 'label': 'Training/Capacity Building'}, {'id': 'outputActvityAstId103', 'name': 'outputTyp', 'value': '', 'visible': True, 'enabled': True, 'checked': False, 'label': 'Community Service'}, {'id': 'outputActvityAstId109', 'name': 'outputTyp', 'value': '', 'visible': True, 'enabled': True, 'checked': False, 'label': 'Beneficiaries'}, {'id': 'outputActvityAstId110', 'name': 'outputTyp', 'value': '', 'visible': True, 'enabled': False, 'checked': False, 'label': 'VPRP Beneficiaries'}]
2026-07-07 15:28:58 | DEBUG    | [ACT-0001] pre_training_validation_state={'checked': [{'id': 'missionAdId2', 'value': '45', 'name': 'missionAntodayaDet[2].maCode'}], 'activityMAErrorVisible': False, 'outputAreaVisible': True}
2026-07-07 15:28:58 | INFO     | [ACT-0001] Activity Output detail record found
2026-07-07 15:28:58 | INFO     | [ACT-0001] Activity Output: Training/Capacity Building
2026-07-07 15:28:58 | INFO     | [ACT-0001] Handler: TrainingOutputHandler
2026-07-07 15:28:58 | INFO     | [ACT-0001] Detail Sheet: Training
2026-07-07 15:28:58 | INFO     | [ACT-0001] Radio: outputActvityAstId102
2026-07-07 15:29:13 | WARNING  | row=0 activity_output_popup Training modal did not open: showTrainingDetailsPopup; diagnostics={'modalExists': True, 'modalClass': 'modal fade', 'modalDisplay': 'none', 'modalVisibility': 'visible', 'modalAriaHidden': None, 'rad
2026-07-07 15:29:13 | ERROR    | FAIL | row=0 field=activity_output | Training modal did not open: showTrainingDetailsPopup; diagnostics={'modalExists': True, 'modalClass': 'modal fade', 'modalDisplay': 'none', 'modalVisibility': 'visible', 'modalAriaHidden': None, 'radioExists': True, 'radioChecked': False, 'radioDisa
2026-07-07 15:29:13 | WARNING  | row 0 attempt 2 FAIL: [total_indicative_cost] Total indicative cost mismatch: excel=35, portal=300 | [activity_output] Training modal did not open: showTrainingDetailsPopup; diagnostics={'modalExists': True, 'modalClass': 'modal fade', 'modalDisplay': 'none', 'modalVisibility': 'visible', 'modalAriaHidden': None, 'radioE
2026-07-07 15:29:19 | DEBUG    | row=0: watchId spinner finished, checkboxes should be loaded
2026-07-07 15:29:19 | DEBUG    | row=0 pdi: #checkboxes not visible, attempting to open
2026-07-07 15:29:19 | DEBUG    | row=0 pdi: requested (1): ['Neonatal mortality rate (per 1,000 live births)']
2026-07-07 15:29:19 | DEBUG    | row=0 pdi: found 12 checkbox inputs in panel
2026-07-07 15:29:19 | DEBUG    | row=0 pdi: skipping invalid checkbox: value=0 label='None'
2026-07-07 15:29:19 | DEBUG    | row=0 pdi: available checkbox id=missionAdId1 value=218 label='Whether the nurseries created in the school in the GP' enabled=True checked=False
2026-07-07 15:29:19 | DEBUG    | row=0 pdi: available checkbox id=missionAdId2 value=45 label='Neonatal mortality rate (per 1,000 live births)' enabled=True checked=False
2026-07-07 15:29:20 | DEBUG    | row=0 pdi: available checkbox id=missionAdId3 value=200 label='Percentage of household using clean cooking fuel' enabled=True checked=False
2026-07-07 15:29:20 | DEBUG    | row=0 pdi: available checkbox id=missionAdId4 value=540 label='Proportion of women (aged 30-49) screened under the Non Communicable Disease (NCD) programme for cervical/breast cancer' enabled=True checked=False
2026-07-07 15:29:20 | DEBUG    | row=0 pdi: available checkbox id=missionAdId5 value=60 label='Total GP spending on Health to the total expenditure' enabled=True checked=False
2026-07-07 15:29:20 | DEBUG    | row=0 pdi: skipping invalid checkbox: value=0 label='None'
2026-07-07 15:29:20 | DEBUG    | row=0 pdi: available checkbox id=missionAdId1 value=218 label='Whether the nurseries created in the school in the GP' enabled=True checked=False
2026-07-07 15:29:20 | DEBUG    | row=0 pdi: duplicate label instance ignored to preserve canonical checkbox: 'Whether the nurseries created in the school in the GP' id=missionAdId1
2026-07-07 15:29:20 | DEBUG    | row=0 pdi: available checkbox id=missionAdId2 value=45 label='Neonatal mortality rate (per 1,000 live births)' enabled=True checked=False
2026-07-07 15:29:20 | DEBUG    | row=0 pdi: duplicate label instance ignored to preserve canonical checkbox: 'Neonatal mortality rate (per 1,000 live births)' id=missionAdId2
2026-07-07 15:29:20 | DEBUG    | row=0 pdi: available checkbox id=missionAdId3 value=200 label='Percentage of household using clean cooking fuel' enabled=True checked=False
2026-07-07 15:29:20 | DEBUG    | row=0 pdi: duplicate label instance ignored to preserve canonical checkbox: 'Percentage of household using clean cooking fuel' id=missionAdId3
2026-07-07 15:29:20 | DEBUG    | row=0 pdi: available checkbox id=missionAdId4 value=540 label='Proportion of women (aged 30-49) screened under the Non Communicable Disease (NCD) programme for cervical/breast cancer' enabled=True checked=False
2026-07-07 15:29:20 | DEBUG    | row=0 pdi: duplicate label instance ignored to preserve canonical checkbox: 'Proportion of women (aged 30-49) screened under the Non Communicable Disease (NCD) programme for cervical/breast cancer' id=missionAdId4
2026-07-07 15:29:20 | DEBUG    | row=0 pdi: available checkbox id=missionAdId5 value=60 label='Total GP spending on Health to the total expenditure' enabled=True checked=False
2026-07-07 15:29:20 | DEBUG    | row=0 pdi: duplicate label instance ignored to preserve canonical checkbox: 'Total GP spending on Health to the total expenditure' id=missionAdId5
2026-07-07 15:29:20 | DEBUG    | row=0 pdi: clicking checkbox id=missionAdId2 value=45 label='Neonatal mortality rate (per 1,000 live births)'
2026-07-07 15:29:20 | DEBUG    | row=0 pdi: after click - is_selected=True dom_checked=True for 'Neonatal mortality rate (per 1,000 live births)'
2026-07-07 15:29:20 | DEBUG    | row=0 pdi: total selected indicators: 1
2026-07-07 15:29:20 | INFO     | row=0 pdi: selection complete
2026-07-07 15:29:20 | DEBUG    | row=0 pdi: duplicate label counts={'whether the nurseries created in the school in the gp': 2, 'neonatal mortality rate (per 1,000 live births)': 2, 'percentage of household using clean cooking fuel': 2, 'proportion of women (aged 30-49) screened under the non communicable disease (ncd) programme for cervical/breast cancer': 2, 'total gp spending on health to the total expenditure': 2}
2026-07-07 15:29:20 | DEBUG    | row=0 pdi: portal_diagnostic={'missionAdStatus': True, 'byId': {'missionAdId0': [{'checked': False, 'value': '0', 'name': 'missionAntodayaDet[0].maCode', 'disabled': True}, {'checked': False, 'value': '0', 'name': 'missionAntodayaDet[0].maCode', 'disabled': False}], 'missionAdId1': [{'checked': False, 'value': '218', 'name': 'missionAntodayaDet[1].maCode', 'disabled': False}, {'checked': False, 'value': '218', 'name': 'missionAntodayaDet[1].maCode', 'disabled': False}], 'missionAdId2': [{'checked': True, 'value': '45', 'name': 'missionAntodayaDet[2].maCode', 'disabled': False}, {'checked': False, 'value': '45', 'name': 'missionAntodayaDet[2].maCode', 'disabled': False}], 'missionAdId3': [{'checked': False, 'value': '200', 'name': 'missionAntodayaDet[3].maCode', 'disabled': False}, {'checked': False, 'value': '200', 'name': 'missionAntodayaDet[3].maCode', 'disabled': False}], 'missionAdId4': [{'checked': False, 'value': '540', 'name': 'missionAntodayaDet[4].maCode', 'disabled': False}, {'checked': False, 'value': '540', 'name': 'missionAntodayaDet[4].maCode', 'disabled': False}], 'missionAdId5': [{'checked': False, 'value': '60', 'name': 'missionAntodayaDet[5].maCode', 'disabled': False}, {'checked': False, 'value': '60', 'name': 'missionAntodayaDet[5].maCode', 'disabled': False}]}, 'visibleError': False}
2026-07-07 15:29:21 | DEBUG    | row=0 targeted_populace: requested indicators (1): ['All']
2026-07-07 15:29:21 | DEBUG    | row=0 targeted_populace: found 1 total labels in panel
2026-07-07 15:29:21 | DEBUG    | row=0 targeted_populace: checkbox 'All' enabled=True checked=False
2026-07-07 15:29:21 | DEBUG    | row=0 targeted_populace: clicking checkbox: 'All'
2026-07-07 15:29:21 | DEBUG    | row=0 targeted_populace: checkbox selected successfully: 'All'
2026-07-07 15:29:21 | DEBUG    | row=0: total indicative cost calculated as: 300 (excel: 35)
2026-07-07 15:29:21 | WARNING  | row=0 field=total_indicative_cost warning Total indicative cost mismatch: excel=35, portal=300
2026-07-07 15:29:21 | ERROR    | FAIL | row=0 field=total_indicative_cost | Total indicative cost mismatch: excel=35, portal=300
2026-07-07 15:29:22 | DEBUG    | row=0: Supported Department - requesting: 'Department of Food & Public Distribution'
2026-07-07 15:29:22 | DEBUG    | row=0: Waiting for supported_department options to populate
2026-07-07 15:29:22 | DEBUG    | row=0: supported_department options available: 1 options
2026-07-07 15:29:22 | DEBUG    | row=0: supported_department options=[{'value': '5', 'text': 'Ministry of MSME'}]
2026-07-07 15:29:22 | WARNING  | row=0: supported_department option not found: Supported Department option not found: Department of Food & Public Distribution
2026-07-07 15:29:22 | WARNING  | row=0 field=select_supported_department non-fatal Supported Department option not found: Department of Food & Public Distribution
2026-07-07 15:29:22 | ERROR    | FAIL | row=0 field=select_supported_department | Supported Department option not found: Department of Food & Public Distribution
2026-07-07 15:29:22 | DEBUG    | row=0: estimated total cost section not visible
2026-07-07 15:29:22 | DEBUG    | row=0 activity_output: requested='Training/Capacity Building' normalized='training' diagnostics=[{'id': 'outputActvityAstId101', 'name': 'outputTyp', 'value': '', 'visible': True, 'enabled': False, 'checked': False, 'label': 'Asset'}, {'id': 'outputActvityAstId102', 'name': 'outputTyp', 'value': '', 'visible': True, 'enabled': True, 'checked': False, 'label': 'Training/Capacity Building'}, {'id': 'outputActvityAstId103', 'name': 'outputTyp', 'value': '', 'visible': True, 'enabled': True, 'checked': False, 'label': 'Community Service'}, {'id': 'outputActvityAstId109', 'name': 'outputTyp', 'value': '', 'visible': True, 'enabled': True, 'checked': False, 'label': 'Beneficiaries'}, {'id': 'outputActvityAstId110', 'name': 'outputTyp', 'value': '', 'visible': True, 'enabled': False, 'checked': False, 'label': 'VPRP Beneficiaries'}]
2026-07-07 15:29:22 | DEBUG    | [ACT-0001] pre_training_validation_state={'checked': [{'id': 'missionAdId2', 'value': '45', 'name': 'missionAntodayaDet[2].maCode'}], 'activityMAErrorVisible': False, 'outputAreaVisible': True}
2026-07-07 15:29:22 | INFO     | [ACT-0001] Activity Output detail record found
2026-07-07 15:29:22 | INFO     | [ACT-0001] Activity Output: Training/Capacity Building
2026-07-07 15:29:22 | INFO     | [ACT-0001] Handler: TrainingOutputHandler
2026-07-07 15:29:22 | INFO     | [ACT-0001] Detail Sheet: Training
2026-07-07 15:29:22 | INFO     | [ACT-0001] Radio: outputActvityAstId102
2026-07-07 15:29:37 | WARNING  | row=0 activity_output_popup Training modal did not open: showTrainingDetailsPopup; diagnostics={'modalExists': True, 'modalClass': 'modal fade', 'modalDisplay': 'none', 'modalVisibility': 'visible', 'modalAriaHidden': None, 'rad
2026-07-07 15:29:38 | ERROR    | FAIL | row=0 field=activity_output | Training modal did not open: showTrainingDetailsPopup; diagnostics={'modalExists': True, 'modalClass': 'modal fade', 'modalDisplay': 'none', 'modalVisibility': 'visible', 'modalAriaHidden': None, 'radioExists': True, 'radioChecked': False, 'radioDisa
2026-07-07 15:29:38 | WARNING  | row 0 attempt 3 FAIL: [total_indicative_cost] Total indicative cost mismatch: excel=35, portal=300 | [activity_output] Training modal did not open: showTrainingDetailsPopup; diagnostics={'modalExists': True, 'modalClass': 'modal fade', 'modalDisplay': 'none', 'modalVisibility': 'visible', 'modalAriaHidden': None, 'radioE
2026-07-07 15:29:38 | ERROR    | row 0 FAILED after all retries
2026-07-07 15:29:38 | INFO     | DONE 157s total=1 success=0 failed=1 rate=0.0%
2026-07-07 15:33:26 | INFO     | ============================================================
2026-07-07 15:33:26 | INFO     | eGramSwaraj Bot START (v5)
2026-07-07 15:33:26 | INFO     | ============================================================
2026-07-07 15:33:27 | INFO     | rows: total=1 done=0 pending=1
2026-07-07 15:33:32 | INFO     | Waiting for manual login -> addactivity.htm ...
2026-07-07 15:34:26 | INFO     | Form ready at: https://egramswaraj.gov.in/addactivity.htm
2026-07-07 15:34:30 | INFO     | -- row 0 | Awareness camp on behavioural issues of Mission LiFE
2026-07-07 15:34:34 | DEBUG    | row=0: watchId spinner finished, checkboxes should be loaded
2026-07-07 15:34:34 | DEBUG    | row=0 pdi: #checkboxes not visible, attempting to open
2026-07-07 15:34:34 | DEBUG    | row=0 pdi: requested (1): ['Neonatal mortality rate (per 1,000 live births)']
2026-07-07 15:34:34 | DEBUG    | row=0 pdi: found 6 checkbox inputs in panel
2026-07-07 15:34:35 | DEBUG    | row=0 pdi: skipping invalid checkbox: value=0 label='None'
2026-07-07 15:34:35 | DEBUG    | row=0 pdi: available checkbox id=missionAdId1 value=218 label='Whether the nurseries created in the school in the GP' enabled=True checked=False
2026-07-07 15:34:35 | DEBUG    | row=0 pdi: available checkbox id=missionAdId2 value=45 label='Neonatal mortality rate (per 1,000 live births)' enabled=True checked=False
2026-07-07 15:34:35 | DEBUG    | row=0 pdi: available checkbox id=missionAdId3 value=200 label='Percentage of household using clean cooking fuel' enabled=True checked=False
2026-07-07 15:34:35 | DEBUG    | row=0 pdi: available checkbox id=missionAdId4 value=540 label='Proportion of women (aged 30-49) screened under the Non Communicable Disease (NCD) programme for cervical/breast cancer' enabled=True checked=False
2026-07-07 15:34:35 | DEBUG    | row=0 pdi: available checkbox id=missionAdId5 value=60 label='Total GP spending on Health to the total expenditure' enabled=True checked=False
2026-07-07 15:34:35 | DEBUG    | row=0 pdi: clicking checkbox id=missionAdId2 value=45 label='Neonatal mortality rate (per 1,000 live births)'
2026-07-07 15:34:35 | DEBUG    | row=0 pdi: after click - is_selected=True dom_checked=True for 'Neonatal mortality rate (per 1,000 live births)'
2026-07-07 15:34:35 | DEBUG    | row=0 pdi: total selected indicators: 1
2026-07-07 15:34:35 | INFO     | row=0 pdi: selection complete
2026-07-07 15:34:35 | DEBUG    | row=0 pdi: portal_diagnostic={'missionAdStatus': True, 'byId': {'missionAdId0': [{'checked': False, 'value': '0', 'name': 'missionAntodayaDet[0].maCode', 'disabled': True}], 'missionAdId1': [{'checked': False, 'value': '218', 'name': 'missionAntodayaDet[1].maCode', 'disabled': False}], 'missionAdId2': [{'checked': True, 'value': '45', 'name': 'missionAntodayaDet[2].maCode', 'disabled': False}], 'missionAdId3': [{'checked': False, 'value': '200', 'name': 'missionAntodayaDet[3].maCode', 'disabled': False}], 'missionAdId4': [{'checked': False, 'value': '540', 'name': 'missionAntodayaDet[4].maCode', 'disabled': False}], 'missionAdId5': [{'checked': False, 'value': '60', 'name': 'missionAntodayaDet[5].maCode', 'disabled': False}]}, 'visibleError': False}
2026-07-07 15:34:36 | DEBUG    | row=0 targeted_populace: requested indicators (1): ['All']
2026-07-07 15:34:36 | DEBUG    | row=0 targeted_populace: found 1 total labels in panel
2026-07-07 15:34:36 | DEBUG    | row=0 targeted_populace: checkbox 'All' enabled=True checked=False
2026-07-07 15:34:36 | DEBUG    | row=0 targeted_populace: clicking checkbox: 'All'
2026-07-07 15:34:36 | DEBUG    | row=0 targeted_populace: checkbox selected successfully: 'All'
2026-07-07 15:34:36 | WARNING  | row=0 field=start_month non-fatal 'March' not found in #startMonthId. Available (9): ['4:April', '5:May', '6:June', '7:July', '8:August', '9:September', '10:October', '11:November', '12:December']
2026-07-07 15:34:36 | ERROR    | FAIL | row=0 field=start_month | 'March' not found in #startMonthId. Available (9): ['4:April', '5:May', '6:June', '7:July', '8:August', '9:September', '10:October', '11:November', '12:December']
2026-07-07 15:34:36 | DEBUG    | row=0: total indicative cost calculated as: 300 (excel: 35)
2026-07-07 15:34:36 | WARNING  | row=0: total indicative cost mismatch ignored because portal recalculates from live inputs (excel=35, portal=300)
2026-07-07 15:34:36 | DEBUG    | row=0: Supported Department - requesting: 'Department of Food & Public Distribution'
2026-07-07 15:34:36 | DEBUG    | row=0: Waiting for supported_department options to populate
2026-07-07 15:34:37 | DEBUG    | row=0: supported_department options available: 1 options
2026-07-07 15:34:37 | DEBUG    | row=0: supported_department options=[{'value': '5', 'text': 'Ministry of MSME'}]
2026-07-07 15:34:37 | WARNING  | row=0: supported_department option not found: Supported Department option not found: Department of Food & Public Distribution
2026-07-07 15:34:37 | WARNING  | row=0 field=select_supported_department non-fatal Supported Department option not found: Department of Food & Public Distribution
2026-07-07 15:34:37 | ERROR    | FAIL | row=0 field=select_supported_department | Supported Department option not found: Department of Food & Public Distribution
2026-07-07 15:34:37 | DEBUG    | row=0: estimated total cost section not visible
2026-07-07 15:34:37 | DEBUG    | row=0 activity_output: requested='Training/Capacity Building' normalized='training' diagnostics=[{'id': 'outputActvityAstId101', 'name': 'outputTyp', 'value': '', 'visible': True, 'enabled': False, 'checked': False, 'label': 'Asset'}, {'id': 'outputActvityAstId102', 'name': 'outputTyp', 'value': '', 'visible': True, 'enabled': True, 'checked': False, 'label': 'Training/Capacity Building'}, {'id': 'outputActvityAstId103', 'name': 'outputTyp', 'value': '', 'visible': True, 'enabled': True, 'checked': False, 'label': 'Community Service'}, {'id': 'outputActvityAstId109', 'name': 'outputTyp', 'value': '', 'visible': True, 'enabled': True, 'checked': False, 'label': 'Beneficiaries'}, {'id': 'outputActvityAstId110', 'name': 'outputTyp', 'value': '', 'visible': True, 'enabled': False, 'checked': False, 'label': 'VPRP Beneficiaries'}]
2026-07-07 15:34:37 | DEBUG    | [ACT-0001] pre_training_validation_state={'checked': [{'id': 'missionAdId2', 'value': '45', 'name': 'missionAntodayaDet[2].maCode'}], 'activityMAErrorVisible': False, 'outputAreaVisible': True}
2026-07-07 15:34:37 | INFO     | [ACT-0001] Activity Output detail record found
2026-07-07 15:34:37 | INFO     | [ACT-0001] Activity Output: Training/Capacity Building
2026-07-07 15:34:37 | INFO     | [ACT-0001] Handler: TrainingOutputHandler
2026-07-07 15:34:37 | INFO     | [ACT-0001] Detail Sheet: Training
2026-07-07 15:34:37 | INFO     | [ACT-0001] Radio: outputActvityAstId102
2026-07-07 15:34:52 | WARNING  | row=0 activity_output_popup Training modal did not open: showTrainingDetailsPopup; diagnostics={'modalExists': True, 'modalClass': 'modal fade', 'modalDisplay': 'none', 'modalVisibility': 'visible', 'modalAriaHidden': None, 'rad
2026-07-07 15:34:52 | ERROR    | FAIL | row=0 field=activity_output | Training modal did not open: showTrainingDetailsPopup; diagnostics={'modalExists': True, 'modalClass': 'modal fade', 'modalDisplay': 'none', 'modalVisibility': 'visible', 'modalAriaHidden': None, 'radioExists': True, 'radioChecked': False, 'radioDisa
2026-07-07 15:34:52 | WARNING  | row 0 attempt 1 FAIL: [activity_output] Training modal did not open: showTrainingDetailsPopup; diagnostics={'modalExists': True, 'modalClass': 'modal fade', 'modalDisplay': 'none', 'modalVisibility': 'visible', 'modalAriaHidden': None, 'radioExists': True, 'radioChecked': False, 'radioDisabled': False, 'radioOnclick': "r
2026-07-07 15:34:58 | DEBUG    | row=0: watchId spinner finished, checkboxes should be loaded
2026-07-07 15:34:58 | DEBUG    | row=0 pdi: #checkboxes not visible, attempting to open
2026-07-07 15:34:59 | DEBUG    | row=0 pdi: requested (1): ['Neonatal mortality rate (per 1,000 live births)']
2026-07-07 15:34:59 | DEBUG    | row=0 pdi: found 12 checkbox inputs in panel
2026-07-07 15:34:59 | DEBUG    | row=0 pdi: skipping invalid checkbox: value=0 label='None'
2026-07-07 15:34:59 | DEBUG    | row=0 pdi: available checkbox id=missionAdId1 value=218 label='Whether the nurseries created in the school in the GP' enabled=True checked=False
2026-07-07 15:34:59 | DEBUG    | row=0 pdi: available checkbox id=missionAdId2 value=45 label='Neonatal mortality rate (per 1,000 live births)' enabled=True checked=False
2026-07-07 15:34:59 | DEBUG    | row=0 pdi: available checkbox id=missionAdId3 value=200 label='Percentage of household using clean cooking fuel' enabled=True checked=False
2026-07-07 15:34:59 | DEBUG    | row=0 pdi: available checkbox id=missionAdId4 value=540 label='Proportion of women (aged 30-49) screened under the Non Communicable Disease (NCD) programme for cervical/breast cancer' enabled=True checked=False
2026-07-07 15:34:59 | DEBUG    | row=0 pdi: available checkbox id=missionAdId5 value=60 label='Total GP spending on Health to the total expenditure' enabled=True checked=False
2026-07-07 15:34:59 | DEBUG    | row=0 pdi: skipping invalid checkbox: value=0 label='None'
2026-07-07 15:34:59 | DEBUG    | row=0 pdi: available checkbox id=missionAdId1 value=218 label='Whether the nurseries created in the school in the GP' enabled=True checked=False
2026-07-07 15:34:59 | DEBUG    | row=0 pdi: duplicate label instance ignored to preserve canonical checkbox: 'Whether the nurseries created in the school in the GP' id=missionAdId1
2026-07-07 15:34:59 | DEBUG    | row=0 pdi: available checkbox id=missionAdId2 value=45 label='Neonatal mortality rate (per 1,000 live births)' enabled=True checked=False
2026-07-07 15:34:59 | DEBUG    | row=0 pdi: duplicate label instance ignored to preserve canonical checkbox: 'Neonatal mortality rate (per 1,000 live births)' id=missionAdId2
2026-07-07 15:34:59 | DEBUG    | row=0 pdi: available checkbox id=missionAdId3 value=200 label='Percentage of household using clean cooking fuel' enabled=True checked=False
2026-07-07 15:34:59 | DEBUG    | row=0 pdi: duplicate label instance ignored to preserve canonical checkbox: 'Percentage of household using clean cooking fuel' id=missionAdId3
2026-07-07 15:34:59 | DEBUG    | row=0 pdi: available checkbox id=missionAdId4 value=540 label='Proportion of women (aged 30-49) screened under the Non Communicable Disease (NCD) programme for cervical/breast cancer' enabled=True checked=False
2026-07-07 15:34:59 | DEBUG    | row=0 pdi: duplicate label instance ignored to preserve canonical checkbox: 'Proportion of women (aged 30-49) screened under the Non Communicable Disease (NCD) programme for cervical/breast cancer' id=missionAdId4
2026-07-07 15:34:59 | DEBUG    | row=0 pdi: available checkbox id=missionAdId5 value=60 label='Total GP spending on Health to the total expenditure' enabled=True checked=False
2026-07-07 15:34:59 | DEBUG    | row=0 pdi: duplicate label instance ignored to preserve canonical checkbox: 'Total GP spending on Health to the total expenditure' id=missionAdId5
2026-07-07 15:34:59 | DEBUG    | row=0 pdi: clicking checkbox id=missionAdId2 value=45 label='Neonatal mortality rate (per 1,000 live births)'
2026-07-07 15:34:59 | DEBUG    | row=0 pdi: after click - is_selected=True dom_checked=True for 'Neonatal mortality rate (per 1,000 live births)'
2026-07-07 15:34:59 | DEBUG    | row=0 pdi: total selected indicators: 1
2026-07-07 15:34:59 | INFO     | row=0 pdi: selection complete
2026-07-07 15:34:59 | DEBUG    | row=0 pdi: duplicate label counts={'whether the nurseries created in the school in the gp': 2, 'neonatal mortality rate (per 1,000 live births)': 2, 'percentage of household using clean cooking fuel': 2, 'proportion of women (aged 30-49) screened under the non communicable disease (ncd) programme for cervical/breast cancer': 2, 'total gp spending on health to the total expenditure': 2}
2026-07-07 15:34:59 | DEBUG    | row=0 pdi: portal_diagnostic={'missionAdStatus': True, 'byId': {'missionAdId0': [{'checked': False, 'value': '0', 'name': 'missionAntodayaDet[0].maCode', 'disabled': True}, {'checked': False, 'value': '0', 'name': 'missionAntodayaDet[0].maCode', 'disabled': False}], 'missionAdId1': [{'checked': False, 'value': '218', 'name': 'missionAntodayaDet[1].maCode', 'disabled': False}, {'checked': False, 'value': '218', 'name': 'missionAntodayaDet[1].maCode', 'disabled': False}], 'missionAdId2': [{'checked': True, 'value': '45', 'name': 'missionAntodayaDet[2].maCode', 'disabled': False}, {'checked': False, 'value': '45', 'name': 'missionAntodayaDet[2].maCode', 'disabled': False}], 'missionAdId3': [{'checked': False, 'value': '200', 'name': 'missionAntodayaDet[3].maCode', 'disabled': False}, {'checked': False, 'value': '200', 'name': 'missionAntodayaDet[3].maCode', 'disabled': False}], 'missionAdId4': [{'checked': False, 'value': '540', 'name': 'missionAntodayaDet[4].maCode', 'disabled': False}, {'checked': False, 'value': '540', 'name': 'missionAntodayaDet[4].maCode', 'disabled': False}], 'missionAdId5': [{'checked': False, 'value': '60', 'name': 'missionAntodayaDet[5].maCode', 'disabled': False}, {'checked': False, 'value': '60', 'name': 'missionAntodayaDet[5].maCode', 'disabled': False}]}, 'visibleError': False}
2026-07-07 15:35:00 | DEBUG    | row=0 targeted_populace: requested indicators (1): ['All']
2026-07-07 15:35:00 | DEBUG    | row=0 targeted_populace: found 1 total labels in panel
2026-07-07 15:35:00 | DEBUG    | row=0 targeted_populace: checkbox 'All' enabled=True checked=False
2026-07-07 15:35:00 | DEBUG    | row=0 targeted_populace: clicking checkbox: 'All'
2026-07-07 15:35:00 | DEBUG    | row=0 targeted_populace: checkbox selected successfully: 'All'
2026-07-07 15:35:00 | WARNING  | row=0 field=start_month non-fatal 'March' not found in #startMonthId. Available (9): ['4:April', '5:May', '6:June', '7:July', '8:August', '9:September', '10:October', '11:November', '12:December']
2026-07-07 15:35:00 | ERROR    | FAIL | row=0 field=start_month | 'March' not found in #startMonthId. Available (9): ['4:April', '5:May', '6:June', '7:July', '8:August', '9:September', '10:October', '11:November', '12:December']
2026-07-07 15:35:01 | DEBUG    | row=0: total indicative cost calculated as: 300 (excel: 35)
2026-07-07 15:35:01 | WARNING  | row=0: total indicative cost mismatch ignored because portal recalculates from live inputs (excel=35, portal=300)
2026-07-07 15:35:01 | DEBUG    | row=0: Supported Department - requesting: 'Department of Food & Public Distribution'
2026-07-07 15:35:01 | DEBUG    | row=0: Waiting for supported_department options to populate
2026-07-07 15:35:01 | DEBUG    | row=0: supported_department options available: 1 options
2026-07-07 15:35:01 | DEBUG    | row=0: supported_department options=[{'value': '5', 'text': 'Ministry of MSME'}]
2026-07-07 15:35:01 | WARNING  | row=0: supported_department option not found: Supported Department option not found: Department of Food & Public Distribution
2026-07-07 15:35:01 | WARNING  | row=0 field=select_supported_department non-fatal Supported Department option not found: Department of Food & Public Distribution
2026-07-07 15:35:01 | ERROR    | FAIL | row=0 field=select_supported_department | Supported Department option not found: Department of Food & Public Distribution
2026-07-07 15:35:01 | DEBUG    | row=0: estimated total cost section not visible
2026-07-07 15:35:02 | DEBUG    | row=0 activity_output: requested='Training/Capacity Building' normalized='training' diagnostics=[{'id': 'outputActvityAstId101', 'name': 'outputTyp', 'value': '', 'visible': True, 'enabled': False, 'checked': False, 'label': 'Asset'}, {'id': 'outputActvityAstId102', 'name': 'outputTyp', 'value': '', 'visible': True, 'enabled': True, 'checked': False, 'label': 'Training/Capacity Building'}, {'id': 'outputActvityAstId103', 'name': 'outputTyp', 'value': '', 'visible': True, 'enabled': True, 'checked': False, 'label': 'Community Service'}, {'id': 'outputActvityAstId109', 'name': 'outputTyp', 'value': '', 'visible': True, 'enabled': True, 'checked': False, 'label': 'Beneficiaries'}, {'id': 'outputActvityAstId110', 'name': 'outputTyp', 'value': '', 'visible': True, 'enabled': False, 'checked': False, 'label': 'VPRP Beneficiaries'}]
2026-07-07 15:35:02 | DEBUG    | [ACT-0001] pre_training_validation_state={'checked': [{'id': 'missionAdId2', 'value': '45', 'name': 'missionAntodayaDet[2].maCode'}], 'activityMAErrorVisible': False, 'outputAreaVisible': True}
2026-07-07 15:35:02 | INFO     | [ACT-0001] Activity Output detail record found
2026-07-07 15:35:02 | INFO     | [ACT-0001] Activity Output: Training/Capacity Building
2026-07-07 15:35:02 | INFO     | [ACT-0001] Handler: TrainingOutputHandler
2026-07-07 15:35:02 | INFO     | [ACT-0001] Detail Sheet: Training
2026-07-07 15:35:02 | INFO     | [ACT-0001] Radio: outputActvityAstId102
2026-07-07 15:35:17 | WARNING  | row=0 activity_output_popup Training modal did not open: showTrainingDetailsPopup; diagnostics={'modalExists': True, 'modalClass': 'modal fade', 'modalDisplay': 'none', 'modalVisibility': 'visible', 'modalAriaHidden': None, 'rad
2026-07-07 15:35:17 | ERROR    | FAIL | row=0 field=activity_output | Training modal did not open: showTrainingDetailsPopup; diagnostics={'modalExists': True, 'modalClass': 'modal fade', 'modalDisplay': 'none', 'modalVisibility': 'visible', 'modalAriaHidden': None, 'radioExists': True, 'radioChecked': False, 'radioDisa
2026-07-07 15:35:17 | WARNING  | row 0 attempt 2 FAIL: [activity_output] Training modal did not open: showTrainingDetailsPopup; diagnostics={'modalExists': True, 'modalClass': 'modal fade', 'modalDisplay': 'none', 'modalVisibility': 'visible', 'modalAriaHidden': None, 'radioExists': True, 'radioChecked': False, 'radioDisabled': False, 'radioOnclick': "r
2026-07-07 15:35:23 | DEBUG    | row=0: watchId spinner finished, checkboxes should be loaded
2026-07-07 15:35:23 | DEBUG    | row=0 pdi: #checkboxes not visible, attempting to open
2026-07-07 15:35:23 | DEBUG    | row=0 pdi: requested (1): ['Neonatal mortality rate (per 1,000 live births)']
2026-07-07 15:35:23 | DEBUG    | row=0 pdi: found 12 checkbox inputs in panel
2026-07-07 15:35:23 | DEBUG    | row=0 pdi: skipping invalid checkbox: value=0 label='None'
2026-07-07 15:35:23 | DEBUG    | row=0 pdi: available checkbox id=missionAdId1 value=218 label='Whether the nurseries created in the school in the GP' enabled=True checked=False
2026-07-07 15:35:23 | DEBUG    | row=0 pdi: available checkbox id=missionAdId2 value=45 label='Neonatal mortality rate (per 1,000 live births)' enabled=True checked=False
2026-07-07 15:35:23 | DEBUG    | row=0 pdi: available checkbox id=missionAdId3 value=200 label='Percentage of household using clean cooking fuel' enabled=True checked=False
2026-07-07 15:35:23 | DEBUG    | row=0 pdi: available checkbox id=missionAdId4 value=540 label='Proportion of women (aged 30-49) screened under the Non Communicable Disease (NCD) programme for cervical/breast cancer' enabled=True checked=False
2026-07-07 15:35:23 | DEBUG    | row=0 pdi: available checkbox id=missionAdId5 value=60 label='Total GP spending on Health to the total expenditure' enabled=True checked=False
2026-07-07 15:35:23 | DEBUG    | row=0 pdi: skipping invalid checkbox: value=0 label='None'
2026-07-07 15:35:23 | DEBUG    | row=0 pdi: available checkbox id=missionAdId1 value=218 label='Whether the nurseries created in the school in the GP' enabled=True checked=False
2026-07-07 15:35:23 | DEBUG    | row=0 pdi: duplicate label instance ignored to preserve canonical checkbox: 'Whether the nurseries created in the school in the GP' id=missionAdId1
2026-07-07 15:35:23 | DEBUG    | row=0 pdi: available checkbox id=missionAdId2 value=45 label='Neonatal mortality rate (per 1,000 live births)' enabled=True checked=False
2026-07-07 15:35:23 | DEBUG    | row=0 pdi: duplicate label instance ignored to preserve canonical checkbox: 'Neonatal mortality rate (per 1,000 live births)' id=missionAdId2
2026-07-07 15:35:23 | DEBUG    | row=0 pdi: available checkbox id=missionAdId3 value=200 label='Percentage of household using clean cooking fuel' enabled=True checked=False
2026-07-07 15:35:23 | DEBUG    | row=0 pdi: duplicate label instance ignored to preserve canonical checkbox: 'Percentage of household using clean cooking fuel' id=missionAdId3
2026-07-07 15:35:24 | DEBUG    | row=0 pdi: available checkbox id=missionAdId4 value=540 label='Proportion of women (aged 30-49) screened under the Non Communicable Disease (NCD) programme for cervical/breast cancer' enabled=True checked=False
2026-07-07 15:35:24 | DEBUG    | row=0 pdi: duplicate label instance ignored to preserve canonical checkbox: 'Proportion of women (aged 30-49) screened under the Non Communicable Disease (NCD) programme for cervical/breast cancer' id=missionAdId4
2026-07-07 15:35:24 | DEBUG    | row=0 pdi: available checkbox id=missionAdId5 value=60 label='Total GP spending on Health to the total expenditure' enabled=True checked=False
2026-07-07 15:35:24 | DEBUG    | row=0 pdi: duplicate label instance ignored to preserve canonical checkbox: 'Total GP spending on Health to the total expenditure' id=missionAdId5
2026-07-07 15:35:24 | DEBUG    | row=0 pdi: clicking checkbox id=missionAdId2 value=45 label='Neonatal mortality rate (per 1,000 live births)'
2026-07-07 15:35:24 | DEBUG    | row=0 pdi: after click - is_selected=True dom_checked=True for 'Neonatal mortality rate (per 1,000 live births)'
2026-07-07 15:35:24 | DEBUG    | row=0 pdi: total selected indicators: 1
2026-07-07 15:35:24 | INFO     | row=0 pdi: selection complete
2026-07-07 15:35:24 | DEBUG    | row=0 pdi: duplicate label counts={'whether the nurseries created in the school in the gp': 2, 'neonatal mortality rate (per 1,000 live births)': 2, 'percentage of household using clean cooking fuel': 2, 'proportion of women (aged 30-49) screened under the non communicable disease (ncd) programme for cervical/breast cancer': 2, 'total gp spending on health to the total expenditure': 2}
2026-07-07 15:35:24 | DEBUG    | row=0 pdi: portal_diagnostic={'missionAdStatus': True, 'byId': {'missionAdId0': [{'checked': False, 'value': '0', 'name': 'missionAntodayaDet[0].maCode', 'disabled': True}, {'checked': False, 'value': '0', 'name': 'missionAntodayaDet[0].maCode', 'disabled': False}], 'missionAdId1': [{'checked': False, 'value': '218', 'name': 'missionAntodayaDet[1].maCode', 'disabled': False}, {'checked': False, 'value': '218', 'name': 'missionAntodayaDet[1].maCode', 'disabled': False}], 'missionAdId2': [{'checked': True, 'value': '45', 'name': 'missionAntodayaDet[2].maCode', 'disabled': False}, {'checked': False, 'value': '45', 'name': 'missionAntodayaDet[2].maCode', 'disabled': False}], 'missionAdId3': [{'checked': False, 'value': '200', 'name': 'missionAntodayaDet[3].maCode', 'disabled': False}, {'checked': False, 'value': '200', 'name': 'missionAntodayaDet[3].maCode', 'disabled': False}], 'missionAdId4': [{'checked': False, 'value': '540', 'name': 'missionAntodayaDet[4].maCode', 'disabled': False}, {'checked': False, 'value': '540', 'name': 'missionAntodayaDet[4].maCode', 'disabled': False}], 'missionAdId5': [{'checked': False, 'value': '60', 'name': 'missionAntodayaDet[5].maCode', 'disabled': False}, {'checked': False, 'value': '60', 'name': 'missionAntodayaDet[5].maCode', 'disabled': False}]}, 'visibleError': False}
2026-07-07 15:35:24 | DEBUG    | row=0 targeted_populace: requested indicators (1): ['All']
2026-07-07 15:35:24 | DEBUG    | row=0 targeted_populace: found 1 total labels in panel
2026-07-07 15:35:24 | DEBUG    | row=0 targeted_populace: checkbox 'All' enabled=True checked=False
2026-07-07 15:35:24 | DEBUG    | row=0 targeted_populace: clicking checkbox: 'All'
2026-07-07 15:35:24 | DEBUG    | row=0 targeted_populace: checkbox selected successfully: 'All'
2026-07-07 15:35:25 | DEBUG    | row=0: total indicative cost calculated as: 300 (excel: 35)
2026-07-07 15:35:25 | WARNING  | row=0: total indicative cost mismatch ignored because portal recalculates from live inputs (excel=35, portal=300)
2026-07-07 15:35:25 | DEBUG    | row=0: Supported Department - requesting: 'Department of Food & Public Distribution'
2026-07-07 15:35:25 | DEBUG    | row=0: Waiting for supported_department options to populate
2026-07-07 15:35:25 | DEBUG    | row=0: supported_department options available: 1 options
2026-07-07 15:35:25 | DEBUG    | row=0: supported_department options=[{'value': '5', 'text': 'Ministry of MSME'}]
2026-07-07 15:35:25 | WARNING  | row=0: supported_department option not found: Supported Department option not found: Department of Food & Public Distribution
2026-07-07 15:35:25 | WARNING  | row=0 field=select_supported_department non-fatal Supported Department option not found: Department of Food & Public Distribution
2026-07-07 15:35:26 | ERROR    | FAIL | row=0 field=select_supported_department | Supported Department option not found: Department of Food & Public Distribution
2026-07-07 15:35:26 | DEBUG    | row=0: estimated total cost section not visible
2026-07-07 15:35:26 | DEBUG    | row=0 activity_output: requested='Training/Capacity Building' normalized='training' diagnostics=[{'id': 'outputActvityAstId101', 'name': 'outputTyp', 'value': '', 'visible': True, 'enabled': False, 'checked': False, 'label': 'Asset'}, {'id': 'outputActvityAstId102', 'name': 'outputTyp', 'value': '', 'visible': True, 'enabled': True, 'checked': False, 'label': 'Training/Capacity Building'}, {'id': 'outputActvityAstId103', 'name': 'outputTyp', 'value': '', 'visible': True, 'enabled': True, 'checked': False, 'label': 'Community Service'}, {'id': 'outputActvityAstId109', 'name': 'outputTyp', 'value': '', 'visible': True, 'enabled': True, 'checked': False, 'label': 'Beneficiaries'}, {'id': 'outputActvityAstId110', 'name': 'outputTyp', 'value': '', 'visible': True, 'enabled': False, 'checked': False, 'label': 'VPRP Beneficiaries'}]
2026-07-07 15:35:26 | DEBUG    | [ACT-0001] pre_training_validation_state={'checked': [{'id': 'missionAdId2', 'value': '45', 'name': 'missionAntodayaDet[2].maCode'}], 'activityMAErrorVisible': False, 'outputAreaVisible': True}
2026-07-07 15:35:26 | INFO     | [ACT-0001] Activity Output detail record found
2026-07-07 15:35:26 | INFO     | [ACT-0001] Activity Output: Training/Capacity Building
2026-07-07 15:35:26 | INFO     | [ACT-0001] Handler: TrainingOutputHandler
2026-07-07 15:35:26 | INFO     | [ACT-0001] Detail Sheet: Training
2026-07-07 15:35:26 | INFO     | [ACT-0001] Radio: outputActvityAstId102
2026-07-07 15:35:41 | WARNING  | row=0 activity_output_popup Training modal did not open: showTrainingDetailsPopup; diagnostics={'modalExists': True, 'modalClass': 'modal fade', 'modalDisplay': 'none', 'modalVisibility': 'visible', 'modalAriaHidden': None, 'rad
2026-07-07 15:35:41 | ERROR    | FAIL | row=0 field=activity_output | Training modal did not open: showTrainingDetailsPopup; diagnostics={'modalExists': True, 'modalClass': 'modal fade', 'modalDisplay': 'none', 'modalVisibility': 'visible', 'modalAriaHidden': None, 'radioExists': True, 'radioChecked': False, 'radioDisa
2026-07-07 15:35:41 | WARNING  | row 0 attempt 3 FAIL: [activity_output] Training modal did not open: showTrainingDetailsPopup; diagnostics={'modalExists': True, 'modalClass': 'modal fade', 'modalDisplay': 'none', 'modalVisibility': 'visible', 'modalAriaHidden': None, 'radioExists': True, 'radioChecked': False, 'radioDisabled': False, 'radioOnclick': "r
2026-07-07 15:35:41 | ERROR    | row 0 FAILED after all retries
2026-07-07 15:35:42 | INFO     | DONE 135s total=1 success=0 failed=1 rate=0.0%
2026-07-07 15:42:32 | INFO     | ============================================================
2026-07-07 15:42:32 | INFO     | eGramSwaraj Bot START (v5)
2026-07-07 15:42:32 | INFO     | ============================================================
2026-07-07 15:42:32 | INFO     | rows: total=1 done=0 pending=1
2026-07-07 15:42:38 | INFO     | Waiting for manual login -> addactivity.htm ...
2026-07-07 15:44:40 | INFO     | Form ready at: https://egramswaraj.gov.in/addactivity.htm
2026-07-07 15:44:42 | INFO     | -- row 0 | Awareness camp on behavioural issues of Mission LiFE
2026-07-07 15:44:45 | DEBUG    | row=0: watchId spinner finished, checkboxes should be loaded
2026-07-07 15:44:45 | DEBUG    | row=0 pdi: #checkboxes not visible, attempting to open
2026-07-07 15:44:45 | DEBUG    | row=0 pdi: requested (1): ['Neonatal mortality rate (per 1,000 live births)']
2026-07-07 15:44:45 | DEBUG    | row=0 pdi: found 12 checkbox inputs in panel
2026-07-07 15:44:45 | DEBUG    | row=0 pdi: skipping invalid checkbox: value=0 label='None'
2026-07-07 15:44:46 | DEBUG    | row=0 pdi: available checkbox id=missionAdId1 value=218 label='Whether the nurseries created in the school in the GP' enabled=True checked=False
2026-07-07 15:44:46 | DEBUG    | row=0 pdi: available checkbox id=missionAdId2 value=45 label='Neonatal mortality rate (per 1,000 live births)' enabled=True checked=False
2026-07-07 15:44:46 | DEBUG    | row=0 pdi: available checkbox id=missionAdId3 value=200 label='Percentage of household using clean cooking fuel' enabled=True checked=False
2026-07-07 15:44:46 | DEBUG    | row=0 pdi: available checkbox id=missionAdId4 value=540 label='Proportion of women (aged 30-49) screened under the Non Communicable Disease (NCD) programme for cervical/breast cancer' enabled=True checked=False
2026-07-07 15:44:46 | DEBUG    | row=0 pdi: available checkbox id=missionAdId5 value=60 label='Total GP spending on Health to the total expenditure' enabled=True checked=False
2026-07-07 15:44:46 | DEBUG    | row=0 pdi: skipping invalid checkbox: value=0 label='None'
2026-07-07 15:44:46 | DEBUG    | row=0 pdi: available checkbox id=missionAdId1 value=218 label='Whether the nurseries created in the school in the GP' enabled=True checked=False
2026-07-07 15:44:46 | DEBUG    | row=0 pdi: duplicate label instance ignored to preserve canonical checkbox: 'Whether the nurseries created in the school in the GP' id=missionAdId1
2026-07-07 15:44:46 | DEBUG    | row=0 pdi: available checkbox id=missionAdId2 value=45 label='Neonatal mortality rate (per 1,000 live births)' enabled=True checked=False
2026-07-07 15:44:46 | DEBUG    | row=0 pdi: duplicate label instance ignored to preserve canonical checkbox: 'Neonatal mortality rate (per 1,000 live births)' id=missionAdId2
2026-07-07 15:44:46 | DEBUG    | row=0 pdi: available checkbox id=missionAdId3 value=200 label='Percentage of household using clean cooking fuel' enabled=True checked=False
2026-07-07 15:44:46 | DEBUG    | row=0 pdi: duplicate label instance ignored to preserve canonical checkbox: 'Percentage of household using clean cooking fuel' id=missionAdId3
2026-07-07 15:44:46 | DEBUG    | row=0 pdi: available checkbox id=missionAdId4 value=540 label='Proportion of women (aged 30-49) screened under the Non Communicable Disease (NCD) programme for cervical/breast cancer' enabled=True checked=False
2026-07-07 15:44:46 | DEBUG    | row=0 pdi: duplicate label instance ignored to preserve canonical checkbox: 'Proportion of women (aged 30-49) screened under the Non Communicable Disease (NCD) programme for cervical/breast cancer' id=missionAdId4
2026-07-07 15:44:46 | DEBUG    | row=0 pdi: available checkbox id=missionAdId5 value=60 label='Total GP spending on Health to the total expenditure' enabled=True checked=False
2026-07-07 15:44:46 | DEBUG    | row=0 pdi: duplicate label instance ignored to preserve canonical checkbox: 'Total GP spending on Health to the total expenditure' id=missionAdId5
2026-07-07 15:44:46 | DEBUG    | row=0 pdi: clicking checkbox id=missionAdId2 value=45 label='Neonatal mortality rate (per 1,000 live births)'
2026-07-07 15:44:46 | DEBUG    | row=0 pdi: after click - is_selected=True dom_checked=True for 'Neonatal mortality rate (per 1,000 live births)'
2026-07-07 15:44:46 | DEBUG    | row=0 pdi: total selected indicators: 1
2026-07-07 15:44:46 | INFO     | row=0 pdi: selection complete
2026-07-07 15:44:46 | DEBUG    | row=0 pdi: duplicate label counts={'whether the nurseries created in the school in the gp': 2, 'neonatal mortality rate (per 1,000 live births)': 2, 'percentage of household using clean cooking fuel': 2, 'proportion of women (aged 30-49) screened under the non communicable disease (ncd) programme for cervical/breast cancer': 2, 'total gp spending on health to the total expenditure': 2}
2026-07-07 15:44:46 | DEBUG    | row=0 pdi: portal_diagnostic={'missionAdStatus': True, 'byId': {'missionAdId0': [{'checked': False, 'value': '0', 'name': 'missionAntodayaDet[0].maCode', 'disabled': True}, {'checked': False, 'value': '0', 'name': 'missionAntodayaDet[0].maCode', 'disabled': False}], 'missionAdId1': [{'checked': False, 'value': '218', 'name': 'missionAntodayaDet[1].maCode', 'disabled': False}, {'checked': False, 'value': '218', 'name': 'missionAntodayaDet[1].maCode', 'disabled': False}], 'missionAdId2': [{'checked': True, 'value': '45', 'name': 'missionAntodayaDet[2].maCode', 'disabled': False}, {'checked': False, 'value': '45', 'name': 'missionAntodayaDet[2].maCode', 'disabled': False}], 'missionAdId3': [{'checked': False, 'value': '200', 'name': 'missionAntodayaDet[3].maCode', 'disabled': False}, {'checked': False, 'value': '200', 'name': 'missionAntodayaDet[3].maCode', 'disabled': False}], 'missionAdId4': [{'checked': False, 'value': '540', 'name': 'missionAntodayaDet[4].maCode', 'disabled': False}, {'checked': False, 'value': '540', 'name': 'missionAntodayaDet[4].maCode', 'disabled': False}], 'missionAdId5': [{'checked': False, 'value': '60', 'name': 'missionAntodayaDet[5].maCode', 'disabled': False}, {'checked': False, 'value': '60', 'name': 'missionAntodayaDet[5].maCode', 'disabled': False}]}, 'visibleError': False}
2026-07-07 15:44:47 | DEBUG    | row=0 targeted_populace: requested indicators (1): ['All']
2026-07-07 15:44:47 | DEBUG    | row=0 targeted_populace: found 1 total labels in panel
2026-07-07 15:44:47 | DEBUG    | row=0 targeted_populace: checkbox 'All' enabled=True checked=False
2026-07-07 15:44:47 | DEBUG    | row=0 targeted_populace: clicking checkbox: 'All'
2026-07-07 15:44:47 | DEBUG    | row=0 targeted_populace: checkbox selected successfully: 'All'
2026-07-07 15:44:47 | WARNING  | row=0 field=start_month non-fatal 'March' not found in #startMonthId. Available (9): ['4:April', '5:May', '6:June', '7:July', '8:August', '9:September', '10:October', '11:November', '12:December']
2026-07-07 15:44:47 | ERROR    | FAIL | row=0 field=start_month | 'March' not found in #startMonthId. Available (9): ['4:April', '5:May', '6:June', '7:July', '8:August', '9:September', '10:October', '11:November', '12:December']
2026-07-07 15:44:47 | DEBUG    | row=0: total indicative cost calculated as: 300 (excel: 35)
2026-07-07 15:44:47 | WARNING  | row=0: total indicative cost mismatch ignored because portal recalculates from live inputs (excel=35, portal=300)
2026-07-07 15:44:48 | DEBUG    | row=0: Supported Department - requesting: 'Department of Food & Public Distribution'
2026-07-07 15:44:48 | DEBUG    | row=0: Waiting for supported_department options to populate
2026-07-07 15:44:48 | DEBUG    | row=0: supported_department options available: 1 options
2026-07-07 15:44:48 | DEBUG    | row=0: supported_department options=[{'value': '5', 'text': 'Ministry of MSME'}]
2026-07-07 15:44:48 | WARNING  | row=0: supported_department option not found: Supported Department option not found: Department of Food & Public Distribution
2026-07-07 15:44:48 | WARNING  | row=0 field=select_supported_department non-fatal Supported Department option not found: Department of Food & Public Distribution
2026-07-07 15:44:48 | ERROR    | FAIL | row=0 field=select_supported_department | Supported Department option not found: Department of Food & Public Distribution
2026-07-07 15:44:48 | DEBUG    | row=0: estimated total cost section not visible
2026-07-07 15:44:48 | DEBUG    | row=0 activity_output: requested='Training/Capacity Building' normalized='training' diagnostics=[{'id': 'outputActvityAstId101', 'name': 'outputTyp', 'value': '', 'visible': True, 'enabled': False, 'checked': False, 'label': 'Asset'}, {'id': 'outputActvityAstId102', 'name': 'outputTyp', 'value': '', 'visible': True, 'enabled': True, 'checked': False, 'label': 'Training/Capacity Building'}, {'id': 'outputActvityAstId103', 'name': 'outputTyp', 'value': '', 'visible': True, 'enabled': True, 'checked': False, 'label': 'Community Service'}, {'id': 'outputActvityAstId109', 'name': 'outputTyp', 'value': '', 'visible': True, 'enabled': True, 'checked': False, 'label': 'Beneficiaries'}, {'id': 'outputActvityAstId110', 'name': 'outputTyp', 'value': '', 'visible': True, 'enabled': False, 'checked': False, 'label': 'VPRP Beneficiaries'}]
2026-07-07 15:44:48 | DEBUG    | [ACT-0001] pre_training_validation_state={'checked': [{'id': 'missionAdId2', 'value': '45', 'name': 'missionAntodayaDet[2].maCode'}], 'activityMAErrorVisible': False, 'outputAreaVisible': True}
2026-07-07 15:44:48 | INFO     | [ACT-0001] Activity Output detail record found
2026-07-07 15:44:48 | INFO     | [ACT-0001] Activity Output: Training/Capacity Building
2026-07-07 15:44:48 | INFO     | [ACT-0001] Handler: TrainingOutputHandler
2026-07-07 15:44:48 | INFO     | [ACT-0001] Detail Sheet: Training
2026-07-07 15:44:48 | INFO     | [ACT-0001] Radio: outputActvityAstId102
2026-07-07 15:44:48 | WARNING  | row=0 activity_output_popup Locator.check: Clicking the checkbox did not change its state
Call log:
  - waiting for locator("#outputActvityAstId102")
    - locator resolved to <input value="" type="radio" name="outputTyp" id="ou
2026-07-07 15:44:48 | ERROR    | FAIL | row=0 field=activity_output | Locator.check: Clicking the checkbox did not change its state
Call log:
  - waiting for locator("#outputActvityAstId102")
    - locator resolved to <input value="" type="radio" name="outputTyp" id="outputActvityAstId102" onclick="return showAssetDeta
2026-07-07 15:44:48 | WARNING  | row 0 attempt 1 FAIL: [activity_output] Locator.check: Clicking the checkbox did not change its state
Call log:
  - waiting for locator("#outputActvityAstId102")
    - locator resolved to <input value="" type="radio" name="outputTyp" id="outputActvityAstId102" onclick="return showAssetDetailsPopup('addassetdtlsDiv102',th
2026-07-07 15:44:54 | DEBUG    | row=0: watchId spinner finished, checkboxes should be loaded
2026-07-07 15:44:54 | DEBUG    | row=0 pdi: #checkboxes not visible, attempting to open
2026-07-07 15:44:55 | DEBUG    | row=0 pdi: requested (1): ['Neonatal mortality rate (per 1,000 live births)']
2026-07-07 15:44:55 | DEBUG    | row=0 pdi: found 12 checkbox inputs in panel
2026-07-07 15:44:55 | DEBUG    | row=0 pdi: skipping invalid checkbox: value=0 label='None'
2026-07-07 15:44:55 | DEBUG    | row=0 pdi: available checkbox id=missionAdId1 value=218 label='Whether the nurseries created in the school in the GP' enabled=True checked=False
2026-07-07 15:44:55 | DEBUG    | row=0 pdi: available checkbox id=missionAdId2 value=45 label='Neonatal mortality rate (per 1,000 live births)' enabled=True checked=False
2026-07-07 15:44:55 | DEBUG    | row=0 pdi: available checkbox id=missionAdId3 value=200 label='Percentage of household using clean cooking fuel' enabled=True checked=False
2026-07-07 15:44:55 | DEBUG    | row=0 pdi: available checkbox id=missionAdId4 value=540 label='Proportion of women (aged 30-49) screened under the Non Communicable Disease (NCD) programme for cervical/breast cancer' enabled=True checked=False
2026-07-07 15:44:55 | DEBUG    | row=0 pdi: available checkbox id=missionAdId5 value=60 label='Total GP spending on Health to the total expenditure' enabled=True checked=False
2026-07-07 15:44:55 | DEBUG    | row=0 pdi: skipping invalid checkbox: value=0 label='None'
2026-07-07 15:44:55 | DEBUG    | row=0 pdi: available checkbox id=missionAdId1 value=218 label='Whether the nurseries created in the school in the GP' enabled=True checked=False
2026-07-07 15:44:55 | DEBUG    | row=0 pdi: duplicate label instance ignored to preserve canonical checkbox: 'Whether the nurseries created in the school in the GP' id=missionAdId1
2026-07-07 15:44:55 | DEBUG    | row=0 pdi: available checkbox id=missionAdId2 value=45 label='Neonatal mortality rate (per 1,000 live births)' enabled=True checked=False
2026-07-07 15:44:55 | DEBUG    | row=0 pdi: duplicate label instance ignored to preserve canonical checkbox: 'Neonatal mortality rate (per 1,000 live births)' id=missionAdId2
2026-07-07 15:44:55 | DEBUG    | row=0 pdi: available checkbox id=missionAdId3 value=200 label='Percentage of household using clean cooking fuel' enabled=True checked=False
2026-07-07 15:44:55 | DEBUG    | row=0 pdi: duplicate label instance ignored to preserve canonical checkbox: 'Percentage of household using clean cooking fuel' id=missionAdId3
2026-07-07 15:44:55 | DEBUG    | row=0 pdi: available checkbox id=missionAdId4 value=540 label='Proportion of women (aged 30-49) screened under the Non Communicable Disease (NCD) programme for cervical/breast cancer' enabled=True checked=False
2026-07-07 15:44:55 | DEBUG    | row=0 pdi: duplicate label instance ignored to preserve canonical checkbox: 'Proportion of women (aged 30-49) screened under the Non Communicable Disease (NCD) programme for cervical/breast cancer' id=missionAdId4
2026-07-07 15:44:55 | DEBUG    | row=0 pdi: available checkbox id=missionAdId5 value=60 label='Total GP spending on Health to the total expenditure' enabled=True checked=False
2026-07-07 15:44:55 | DEBUG    | row=0 pdi: duplicate label instance ignored to preserve canonical checkbox: 'Total GP spending on Health to the total expenditure' id=missionAdId5
2026-07-07 15:44:55 | DEBUG    | row=0 pdi: clicking checkbox id=missionAdId2 value=45 label='Neonatal mortality rate (per 1,000 live births)'
2026-07-07 15:44:55 | DEBUG    | row=0 pdi: after click - is_selected=True dom_checked=True for 'Neonatal mortality rate (per 1,000 live births)'
2026-07-07 15:44:55 | DEBUG    | row=0 pdi: total selected indicators: 1
2026-07-07 15:44:55 | INFO     | row=0 pdi: selection complete
2026-07-07 15:44:55 | DEBUG    | row=0 pdi: duplicate label counts={'whether the nurseries created in the school in the gp': 2, 'neonatal mortality rate (per 1,000 live births)': 2, 'percentage of household using clean cooking fuel': 2, 'proportion of women (aged 30-49) screened under the non communicable disease (ncd) programme for cervical/breast cancer': 2, 'total gp spending on health to the total expenditure': 2}
2026-07-07 15:44:55 | DEBUG    | row=0 pdi: portal_diagnostic={'missionAdStatus': True, 'byId': {'missionAdId0': [{'checked': False, 'value': '0', 'name': 'missionAntodayaDet[0].maCode', 'disabled': True}, {'checked': False, 'value': '0', 'name': 'missionAntodayaDet[0].maCode', 'disabled': False}], 'missionAdId1': [{'checked': False, 'value': '218', 'name': 'missionAntodayaDet[1].maCode', 'disabled': False}, {'checked': False, 'value': '218', 'name': 'missionAntodayaDet[1].maCode', 'disabled': False}], 'missionAdId2': [{'checked': True, 'value': '45', 'name': 'missionAntodayaDet[2].maCode', 'disabled': False}, {'checked': False, 'value': '45', 'name': 'missionAntodayaDet[2].maCode', 'disabled': False}], 'missionAdId3': [{'checked': False, 'value': '200', 'name': 'missionAntodayaDet[3].maCode', 'disabled': False}, {'checked': False, 'value': '200', 'name': 'missionAntodayaDet[3].maCode', 'disabled': False}], 'missionAdId4': [{'checked': False, 'value': '540', 'name': 'missionAntodayaDet[4].maCode', 'disabled': False}, {'checked': False, 'value': '540', 'name': 'missionAntodayaDet[4].maCode', 'disabled': False}], 'missionAdId5': [{'checked': False, 'value': '60', 'name': 'missionAntodayaDet[5].maCode', 'disabled': False}, {'checked': False, 'value': '60', 'name': 'missionAntodayaDet[5].maCode', 'disabled': False}]}, 'visibleError': False}
2026-07-07 15:44:56 | DEBUG    | row=0 targeted_populace: requested indicators (1): ['All']
2026-07-07 15:44:56 | DEBUG    | row=0 targeted_populace: found 1 total labels in panel
2026-07-07 15:44:56 | DEBUG    | row=0 targeted_populace: checkbox 'All' enabled=True checked=False
2026-07-07 15:44:56 | DEBUG    | row=0 targeted_populace: clicking checkbox: 'All'
2026-07-07 15:44:56 | DEBUG    | row=0 targeted_populace: checkbox selected successfully: 'All'
2026-07-07 15:44:57 | DEBUG    | row=0: total indicative cost calculated as: 300 (excel: 35)
2026-07-07 15:44:57 | WARNING  | row=0: total indicative cost mismatch ignored because portal recalculates from live inputs (excel=35, portal=300)
2026-07-07 15:44:57 | DEBUG    | row=0: Supported Department - requesting: 'Department of Food & Public Distribution'
2026-07-07 15:44:57 | DEBUG    | row=0: Waiting for supported_department options to populate
2026-07-07 15:44:57 | DEBUG    | row=0: supported_department options available: 1 options
2026-07-07 15:44:57 | DEBUG    | row=0: supported_department options=[{'value': '5', 'text': 'Ministry of MSME'}]
2026-07-07 15:44:57 | WARNING  | row=0: supported_department option not found: Supported Department option not found: Department of Food & Public Distribution
2026-07-07 15:44:57 | WARNING  | row=0 field=select_supported_department non-fatal Supported Department option not found: Department of Food & Public Distribution
2026-07-07 15:44:57 | ERROR    | FAIL | row=0 field=select_supported_department | Supported Department option not found: Department of Food & Public Distribution
2026-07-07 15:44:57 | DEBUG    | row=0: estimated total cost section not visible
2026-07-07 15:44:57 | DEBUG    | row=0 activity_output: requested='Training/Capacity Building' normalized='training' diagnostics=[{'id': 'outputActvityAstId101', 'name': 'outputTyp', 'value': '', 'visible': True, 'enabled': False, 'checked': False, 'label': 'Asset'}, {'id': 'outputActvityAstId102', 'name': 'outputTyp', 'value': '', 'visible': True, 'enabled': True, 'checked': False, 'label': 'Training/Capacity Building'}, {'id': 'outputActvityAstId103', 'name': 'outputTyp', 'value': '', 'visible': True, 'enabled': True, 'checked': False, 'label': 'Community Service'}, {'id': 'outputActvityAstId109', 'name': 'outputTyp', 'value': '', 'visible': True, 'enabled': True, 'checked': False, 'label': 'Beneficiaries'}, {'id': 'outputActvityAstId110', 'name': 'outputTyp', 'value': '', 'visible': True, 'enabled': False, 'checked': False, 'label': 'VPRP Beneficiaries'}]
2026-07-07 15:44:57 | DEBUG    | [ACT-0001] pre_training_validation_state={'checked': [{'id': 'missionAdId2', 'value': '45', 'name': 'missionAntodayaDet[2].maCode'}], 'activityMAErrorVisible': False, 'outputAreaVisible': True}
2026-07-07 15:44:57 | INFO     | [ACT-0001] Activity Output detail record found
2026-07-07 15:44:57 | INFO     | [ACT-0001] Activity Output: Training/Capacity Building
2026-07-07 15:44:57 | INFO     | [ACT-0001] Handler: TrainingOutputHandler
2026-07-07 15:44:57 | INFO     | [ACT-0001] Detail Sheet: Training
2026-07-07 15:44:57 | INFO     | [ACT-0001] Radio: outputActvityAstId102
2026-07-07 15:44:57 | WARNING  | row=0 activity_output_popup Locator.check: Clicking the checkbox did not change its state
Call log:
  - waiting for locator("#outputActvityAstId102")
    - locator resolved to <input value="" type="radio" name="outputTyp" id="ou
2026-07-07 15:44:57 | ERROR    | FAIL | row=0 field=activity_output | Locator.check: Clicking the checkbox did not change its state
Call log:
  - waiting for locator("#outputActvityAstId102")
    - locator resolved to <input value="" type="radio" name="outputTyp" id="outputActvityAstId102" onclick="return showAssetDeta
2026-07-07 15:44:57 | WARNING  | row 0 attempt 2 FAIL: [activity_output] Locator.check: Clicking the checkbox did not change its state
Call log:
  - waiting for locator("#outputActvityAstId102")
    - locator resolved to <input value="" type="radio" name="outputTyp" id="outputActvityAstId102" onclick="return showAssetDetailsPopup('addassetdtlsDiv102',th
2026-07-07 15:45:03 | DEBUG    | row=0: watchId spinner finished, checkboxes should be loaded
2026-07-07 15:45:03 | DEBUG    | row=0 pdi: #checkboxes not visible, attempting to open
2026-07-07 15:45:04 | DEBUG    | row=0 pdi: requested (1): ['Neonatal mortality rate (per 1,000 live births)']
2026-07-07 15:45:04 | DEBUG    | row=0 pdi: found 12 checkbox inputs in panel
2026-07-07 15:45:04 | DEBUG    | row=0 pdi: skipping invalid checkbox: value=0 label='None'
2026-07-07 15:45:04 | DEBUG    | row=0 pdi: available checkbox id=missionAdId1 value=218 label='Whether the nurseries created in the school in the GP' enabled=True checked=False
2026-07-07 15:45:04 | DEBUG    | row=0 pdi: available checkbox id=missionAdId2 value=45 label='Neonatal mortality rate (per 1,000 live births)' enabled=True checked=False
2026-07-07 15:45:04 | DEBUG    | row=0 pdi: available checkbox id=missionAdId3 value=200 label='Percentage of household using clean cooking fuel' enabled=True checked=False
2026-07-07 15:45:04 | DEBUG    | row=0 pdi: available checkbox id=missionAdId4 value=540 label='Proportion of women (aged 30-49) screened under the Non Communicable Disease (NCD) programme for cervical/breast cancer' enabled=True checked=False
2026-07-07 15:45:04 | DEBUG    | row=0 pdi: available checkbox id=missionAdId5 value=60 label='Total GP spending on Health to the total expenditure' enabled=True checked=False
2026-07-07 15:45:04 | DEBUG    | row=0 pdi: skipping invalid checkbox: value=0 label='None'
2026-07-07 15:45:04 | DEBUG    | row=0 pdi: available checkbox id=missionAdId1 value=218 label='Whether the nurseries created in the school in the GP' enabled=True checked=False
2026-07-07 15:45:04 | DEBUG    | row=0 pdi: duplicate label instance ignored to preserve canonical checkbox: 'Whether the nurseries created in the school in the GP' id=missionAdId1
2026-07-07 15:45:04 | DEBUG    | row=0 pdi: available checkbox id=missionAdId2 value=45 label='Neonatal mortality rate (per 1,000 live births)' enabled=True checked=False
2026-07-07 15:45:04 | DEBUG    | row=0 pdi: duplicate label instance ignored to preserve canonical checkbox: 'Neonatal mortality rate (per 1,000 live births)' id=missionAdId2
2026-07-07 15:45:04 | DEBUG    | row=0 pdi: available checkbox id=missionAdId3 value=200 label='Percentage of household using clean cooking fuel' enabled=True checked=False
2026-07-07 15:45:04 | DEBUG    | row=0 pdi: duplicate label instance ignored to preserve canonical checkbox: 'Percentage of household using clean cooking fuel' id=missionAdId3
2026-07-07 15:45:04 | DEBUG    | row=0 pdi: available checkbox id=missionAdId4 value=540 label='Proportion of women (aged 30-49) screened under the Non Communicable Disease (NCD) programme for cervical/breast cancer' enabled=True checked=False
2026-07-07 15:45:04 | DEBUG    | row=0 pdi: duplicate label instance ignored to preserve canonical checkbox: 'Proportion of women (aged 30-49) screened under the Non Communicable Disease (NCD) programme for cervical/breast cancer' id=missionAdId4
2026-07-07 15:45:04 | DEBUG    | row=0 pdi: available checkbox id=missionAdId5 value=60 label='Total GP spending on Health to the total expenditure' enabled=True checked=False
2026-07-07 15:45:04 | DEBUG    | row=0 pdi: duplicate label instance ignored to preserve canonical checkbox: 'Total GP spending on Health to the total expenditure' id=missionAdId5
2026-07-07 15:45:04 | DEBUG    | row=0 pdi: clicking checkbox id=missionAdId2 value=45 label='Neonatal mortality rate (per 1,000 live births)'
2026-07-07 15:45:05 | DEBUG    | row=0 pdi: after click - is_selected=True dom_checked=True for 'Neonatal mortality rate (per 1,000 live births)'
2026-07-07 15:45:05 | DEBUG    | row=0 pdi: total selected indicators: 1
2026-07-07 15:45:05 | INFO     | row=0 pdi: selection complete
2026-07-07 15:45:05 | DEBUG    | row=0 pdi: duplicate label counts={'whether the nurseries created in the school in the gp': 2, 'neonatal mortality rate (per 1,000 live births)': 2, 'percentage of household using clean cooking fuel': 2, 'proportion of women (aged 30-49) screened under the non communicable disease (ncd) programme for cervical/breast cancer': 2, 'total gp spending on health to the total expenditure': 2}
2026-07-07 15:45:05 | DEBUG    | row=0 pdi: portal_diagnostic={'missionAdStatus': True, 'byId': {'missionAdId0': [{'checked': False, 'value': '0', 'name': 'missionAntodayaDet[0].maCode', 'disabled': True}, {'checked': False, 'value': '0', 'name': 'missionAntodayaDet[0].maCode', 'disabled': False}], 'missionAdId1': [{'checked': False, 'value': '218', 'name': 'missionAntodayaDet[1].maCode', 'disabled': False}, {'checked': False, 'value': '218', 'name': 'missionAntodayaDet[1].maCode', 'disabled': False}], 'missionAdId2': [{'checked': True, 'value': '45', 'name': 'missionAntodayaDet[2].maCode', 'disabled': False}, {'checked': False, 'value': '45', 'name': 'missionAntodayaDet[2].maCode', 'disabled': False}], 'missionAdId3': [{'checked': False, 'value': '200', 'name': 'missionAntodayaDet[3].maCode', 'disabled': False}, {'checked': False, 'value': '200', 'name': 'missionAntodayaDet[3].maCode', 'disabled': False}], 'missionAdId4': [{'checked': False, 'value': '540', 'name': 'missionAntodayaDet[4].maCode', 'disabled': False}, {'checked': False, 'value': '540', 'name': 'missionAntodayaDet[4].maCode', 'disabled': False}], 'missionAdId5': [{'checked': False, 'value': '60', 'name': 'missionAntodayaDet[5].maCode', 'disabled': False}, {'checked': False, 'value': '60', 'name': 'missionAntodayaDet[5].maCode', 'disabled': False}]}, 'visibleError': False}
2026-07-07 15:45:05 | DEBUG    | row=0 targeted_populace: requested indicators (1): ['All']
2026-07-07 15:45:05 | DEBUG    | row=0 targeted_populace: found 1 total labels in panel
2026-07-07 15:45:05 | DEBUG    | row=0 targeted_populace: checkbox 'All' enabled=True checked=False
2026-07-07 15:45:05 | DEBUG    | row=0 targeted_populace: clicking checkbox: 'All'
2026-07-07 15:45:05 | DEBUG    | row=0 targeted_populace: checkbox selected successfully: 'All'
2026-07-07 15:45:06 | DEBUG    | row=0: total indicative cost calculated as: 300 (excel: 35)
2026-07-07 15:45:06 | WARNING  | row=0: total indicative cost mismatch ignored because portal recalculates from live inputs (excel=35, portal=300)
2026-07-07 15:45:06 | DEBUG    | row=0: Supported Department - requesting: 'Department of Food & Public Distribution'
2026-07-07 15:45:06 | DEBUG    | row=0: Waiting for supported_department options to populate
2026-07-07 15:45:06 | DEBUG    | row=0: supported_department options available: 1 options
2026-07-07 15:45:06 | DEBUG    | row=0: supported_department options=[{'value': '5', 'text': 'Ministry of MSME'}]
2026-07-07 15:45:06 | WARNING  | row=0: supported_department option not found: Supported Department option not found: Department of Food & Public Distribution
2026-07-07 15:45:06 | WARNING  | row=0 field=select_supported_department non-fatal Supported Department option not found: Department of Food & Public Distribution
2026-07-07 15:45:07 | ERROR    | FAIL | row=0 field=select_supported_department | Supported Department option not found: Department of Food & Public Distribution
2026-07-07 15:45:07 | DEBUG    | row=0: estimated total cost section not visible
2026-07-07 15:45:07 | DEBUG    | row=0 activity_output: requested='Training/Capacity Building' normalized='training' diagnostics=[{'id': 'outputActvityAstId101', 'name': 'outputTyp', 'value': '', 'visible': True, 'enabled': False, 'checked': False, 'label': 'Asset'}, {'id': 'outputActvityAstId102', 'name': 'outputTyp', 'value': '', 'visible': True, 'enabled': True, 'checked': False, 'label': 'Training/Capacity Building'}, {'id': 'outputActvityAstId103', 'name': 'outputTyp', 'value': '', 'visible': True, 'enabled': True, 'checked': False, 'label': 'Community Service'}, {'id': 'outputActvityAstId109', 'name': 'outputTyp', 'value': '', 'visible': True, 'enabled': True, 'checked': False, 'label': 'Beneficiaries'}, {'id': 'outputActvityAstId110', 'name': 'outputTyp', 'value': '', 'visible': True, 'enabled': False, 'checked': False, 'label': 'VPRP Beneficiaries'}]
2026-07-07 15:45:07 | DEBUG    | [ACT-0001] pre_training_validation_state={'checked': [{'id': 'missionAdId2', 'value': '45', 'name': 'missionAntodayaDet[2].maCode'}], 'activityMAErrorVisible': False, 'outputAreaVisible': True}
2026-07-07 15:45:07 | INFO     | [ACT-0001] Activity Output detail record found
2026-07-07 15:45:07 | INFO     | [ACT-0001] Activity Output: Training/Capacity Building
2026-07-07 15:45:07 | INFO     | [ACT-0001] Handler: TrainingOutputHandler
2026-07-07 15:45:07 | INFO     | [ACT-0001] Detail Sheet: Training
2026-07-07 15:45:07 | INFO     | [ACT-0001] Radio: outputActvityAstId102
2026-07-07 15:45:07 | INFO     | [ACT-0001] Modal opened: showTrainingDetailsPopup
2026-07-07 15:45:07 | INFO     | [ACT-0001] Training fields verified: 5/5
2026-07-07 15:45:08 | INFO     | [ACT-0001] Training popup submitted successfully
2026-07-07 15:45:08 | INFO     | [ACT-0001] Final Action: Save and Forward
2026-07-07 15:45:11 | WARNING  | row=0 non-fatal field issues: [select_supported_department] Supported Department option not found: Department of Food & Public Distribution
2026-07-07 15:45:11 | INFO     | row 0 SUCCESS (attempt 3)
2026-07-07 15:45:12 | INFO     | DONE 160s total=1 success=1 failed=0 rate=100.0%
2026-07-07 15:50:05 | INFO     | ============================================================
2026-07-07 15:50:05 | INFO     | eGramSwaraj Bot START (v5)
2026-07-07 15:50:05 | INFO     | ============================================================
2026-07-07 15:50:05 | INFO     | rows: total=1 done=0 pending=1
2026-07-07 15:50:11 | INFO     | Waiting for manual login -> addactivity.htm ...
2026-07-07 15:51:24 | INFO     | Form ready at: https://egramswaraj.gov.in/addactivity.htm
2026-07-07 15:51:28 | INFO     | -- row 0 | Awareness camp on behavioural issues of Mission LiFE
2026-07-07 15:51:32 | DEBUG    | browser_console[error]: Failed to load resource: the server responded with a status of 404 ()
2026-07-07 15:51:33 | DEBUG    | row=0: watchId spinner finished, checkboxes should be loaded
2026-07-07 15:51:33 | DEBUG    | row=0 pdi: #checkboxes not visible, attempting to open
2026-07-07 15:51:33 | DEBUG    | row=0 pdi: requested (1): ['Neonatal mortality rate (per 1,000 live births)']
2026-07-07 15:51:33 | DEBUG    | row=0 pdi: found 12 checkbox inputs in panel
2026-07-07 15:51:33 | DEBUG    | row=0 pdi: skipping invalid checkbox: value=0 label='None'
2026-07-07 15:51:33 | DEBUG    | row=0 pdi: available checkbox id=missionAdId1 value=218 label='Whether the nurseries created in the school in the GP' enabled=True checked=False
2026-07-07 15:51:33 | DEBUG    | row=0 pdi: available checkbox id=missionAdId2 value=45 label='Neonatal mortality rate (per 1,000 live births)' enabled=True checked=False
2026-07-07 15:51:33 | DEBUG    | row=0 pdi: available checkbox id=missionAdId3 value=200 label='Percentage of household using clean cooking fuel' enabled=True checked=False
2026-07-07 15:51:33 | DEBUG    | row=0 pdi: available checkbox id=missionAdId4 value=540 label='Proportion of women (aged 30-49) screened under the Non Communicable Disease (NCD) programme for cervical/breast cancer' enabled=True checked=False
2026-07-07 15:51:34 | DEBUG    | row=0 pdi: available checkbox id=missionAdId5 value=60 label='Total GP spending on Health to the total expenditure' enabled=True checked=False
2026-07-07 15:51:34 | DEBUG    | row=0 pdi: skipping invalid checkbox: value=0 label='None'
2026-07-07 15:51:34 | DEBUG    | row=0 pdi: available checkbox id=missionAdId1 value=218 label='Whether the nurseries created in the school in the GP' enabled=True checked=False
2026-07-07 15:51:34 | DEBUG    | row=0 pdi: duplicate label instance ignored to preserve canonical checkbox: 'Whether the nurseries created in the school in the GP' id=missionAdId1
2026-07-07 15:51:34 | DEBUG    | row=0 pdi: available checkbox id=missionAdId2 value=45 label='Neonatal mortality rate (per 1,000 live births)' enabled=True checked=False
2026-07-07 15:51:34 | DEBUG    | row=0 pdi: duplicate label instance ignored to preserve canonical checkbox: 'Neonatal mortality rate (per 1,000 live births)' id=missionAdId2
2026-07-07 15:51:34 | DEBUG    | row=0 pdi: available checkbox id=missionAdId3 value=200 label='Percentage of household using clean cooking fuel' enabled=True checked=False
2026-07-07 15:51:34 | DEBUG    | row=0 pdi: duplicate label instance ignored to preserve canonical checkbox: 'Percentage of household using clean cooking fuel' id=missionAdId3
2026-07-07 15:51:34 | DEBUG    | row=0 pdi: available checkbox id=missionAdId4 value=540 label='Proportion of women (aged 30-49) screened under the Non Communicable Disease (NCD) programme for cervical/breast cancer' enabled=True checked=False
2026-07-07 15:51:34 | DEBUG    | row=0 pdi: duplicate label instance ignored to preserve canonical checkbox: 'Proportion of women (aged 30-49) screened under the Non Communicable Disease (NCD) programme for cervical/breast cancer' id=missionAdId4
2026-07-07 15:51:34 | DEBUG    | row=0 pdi: available checkbox id=missionAdId5 value=60 label='Total GP spending on Health to the total expenditure' enabled=True checked=False
2026-07-07 15:51:34 | DEBUG    | row=0 pdi: duplicate label instance ignored to preserve canonical checkbox: 'Total GP spending on Health to the total expenditure' id=missionAdId5
2026-07-07 15:51:34 | DEBUG    | row=0 pdi: clicking checkbox id=missionAdId2 value=45 label='Neonatal mortality rate (per 1,000 live births)'
2026-07-07 15:51:34 | DEBUG    | row=0 pdi: after click - is_selected=True dom_checked=True for 'Neonatal mortality rate (per 1,000 live births)'
2026-07-07 15:51:34 | DEBUG    | row=0 pdi: total selected indicators: 1
2026-07-07 15:51:34 | INFO     | row=0 pdi: selection complete
2026-07-07 15:51:34 | DEBUG    | row=0 pdi: duplicate label counts={'whether the nurseries created in the school in the gp': 2, 'neonatal mortality rate (per 1,000 live births)': 2, 'percentage of household using clean cooking fuel': 2, 'proportion of women (aged 30-49) screened under the non communicable disease (ncd) programme for cervical/breast cancer': 2, 'total gp spending on health to the total expenditure': 2}
2026-07-07 15:51:34 | DEBUG    | row=0 pdi: portal_diagnostic={'missionAdStatus': True, 'byId': {'missionAdId0': [{'checked': False, 'value': '0', 'name': 'missionAntodayaDet[0].maCode', 'disabled': True}, {'checked': False, 'value': '0', 'name': 'missionAntodayaDet[0].maCode', 'disabled': False}], 'missionAdId1': [{'checked': False, 'value': '218', 'name': 'missionAntodayaDet[1].maCode', 'disabled': False}, {'checked': False, 'value': '218', 'name': 'missionAntodayaDet[1].maCode', 'disabled': False}], 'missionAdId2': [{'checked': True, 'value': '45', 'name': 'missionAntodayaDet[2].maCode', 'disabled': False}, {'checked': False, 'value': '45', 'name': 'missionAntodayaDet[2].maCode', 'disabled': False}], 'missionAdId3': [{'checked': False, 'value': '200', 'name': 'missionAntodayaDet[3].maCode', 'disabled': False}, {'checked': False, 'value': '200', 'name': 'missionAntodayaDet[3].maCode', 'disabled': False}], 'missionAdId4': [{'checked': False, 'value': '540', 'name': 'missionAntodayaDet[4].maCode', 'disabled': False}, {'checked': False, 'value': '540', 'name': 'missionAntodayaDet[4].maCode', 'disabled': False}], 'missionAdId5': [{'checked': False, 'value': '60', 'name': 'missionAntodayaDet[5].maCode', 'disabled': False}, {'checked': False, 'value': '60', 'name': 'missionAntodayaDet[5].maCode', 'disabled': False}]}, 'visibleError': False}
2026-07-07 15:51:35 | DEBUG    | row=0 targeted_populace: requested indicators (1): ['All']
2026-07-07 15:51:35 | DEBUG    | row=0 targeted_populace: found 1 total labels in panel
2026-07-07 15:51:35 | DEBUG    | row=0 targeted_populace: checkbox 'All' enabled=True checked=False
2026-07-07 15:51:35 | DEBUG    | row=0 targeted_populace: clicking checkbox: 'All'
2026-07-07 15:51:35 | DEBUG    | row=0 targeted_populace: checkbox selected successfully: 'All'
2026-07-07 15:51:35 | DEBUG    | start_month: requested raw='March' normalized='march' selector=#startMonthId
2026-07-07 15:51:35 | DEBUG    | start_month: selector state present=True visible=True enabled=True
2026-07-07 15:51:35 | DEBUG    | start_month: options before select=['1:January', '2:February', '3:March']
2026-07-07 15:51:35 | DEBUG    | start_month: matched option text='March' value='3'
2026-07-07 15:51:35 | DEBUG    | start_month: value immediately after select_option='3'
2026-07-07 15:51:35 | DEBUG    | start_month: value after events='3' selected_option='3:March'
2026-07-07 15:51:35 | DEBUG    | start_month: final confirmed value='3' selected_option='3:March'
2026-07-07 15:51:36 | DEBUG    | row=0: total indicative cost calculated as: 300 (excel: 35)
2026-07-07 15:51:36 | WARNING  | row=0: total indicative cost mismatch ignored because portal recalculates from live inputs (excel=35, portal=300)
2026-07-07 15:51:36 | DEBUG    | row=0: Supported Department - requesting: 'Department of Food & Public Distribution'
2026-07-07 15:51:36 | DEBUG    | row=0: Waiting for supported_department options to populate
2026-07-07 15:51:36 | DEBUG    | row=0: supported_department options available: 1 options
2026-07-07 15:51:36 | DEBUG    | row=0: supported_department options=[{'value': '5', 'text': 'Ministry of MSME'}]
2026-07-07 15:51:36 | WARNING  | row=0: supported_department option not found: Supported Department option not found: Department of Food & Public Distribution
2026-07-07 15:51:36 | WARNING  | row=0 field=select_supported_department non-fatal Supported Department option not found: Department of Food & Public Distribution
2026-07-07 15:51:36 | ERROR    | FAIL | row=0 field=select_supported_department | Supported Department option not found: Department of Food & Public Distribution
2026-07-07 15:51:36 | DEBUG    | row=0: estimated total cost section not visible
2026-07-07 15:51:36 | DEBUG    | row=0 activity_output: requested='Training/Capacity Building' normalized='training' diagnostics=[{'id': 'outputActvityAstId101', 'name': 'outputTyp', 'value': '', 'visible': True, 'enabled': False, 'checked': False, 'label': 'Asset'}, {'id': 'outputActvityAstId102', 'name': 'outputTyp', 'value': '', 'visible': True, 'enabled': True, 'checked': False, 'label': 'Training/Capacity Building'}, {'id': 'outputActvityAstId103', 'name': 'outputTyp', 'value': '', 'visible': True, 'enabled': True, 'checked': False, 'label': 'Community Service'}, {'id': 'outputActvityAstId109', 'name': 'outputTyp', 'value': '', 'visible': True, 'enabled': True, 'checked': False, 'label': 'Beneficiaries'}, {'id': 'outputActvityAstId110', 'name': 'outputTyp', 'value': '', 'visible': True, 'enabled': False, 'checked': False, 'label': 'VPRP Beneficiaries'}]
2026-07-07 15:51:36 | DEBUG    | [ACT-0001] pre_training_validation_state={'checked': [{'id': 'missionAdId2', 'value': '45', 'name': 'missionAntodayaDet[2].maCode'}], 'activityMAErrorVisible': False, 'outputAreaVisible': True}
2026-07-07 15:51:36 | INFO     | [ACT-0001] Activity Output detail record found
2026-07-07 15:51:36 | INFO     | [ACT-0001] Activity Output: Training/Capacity Building
2026-07-07 15:51:36 | INFO     | [ACT-0001] Handler: TrainingOutputHandler
2026-07-07 15:51:36 | INFO     | [ACT-0001] Detail Sheet: Training
2026-07-07 15:51:36 | INFO     | [ACT-0001] Radio: outputActvityAstId102
2026-07-07 15:51:37 | INFO     | [ACT-0001] Modal opened: showTrainingDetailsPopup
2026-07-07 15:51:37 | WARNING  | row=0 activity_output_popup Training fields verification failed for Activity_Key ACT-0001: Organized By
2026-07-07 15:51:37 | ERROR    | FAIL | row=0 field=activity_output | Training fields verification failed for Activity_Key ACT-0001: Organized By
2026-07-07 15:51:37 | WARNING  | row 0 attempt 1 FAIL: [activity_output] Training fields verification failed for Activity_Key ACT-0001: Organized By
2026-07-07 15:51:43 | DEBUG    | browser_console[error]: Failed to load resource: the server responded with a status of 404 ()
2026-07-07 15:51:44 | DEBUG    | row=0: watchId spinner finished, checkboxes should be loaded
2026-07-07 15:51:44 | DEBUG    | row=0 pdi: #checkboxes not visible, attempting to open
2026-07-07 15:51:44 | DEBUG    | row=0 pdi: requested (1): ['Neonatal mortality rate (per 1,000 live births)']
2026-07-07 15:51:44 | DEBUG    | row=0 pdi: found 12 checkbox inputs in panel
2026-07-07 15:51:44 | DEBUG    | row=0 pdi: skipping invalid checkbox: value=0 label='None'
2026-07-07 15:51:44 | DEBUG    | row=0 pdi: available checkbox id=missionAdId1 value=218 label='Whether the nurseries created in the school in the GP' enabled=True checked=False
2026-07-07 15:51:44 | DEBUG    | row=0 pdi: available checkbox id=missionAdId2 value=45 label='Neonatal mortality rate (per 1,000 live births)' enabled=True checked=False
2026-07-07 15:51:44 | DEBUG    | row=0 pdi: available checkbox id=missionAdId3 value=200 label='Percentage of household using clean cooking fuel' enabled=True checked=False
2026-07-07 15:51:44 | DEBUG    | row=0 pdi: available checkbox id=missionAdId4 value=540 label='Proportion of women (aged 30-49) screened under the Non Communicable Disease (NCD) programme for cervical/breast cancer' enabled=True checked=False
2026-07-07 15:51:44 | DEBUG    | row=0 pdi: available checkbox id=missionAdId5 value=60 label='Total GP spending on Health to the total expenditure' enabled=True checked=False
2026-07-07 15:51:44 | DEBUG    | row=0 pdi: skipping invalid checkbox: value=0 label='None'
2026-07-07 15:51:44 | DEBUG    | row=0 pdi: available checkbox id=missionAdId1 value=218 label='Whether the nurseries created in the school in the GP' enabled=True checked=False
2026-07-07 15:51:44 | DEBUG    | row=0 pdi: duplicate label instance ignored to preserve canonical checkbox: 'Whether the nurseries created in the school in the GP' id=missionAdId1
2026-07-07 15:51:44 | DEBUG    | row=0 pdi: available checkbox id=missionAdId2 value=45 label='Neonatal mortality rate (per 1,000 live births)' enabled=True checked=False
2026-07-07 15:51:44 | DEBUG    | row=0 pdi: duplicate label instance ignored to preserve canonical checkbox: 'Neonatal mortality rate (per 1,000 live births)' id=missionAdId2
2026-07-07 15:51:44 | DEBUG    | row=0 pdi: available checkbox id=missionAdId3 value=200 label='Percentage of household using clean cooking fuel' enabled=True checked=False
2026-07-07 15:51:44 | DEBUG    | row=0 pdi: duplicate label instance ignored to preserve canonical checkbox: 'Percentage of household using clean cooking fuel' id=missionAdId3
2026-07-07 15:51:45 | DEBUG    | row=0 pdi: available checkbox id=missionAdId4 value=540 label='Proportion of women (aged 30-49) screened under the Non Communicable Disease (NCD) programme for cervical/breast cancer' enabled=True checked=False
2026-07-07 15:51:45 | DEBUG    | row=0 pdi: duplicate label instance ignored to preserve canonical checkbox: 'Proportion of women (aged 30-49) screened under the Non Communicable Disease (NCD) programme for cervical/breast cancer' id=missionAdId4
2026-07-07 15:51:45 | DEBUG    | row=0 pdi: available checkbox id=missionAdId5 value=60 label='Total GP spending on Health to the total expenditure' enabled=True checked=False
2026-07-07 15:51:45 | DEBUG    | row=0 pdi: duplicate label instance ignored to preserve canonical checkbox: 'Total GP spending on Health to the total expenditure' id=missionAdId5
2026-07-07 15:51:45 | DEBUG    | row=0 pdi: clicking checkbox id=missionAdId2 value=45 label='Neonatal mortality rate (per 1,000 live births)'
2026-07-07 15:51:45 | DEBUG    | row=0 pdi: after click - is_selected=True dom_checked=True for 'Neonatal mortality rate (per 1,000 live births)'
2026-07-07 15:51:45 | DEBUG    | row=0 pdi: total selected indicators: 1
2026-07-07 15:51:45 | INFO     | row=0 pdi: selection complete
2026-07-07 15:51:45 | DEBUG    | row=0 pdi: duplicate label counts={'whether the nurseries created in the school in the gp': 2, 'neonatal mortality rate (per 1,000 live births)': 2, 'percentage of household using clean cooking fuel': 2, 'proportion of women (aged 30-49) screened under the non communicable disease (ncd) programme for cervical/breast cancer': 2, 'total gp spending on health to the total expenditure': 2}
2026-07-07 15:51:45 | DEBUG    | row=0 pdi: portal_diagnostic={'missionAdStatus': True, 'byId': {'missionAdId0': [{'checked': False, 'value': '0', 'name': 'missionAntodayaDet[0].maCode', 'disabled': True}, {'checked': False, 'value': '0', 'name': 'missionAntodayaDet[0].maCode', 'disabled': False}], 'missionAdId1': [{'checked': False, 'value': '218', 'name': 'missionAntodayaDet[1].maCode', 'disabled': False}, {'checked': False, 'value': '218', 'name': 'missionAntodayaDet[1].maCode', 'disabled': False}], 'missionAdId2': [{'checked': True, 'value': '45', 'name': 'missionAntodayaDet[2].maCode', 'disabled': False}, {'checked': False, 'value': '45', 'name': 'missionAntodayaDet[2].maCode', 'disabled': False}], 'missionAdId3': [{'checked': False, 'value': '200', 'name': 'missionAntodayaDet[3].maCode', 'disabled': False}, {'checked': False, 'value': '200', 'name': 'missionAntodayaDet[3].maCode', 'disabled': False}], 'missionAdId4': [{'checked': False, 'value': '540', 'name': 'missionAntodayaDet[4].maCode', 'disabled': False}, {'checked': False, 'value': '540', 'name': 'missionAntodayaDet[4].maCode', 'disabled': False}], 'missionAdId5': [{'checked': False, 'value': '60', 'name': 'missionAntodayaDet[5].maCode', 'disabled': False}, {'checked': False, 'value': '60', 'name': 'missionAntodayaDet[5].maCode', 'disabled': False}]}, 'visibleError': False}
2026-07-07 15:51:45 | DEBUG    | row=0 targeted_populace: requested indicators (1): ['All']
2026-07-07 15:51:45 | DEBUG    | row=0 targeted_populace: found 1 total labels in panel
2026-07-07 15:51:45 | DEBUG    | row=0 targeted_populace: checkbox 'All' enabled=True checked=False
2026-07-07 15:51:45 | DEBUG    | row=0 targeted_populace: clicking checkbox: 'All'
2026-07-07 15:51:45 | DEBUG    | row=0 targeted_populace: checkbox selected successfully: 'All'
2026-07-07 15:51:46 | DEBUG    | start_month: requested raw='March' normalized='march' selector=#startMonthId
2026-07-07 15:51:46 | DEBUG    | start_month: selector state present=True visible=True enabled=True
2026-07-07 15:51:46 | DEBUG    | start_month: options before select=['1:January', '2:February', '3:March']
2026-07-07 15:51:46 | DEBUG    | start_month: matched option text='March' value='3'
2026-07-07 15:51:46 | DEBUG    | start_month: value immediately after select_option='3'
2026-07-07 15:51:46 | DEBUG    | start_month: value after events='3' selected_option='3:March'
2026-07-07 15:51:46 | DEBUG    | start_month: final confirmed value='3' selected_option='3:March'
2026-07-07 15:51:47 | DEBUG    | row=0: total indicative cost calculated as: 300 (excel: 35)
2026-07-07 15:51:47 | WARNING  | row=0: total indicative cost mismatch ignored because portal recalculates from live inputs (excel=35, portal=300)
2026-07-07 15:51:47 | DEBUG    | row=0: Supported Department - requesting: 'Department of Food & Public Distribution'
2026-07-07 15:51:47 | DEBUG    | row=0: Waiting for supported_department options to populate
2026-07-07 15:51:47 | DEBUG    | row=0: supported_department options available: 1 options
2026-07-07 15:51:47 | DEBUG    | row=0: supported_department options=[{'value': '5', 'text': 'Ministry of MSME'}]
2026-07-07 15:51:47 | WARNING  | row=0: supported_department option not found: Supported Department option not found: Department of Food & Public Distribution
2026-07-07 15:51:47 | WARNING  | row=0 field=select_supported_department non-fatal Supported Department option not found: Department of Food & Public Distribution
2026-07-07 15:51:47 | ERROR    | FAIL | row=0 field=select_supported_department | Supported Department option not found: Department of Food & Public Distribution
2026-07-07 15:51:47 | DEBUG    | row=0: estimated total cost section not visible
2026-07-07 15:51:47 | DEBUG    | row=0 activity_output: requested='Training/Capacity Building' normalized='training' diagnostics=[{'id': 'outputActvityAstId101', 'name': 'outputTyp', 'value': '', 'visible': True, 'enabled': False, 'checked': False, 'label': 'Asset'}, {'id': 'outputActvityAstId102', 'name': 'outputTyp', 'value': '', 'visible': True, 'enabled': True, 'checked': False, 'label': 'Training/Capacity Building'}, {'id': 'outputActvityAstId103', 'name': 'outputTyp', 'value': '', 'visible': True, 'enabled': True, 'checked': False, 'label': 'Community Service'}, {'id': 'outputActvityAstId109', 'name': 'outputTyp', 'value': '', 'visible': True, 'enabled': True, 'checked': False, 'label': 'Beneficiaries'}, {'id': 'outputActvityAstId110', 'name': 'outputTyp', 'value': '', 'visible': True, 'enabled': False, 'checked': False, 'label': 'VPRP Beneficiaries'}]
2026-07-07 15:51:47 | DEBUG    | [ACT-0001] pre_training_validation_state={'checked': [{'id': 'missionAdId2', 'value': '45', 'name': 'missionAntodayaDet[2].maCode'}], 'activityMAErrorVisible': False, 'outputAreaVisible': True}
2026-07-07 15:51:47 | INFO     | [ACT-0001] Activity Output detail record found
2026-07-07 15:51:47 | INFO     | [ACT-0001] Activity Output: Training/Capacity Building
2026-07-07 15:51:47 | INFO     | [ACT-0001] Handler: TrainingOutputHandler
2026-07-07 15:51:47 | INFO     | [ACT-0001] Detail Sheet: Training
2026-07-07 15:51:47 | INFO     | [ACT-0001] Radio: outputActvityAstId102
2026-07-07 15:51:48 | INFO     | [ACT-0001] Modal opened: showTrainingDetailsPopup
2026-07-07 15:51:48 | INFO     | [ACT-0001] Training fields verified: 5/5
2026-07-07 15:51:48 | INFO     | [ACT-0001] Training popup submitted successfully
2026-07-07 15:51:48 | INFO     | [ACT-0001] Final Action: Save and Forward
2026-07-07 15:51:50 | WARNING  | browser_pageerror: Cannot read properties of null (reading 'addEventListener')
2026-07-07 15:51:52 | WARNING  | row=0 non-fatal field issues: [select_supported_department] Supported Department option not found: Department of Food & Public Distribution
2026-07-07 15:51:52 | INFO     | row 0 SUCCESS (attempt 2)
2026-07-07 15:51:52 | INFO     | DONE 107s total=1 success=1 failed=0 rate=100.0%
2026-07-07 15:54:10 | INFO     | ============================================================
2026-07-07 15:54:10 | INFO     | eGramSwaraj Bot START (v5)
2026-07-07 15:54:10 | INFO     | ============================================================
2026-07-07 15:54:10 | INFO     | rows: total=1 done=0 pending=1
2026-07-07 15:54:15 | INFO     | Waiting for manual login -> addactivity.htm ...
2026-07-07 15:55:20 | INFO     | Form ready at: https://egramswaraj.gov.in/addactivity.htm
2026-07-07 15:55:22 | INFO     | -- row 0 | Awareness camp on behavioural issues of Mission LiFE
2026-07-07 15:55:25 | DEBUG    | browser_console[error]: Failed to load resource: the server responded with a status of 404 ()
2026-07-07 15:55:26 | DEBUG    | row=0: watchId spinner finished, checkboxes should be loaded
2026-07-07 15:55:26 | DEBUG    | row=0 pdi: #checkboxes not visible, attempting to open
2026-07-07 15:55:26 | DEBUG    | row=0 pdi: requested (1): ['Neonatal mortality rate (per 1,000 live births)']
2026-07-07 15:55:26 | DEBUG    | row=0 pdi: found 12 checkbox inputs in panel
2026-07-07 15:55:26 | DEBUG    | row=0 pdi: skipping invalid checkbox: value=0 label='None'
2026-07-07 15:55:26 | DEBUG    | row=0 pdi: available checkbox id=missionAdId1 value=218 label='Whether the nurseries created in the school in the GP' enabled=True checked=False
2026-07-07 15:55:26 | DEBUG    | row=0 pdi: available checkbox id=missionAdId2 value=45 label='Neonatal mortality rate (per 1,000 live births)' enabled=True checked=False
2026-07-07 15:55:26 | DEBUG    | row=0 pdi: available checkbox id=missionAdId3 value=200 label='Percentage of household using clean cooking fuel' enabled=True checked=False
2026-07-07 15:55:26 | DEBUG    | row=0 pdi: available checkbox id=missionAdId4 value=540 label='Proportion of women (aged 30-49) screened under the Non Communicable Disease (NCD) programme for cervical/breast cancer' enabled=True checked=False
2026-07-07 15:55:26 | DEBUG    | row=0 pdi: available checkbox id=missionAdId5 value=60 label='Total GP spending on Health to the total expenditure' enabled=True checked=False
2026-07-07 15:55:26 | DEBUG    | row=0 pdi: skipping invalid checkbox: value=0 label='None'
2026-07-07 15:55:26 | DEBUG    | row=0 pdi: available checkbox id=missionAdId1 value=218 label='Whether the nurseries created in the school in the GP' enabled=True checked=False
2026-07-07 15:55:26 | DEBUG    | row=0 pdi: duplicate label instance ignored to preserve canonical checkbox: 'Whether the nurseries created in the school in the GP' id=missionAdId1
2026-07-07 15:55:26 | DEBUG    | row=0 pdi: available checkbox id=missionAdId2 value=45 label='Neonatal mortality rate (per 1,000 live births)' enabled=True checked=False
2026-07-07 15:55:26 | DEBUG    | row=0 pdi: duplicate label instance ignored to preserve canonical checkbox: 'Neonatal mortality rate (per 1,000 live births)' id=missionAdId2
2026-07-07 15:55:26 | DEBUG    | row=0 pdi: available checkbox id=missionAdId3 value=200 label='Percentage of household using clean cooking fuel' enabled=True checked=False
2026-07-07 15:55:26 | DEBUG    | row=0 pdi: duplicate label instance ignored to preserve canonical checkbox: 'Percentage of household using clean cooking fuel' id=missionAdId3
2026-07-07 15:55:26 | DEBUG    | row=0 pdi: available checkbox id=missionAdId4 value=540 label='Proportion of women (aged 30-49) screened under the Non Communicable Disease (NCD) programme for cervical/breast cancer' enabled=True checked=False
2026-07-07 15:55:26 | DEBUG    | row=0 pdi: duplicate label instance ignored to preserve canonical checkbox: 'Proportion of women (aged 30-49) screened under the Non Communicable Disease (NCD) programme for cervical/breast cancer' id=missionAdId4
2026-07-07 15:55:26 | DEBUG    | row=0 pdi: available checkbox id=missionAdId5 value=60 label='Total GP spending on Health to the total expenditure' enabled=True checked=False
2026-07-07 15:55:26 | DEBUG    | row=0 pdi: duplicate label instance ignored to preserve canonical checkbox: 'Total GP spending on Health to the total expenditure' id=missionAdId5
2026-07-07 15:55:26 | DEBUG    | row=0 pdi: clicking checkbox id=missionAdId2 value=45 label='Neonatal mortality rate (per 1,000 live births)'
2026-07-07 15:55:27 | DEBUG    | row=0 pdi: after click - is_selected=True dom_checked=True for 'Neonatal mortality rate (per 1,000 live births)'
2026-07-07 15:55:27 | DEBUG    | row=0 pdi: total selected indicators: 1
2026-07-07 15:55:27 | INFO     | row=0 pdi: selection complete
2026-07-07 15:55:27 | DEBUG    | row=0 pdi: duplicate label counts={'whether the nurseries created in the school in the gp': 2, 'neonatal mortality rate (per 1,000 live births)': 2, 'percentage of household using clean cooking fuel': 2, 'proportion of women (aged 30-49) screened under the non communicable disease (ncd) programme for cervical/breast cancer': 2, 'total gp spending on health to the total expenditure': 2}
2026-07-07 15:55:27 | DEBUG    | row=0 pdi: portal_diagnostic={'missionAdStatus': True, 'byId': {'missionAdId0': [{'checked': False, 'value': '0', 'name': 'missionAntodayaDet[0].maCode', 'disabled': True}, {'checked': False, 'value': '0', 'name': 'missionAntodayaDet[0].maCode', 'disabled': False}], 'missionAdId1': [{'checked': False, 'value': '218', 'name': 'missionAntodayaDet[1].maCode', 'disabled': False}, {'checked': False, 'value': '218', 'name': 'missionAntodayaDet[1].maCode', 'disabled': False}], 'missionAdId2': [{'checked': True, 'value': '45', 'name': 'missionAntodayaDet[2].maCode', 'disabled': False}, {'checked': False, 'value': '45', 'name': 'missionAntodayaDet[2].maCode', 'disabled': False}], 'missionAdId3': [{'checked': False, 'value': '200', 'name': 'missionAntodayaDet[3].maCode', 'disabled': False}, {'checked': False, 'value': '200', 'name': 'missionAntodayaDet[3].maCode', 'disabled': False}], 'missionAdId4': [{'checked': False, 'value': '540', 'name': 'missionAntodayaDet[4].maCode', 'disabled': False}, {'checked': False, 'value': '540', 'name': 'missionAntodayaDet[4].maCode', 'disabled': False}], 'missionAdId5': [{'checked': False, 'value': '60', 'name': 'missionAntodayaDet[5].maCode', 'disabled': False}, {'checked': False, 'value': '60', 'name': 'missionAntodayaDet[5].maCode', 'disabled': False}]}, 'visibleError': False}
2026-07-07 15:55:27 | DEBUG    | row=0 targeted_populace: requested indicators (1): ['All']
2026-07-07 15:55:27 | DEBUG    | row=0 targeted_populace: found 1 total labels in panel
2026-07-07 15:55:27 | DEBUG    | row=0 targeted_populace: checkbox 'All' enabled=True checked=False
2026-07-07 15:55:27 | DEBUG    | row=0 targeted_populace: clicking checkbox: 'All'
2026-07-07 15:55:27 | DEBUG    | row=0 targeted_populace: checkbox selected successfully: 'All'
2026-07-07 15:55:28 | DEBUG    | start_month: requested raw='March' normalized='march' selector=#startMonthId
2026-07-07 15:55:28 | DEBUG    | start_month: selector state present=True visible=True enabled=True
2026-07-07 15:55:28 | DEBUG    | start_month: options before select=['1:January', '2:February', '3:March']
2026-07-07 15:55:28 | DEBUG    | start_month: matched option text='March' value='3'
2026-07-07 15:55:28 | DEBUG    | start_month: value immediately after select_option='3'
2026-07-07 15:55:28 | DEBUG    | start_month: value after events='3' selected_option='3:March'
2026-07-07 15:55:28 | DEBUG    | start_month: final confirmed value='3' selected_option='3:March'
2026-07-07 15:55:28 | DEBUG    | row=0: total indicative cost calculated as: 300 (excel: 35)
2026-07-07 15:55:28 | WARNING  | row=0: total indicative cost mismatch ignored because portal recalculates from live inputs (excel=35, portal=300)
2026-07-07 15:55:28 | DEBUG    | row=0: Supported Department - requesting: 'Department of Food & Public Distribution'
2026-07-07 15:55:28 | DEBUG    | row=0: Waiting for supported_department options to populate
2026-07-07 15:55:29 | DEBUG    | row=0: supported_department options available: 1 options
2026-07-07 15:55:29 | DEBUG    | row=0: supported_department options=[{'value': '5', 'text': 'Ministry of MSME'}]
2026-07-07 15:55:29 | WARNING  | row=0: supported_department option not found: Supported Department option not found: Department of Food & Public Distribution
2026-07-07 15:55:29 | WARNING  | row=0 field=select_supported_department non-fatal Supported Department option not found: Department of Food & Public Distribution
2026-07-07 15:55:29 | ERROR    | FAIL | row=0 field=select_supported_department | Supported Department option not found: Department of Food & Public Distribution
2026-07-07 15:55:29 | DEBUG    | row=0: estimated total cost section not visible
2026-07-07 15:55:29 | DEBUG    | row=0 activity_output: requested='Training/Capacity Building' normalized='training' diagnostics=[{'id': 'outputActvityAstId101', 'name': 'outputTyp', 'value': '', 'visible': True, 'enabled': False, 'checked': False, 'label': 'Asset'}, {'id': 'outputActvityAstId102', 'name': 'outputTyp', 'value': '', 'visible': True, 'enabled': True, 'checked': False, 'label': 'Training/Capacity Building'}, {'id': 'outputActvityAstId103', 'name': 'outputTyp', 'value': '', 'visible': True, 'enabled': True, 'checked': False, 'label': 'Community Service'}, {'id': 'outputActvityAstId109', 'name': 'outputTyp', 'value': '', 'visible': True, 'enabled': True, 'checked': False, 'label': 'Beneficiaries'}, {'id': 'outputActvityAstId110', 'name': 'outputTyp', 'value': '', 'visible': True, 'enabled': False, 'checked': False, 'label': 'VPRP Beneficiaries'}]
2026-07-07 15:55:29 | DEBUG    | [ACT-0001] pre_training_validation_state={'checked': [{'id': 'missionAdId2', 'value': '45', 'name': 'missionAntodayaDet[2].maCode'}], 'activityMAErrorVisible': False, 'outputAreaVisible': True}
2026-07-07 15:55:29 | INFO     | [ACT-0001] Activity Output detail record found
2026-07-07 15:55:29 | INFO     | [ACT-0001] Activity Output: Training/Capacity Building
2026-07-07 15:55:29 | INFO     | [ACT-0001] Handler: TrainingOutputHandler
2026-07-07 15:55:29 | INFO     | [ACT-0001] Detail Sheet: Training
2026-07-07 15:55:29 | INFO     | [ACT-0001] Radio: outputActvityAstId102
2026-07-07 15:55:29 | INFO     | [ACT-0001] Modal opened: showTrainingDetailsPopup
2026-07-07 15:55:29 | WARNING  | row=0 activity_output_popup 'Awareness Campaign' not found in #trngCatCdId. Available: []
2026-07-07 15:55:30 | ERROR    | FAIL | row=0 field=activity_output | 'Awareness Campaign' not found in #trngCatCdId. Available: []
2026-07-07 15:55:30 | WARNING  | row 0 attempt 1 FAIL: [activity_output] 'Awareness Campaign' not found in #trngCatCdId. Available: []
2026-07-07 15:55:35 | DEBUG    | browser_console[error]: Failed to load resource: the server responded with a status of 404 ()
2026-07-07 15:55:35 | DEBUG    | row=0: watchId spinner finished, checkboxes should be loaded
2026-07-07 15:55:36 | DEBUG    | row=0 pdi: #checkboxes not visible, attempting to open
2026-07-07 15:55:36 | DEBUG    | row=0 pdi: requested (1): ['Neonatal mortality rate (per 1,000 live births)']
2026-07-07 15:55:36 | DEBUG    | row=0 pdi: found 12 checkbox inputs in panel
2026-07-07 15:55:36 | DEBUG    | row=0 pdi: skipping invalid checkbox: value=0 label='None'
2026-07-07 15:55:36 | DEBUG    | row=0 pdi: available checkbox id=missionAdId1 value=218 label='Whether the nurseries created in the school in the GP' enabled=True checked=False
2026-07-07 15:55:36 | DEBUG    | row=0 pdi: available checkbox id=missionAdId2 value=45 label='Neonatal mortality rate (per 1,000 live births)' enabled=True checked=False
2026-07-07 15:55:36 | DEBUG    | row=0 pdi: available checkbox id=missionAdId3 value=200 label='Percentage of household using clean cooking fuel' enabled=True checked=False
2026-07-07 15:55:36 | DEBUG    | row=0 pdi: available checkbox id=missionAdId4 value=540 label='Proportion of women (aged 30-49) screened under the Non Communicable Disease (NCD) programme for cervical/breast cancer' enabled=True checked=False
2026-07-07 15:55:36 | DEBUG    | row=0 pdi: available checkbox id=missionAdId5 value=60 label='Total GP spending on Health to the total expenditure' enabled=True checked=False
2026-07-07 15:55:36 | DEBUG    | row=0 pdi: skipping invalid checkbox: value=0 label='None'
2026-07-07 15:55:36 | DEBUG    | row=0 pdi: available checkbox id=missionAdId1 value=218 label='Whether the nurseries created in the school in the GP' enabled=True checked=False
2026-07-07 15:55:36 | DEBUG    | row=0 pdi: duplicate label instance ignored to preserve canonical checkbox: 'Whether the nurseries created in the school in the GP' id=missionAdId1
2026-07-07 15:55:36 | DEBUG    | row=0 pdi: available checkbox id=missionAdId2 value=45 label='Neonatal mortality rate (per 1,000 live births)' enabled=True checked=False
2026-07-07 15:55:36 | DEBUG    | row=0 pdi: duplicate label instance ignored to preserve canonical checkbox: 'Neonatal mortality rate (per 1,000 live births)' id=missionAdId2
2026-07-07 15:55:36 | DEBUG    | row=0 pdi: available checkbox id=missionAdId3 value=200 label='Percentage of household using clean cooking fuel' enabled=True checked=False
2026-07-07 15:55:36 | DEBUG    | row=0 pdi: duplicate label instance ignored to preserve canonical checkbox: 'Percentage of household using clean cooking fuel' id=missionAdId3
2026-07-07 15:55:36 | DEBUG    | row=0 pdi: available checkbox id=missionAdId4 value=540 label='Proportion of women (aged 30-49) screened under the Non Communicable Disease (NCD) programme for cervical/breast cancer' enabled=True checked=False
2026-07-07 15:55:36 | DEBUG    | row=0 pdi: duplicate label instance ignored to preserve canonical checkbox: 'Proportion of women (aged 30-49) screened under the Non Communicable Disease (NCD) programme for cervical/breast cancer' id=missionAdId4
2026-07-07 15:55:37 | DEBUG    | row=0 pdi: available checkbox id=missionAdId5 value=60 label='Total GP spending on Health to the total expenditure' enabled=True checked=False
2026-07-07 15:55:37 | DEBUG    | row=0 pdi: duplicate label instance ignored to preserve canonical checkbox: 'Total GP spending on Health to the total expenditure' id=missionAdId5
2026-07-07 15:55:37 | DEBUG    | row=0 pdi: clicking checkbox id=missionAdId2 value=45 label='Neonatal mortality rate (per 1,000 live births)'
2026-07-07 15:55:37 | DEBUG    | row=0 pdi: after click - is_selected=True dom_checked=True for 'Neonatal mortality rate (per 1,000 live births)'
2026-07-07 15:55:37 | DEBUG    | row=0 pdi: total selected indicators: 1
2026-07-07 15:55:37 | INFO     | row=0 pdi: selection complete
2026-07-07 15:55:37 | DEBUG    | row=0 pdi: duplicate label counts={'whether the nurseries created in the school in the gp': 2, 'neonatal mortality rate (per 1,000 live births)': 2, 'percentage of household using clean cooking fuel': 2, 'proportion of women (aged 30-49) screened under the non communicable disease (ncd) programme for cervical/breast cancer': 2, 'total gp spending on health to the total expenditure': 2}
2026-07-07 15:55:37 | DEBUG    | row=0 pdi: portal_diagnostic={'missionAdStatus': True, 'byId': {'missionAdId0': [{'checked': False, 'value': '0', 'name': 'missionAntodayaDet[0].maCode', 'disabled': True}, {'checked': False, 'value': '0', 'name': 'missionAntodayaDet[0].maCode', 'disabled': False}], 'missionAdId1': [{'checked': False, 'value': '218', 'name': 'missionAntodayaDet[1].maCode', 'disabled': False}, {'checked': False, 'value': '218', 'name': 'missionAntodayaDet[1].maCode', 'disabled': False}], 'missionAdId2': [{'checked': True, 'value': '45', 'name': 'missionAntodayaDet[2].maCode', 'disabled': False}, {'checked': False, 'value': '45', 'name': 'missionAntodayaDet[2].maCode', 'disabled': False}], 'missionAdId3': [{'checked': False, 'value': '200', 'name': 'missionAntodayaDet[3].maCode', 'disabled': False}, {'checked': False, 'value': '200', 'name': 'missionAntodayaDet[3].maCode', 'disabled': False}], 'missionAdId4': [{'checked': False, 'value': '540', 'name': 'missionAntodayaDet[4].maCode', 'disabled': False}, {'checked': False, 'value': '540', 'name': 'missionAntodayaDet[4].maCode', 'disabled': False}], 'missionAdId5': [{'checked': False, 'value': '60', 'name': 'missionAntodayaDet[5].maCode', 'disabled': False}, {'checked': False, 'value': '60', 'name': 'missionAntodayaDet[5].maCode', 'disabled': False}]}, 'visibleError': False}
2026-07-07 15:55:37 | DEBUG    | row=0 targeted_populace: requested indicators (1): ['All']
2026-07-07 15:55:37 | DEBUG    | row=0 targeted_populace: found 1 total labels in panel
2026-07-07 15:55:37 | DEBUG    | row=0 targeted_populace: checkbox 'All' enabled=True checked=False
2026-07-07 15:55:37 | DEBUG    | row=0 targeted_populace: clicking checkbox: 'All'
2026-07-07 15:55:37 | DEBUG    | row=0 targeted_populace: checkbox selected successfully: 'All'
2026-07-07 15:55:39 | DEBUG    | start_month: requested raw='March' normalized='march' selector=#startMonthId
2026-07-07 15:55:39 | DEBUG    | start_month: selector state present=True visible=True enabled=True
2026-07-07 15:55:39 | DEBUG    | start_month: options before select=['1:January', '2:February', '3:March']
2026-07-07 15:55:39 | DEBUG    | start_month: matched option text='March' value='3'
2026-07-07 15:55:39 | DEBUG    | start_month: value immediately after select_option='3'
2026-07-07 15:55:39 | DEBUG    | start_month: value after events='3' selected_option='3:March'
2026-07-07 15:55:39 | DEBUG    | start_month: final confirmed value='3' selected_option='3:March'
2026-07-07 15:55:39 | DEBUG    | row=0: total indicative cost calculated as: 300 (excel: 35)
2026-07-07 15:55:39 | WARNING  | row=0: total indicative cost mismatch ignored because portal recalculates from live inputs (excel=35, portal=300)
2026-07-07 15:55:39 | DEBUG    | row=0: Supported Department - requesting: 'Department of Food & Public Distribution'
2026-07-07 15:55:39 | DEBUG    | row=0: Waiting for supported_department options to populate
2026-07-07 15:55:40 | DEBUG    | row=0: supported_department options available: 1 options
2026-07-07 15:55:40 | DEBUG    | row=0: supported_department options=[{'value': '5', 'text': 'Ministry of MSME'}]
2026-07-07 15:55:40 | WARNING  | row=0: supported_department option not found: Supported Department option not found: Department of Food & Public Distribution
2026-07-07 15:55:40 | WARNING  | row=0 field=select_supported_department non-fatal Supported Department option not found: Department of Food & Public Distribution
2026-07-07 15:55:40 | ERROR    | FAIL | row=0 field=select_supported_department | Supported Department option not found: Department of Food & Public Distribution
2026-07-07 15:55:40 | DEBUG    | row=0: estimated total cost section not visible
2026-07-07 15:55:40 | DEBUG    | row=0 activity_output: requested='Training/Capacity Building' normalized='training' diagnostics=[{'id': 'outputActvityAstId101', 'name': 'outputTyp', 'value': '', 'visible': True, 'enabled': False, 'checked': False, 'label': 'Asset'}, {'id': 'outputActvityAstId102', 'name': 'outputTyp', 'value': '', 'visible': True, 'enabled': True, 'checked': False, 'label': 'Training/Capacity Building'}, {'id': 'outputActvityAstId103', 'name': 'outputTyp', 'value': '', 'visible': True, 'enabled': True, 'checked': False, 'label': 'Community Service'}, {'id': 'outputActvityAstId109', 'name': 'outputTyp', 'value': '', 'visible': True, 'enabled': True, 'checked': False, 'label': 'Beneficiaries'}, {'id': 'outputActvityAstId110', 'name': 'outputTyp', 'value': '', 'visible': True, 'enabled': False, 'checked': False, 'label': 'VPRP Beneficiaries'}]
2026-07-07 15:55:40 | DEBUG    | [ACT-0001] pre_training_validation_state={'checked': [{'id': 'missionAdId2', 'value': '45', 'name': 'missionAntodayaDet[2].maCode'}], 'activityMAErrorVisible': False, 'outputAreaVisible': True}
2026-07-07 15:55:40 | INFO     | [ACT-0001] Activity Output detail record found
2026-07-07 15:55:40 | INFO     | [ACT-0001] Activity Output: Training/Capacity Building
2026-07-07 15:55:40 | INFO     | [ACT-0001] Handler: TrainingOutputHandler
2026-07-07 15:55:40 | INFO     | [ACT-0001] Detail Sheet: Training
2026-07-07 15:55:40 | INFO     | [ACT-0001] Radio: outputActvityAstId102
2026-07-07 15:55:40 | INFO     | [ACT-0001] Modal opened: showTrainingDetailsPopup
2026-07-07 15:55:41 | INFO     | [ACT-0001] Training fields verified: 5/5
2026-07-07 15:55:41 | INFO     | [ACT-0001] Training popup submitted successfully
2026-07-07 15:55:41 | INFO     | [ACT-0001] Final Action: Save and Forward
2026-07-07 15:55:43 | WARNING  | browser_pageerror: Cannot read properties of null (reading 'addEventListener')
2026-07-07 15:55:44 | WARNING  | row=0 non-fatal field issues: [select_supported_department] Supported Department option not found: Department of Food & Public Distribution
2026-07-07 15:55:44 | INFO     | row 0 SUCCESS (attempt 2)
2026-07-07 15:55:45 | INFO     | DONE 96s total=1 success=1 failed=0 rate=100.0%
2026-07-07 15:57:10 | INFO     | ============================================================
2026-07-07 15:57:10 | INFO     | eGramSwaraj Bot START (v5)
2026-07-07 15:57:10 | INFO     | ============================================================
2026-07-07 15:57:10 | INFO     | rows: total=1 done=0 pending=1
2026-07-07 15:57:15 | INFO     | Waiting for manual login -> addactivity.htm ...
2026-07-07 15:58:32 | INFO     | Form ready at: https://egramswaraj.gov.in/addactivity.htm
2026-07-07 15:58:36 | INFO     | -- row 0 | Awareness camp on behavioural issues of Mission LiFE
2026-07-07 15:58:40 | DEBUG    | browser_console[error]: Failed to load resource: the server responded with a status of 404 ()
2026-07-07 15:58:40 | DEBUG    | row=0: watchId spinner finished, checkboxes should be loaded
2026-07-07 15:58:40 | DEBUG    | row=0 pdi: #checkboxes not visible, attempting to open
2026-07-07 15:58:41 | DEBUG    | row=0 pdi: requested (1): ['Neonatal mortality rate (per 1,000 live births)']
2026-07-07 15:58:41 | DEBUG    | row=0 pdi: found 12 checkbox inputs in panel
2026-07-07 15:58:41 | DEBUG    | row=0 pdi: skipping invalid checkbox: value=0 label='None'
2026-07-07 15:58:41 | DEBUG    | row=0 pdi: available checkbox id=missionAdId1 value=218 label='Whether the nurseries created in the school in the GP' enabled=True checked=False
2026-07-07 15:58:41 | DEBUG    | row=0 pdi: available checkbox id=missionAdId2 value=45 label='Neonatal mortality rate (per 1,000 live births)' enabled=True checked=False
2026-07-07 15:58:41 | DEBUG    | row=0 pdi: available checkbox id=missionAdId3 value=200 label='Percentage of household using clean cooking fuel' enabled=True checked=False
2026-07-07 15:58:41 | DEBUG    | row=0 pdi: available checkbox id=missionAdId4 value=540 label='Proportion of women (aged 30-49) screened under the Non Communicable Disease (NCD) programme for cervical/breast cancer' enabled=True checked=False
2026-07-07 15:58:41 | DEBUG    | row=0 pdi: available checkbox id=missionAdId5 value=60 label='Total GP spending on Health to the total expenditure' enabled=True checked=False
2026-07-07 15:58:41 | DEBUG    | row=0 pdi: skipping invalid checkbox: value=0 label='None'
2026-07-07 15:58:41 | DEBUG    | row=0 pdi: available checkbox id=missionAdId1 value=218 label='Whether the nurseries created in the school in the GP' enabled=True checked=False
2026-07-07 15:58:41 | DEBUG    | row=0 pdi: duplicate label instance ignored to preserve canonical checkbox: 'Whether the nurseries created in the school in the GP' id=missionAdId1
2026-07-07 15:58:41 | DEBUG    | row=0 pdi: available checkbox id=missionAdId2 value=45 label='Neonatal mortality rate (per 1,000 live births)' enabled=True checked=False
2026-07-07 15:58:41 | DEBUG    | row=0 pdi: duplicate label instance ignored to preserve canonical checkbox: 'Neonatal mortality rate (per 1,000 live births)' id=missionAdId2
2026-07-07 15:58:41 | DEBUG    | row=0 pdi: available checkbox id=missionAdId3 value=200 label='Percentage of household using clean cooking fuel' enabled=True checked=False
2026-07-07 15:58:41 | DEBUG    | row=0 pdi: duplicate label instance ignored to preserve canonical checkbox: 'Percentage of household using clean cooking fuel' id=missionAdId3
2026-07-07 15:58:41 | DEBUG    | row=0 pdi: available checkbox id=missionAdId4 value=540 label='Proportion of women (aged 30-49) screened under the Non Communicable Disease (NCD) programme for cervical/breast cancer' enabled=True checked=False
2026-07-07 15:58:41 | DEBUG    | row=0 pdi: duplicate label instance ignored to preserve canonical checkbox: 'Proportion of women (aged 30-49) screened under the Non Communicable Disease (NCD) programme for cervical/breast cancer' id=missionAdId4
2026-07-07 15:58:41 | DEBUG    | row=0 pdi: available checkbox id=missionAdId5 value=60 label='Total GP spending on Health to the total expenditure' enabled=True checked=False
2026-07-07 15:58:41 | DEBUG    | row=0 pdi: duplicate label instance ignored to preserve canonical checkbox: 'Total GP spending on Health to the total expenditure' id=missionAdId5
2026-07-07 15:58:41 | DEBUG    | row=0 pdi: clicking checkbox id=missionAdId2 value=45 label='Neonatal mortality rate (per 1,000 live births)'
2026-07-07 15:58:41 | DEBUG    | row=0 pdi: after click - is_selected=True dom_checked=True for 'Neonatal mortality rate (per 1,000 live births)'
2026-07-07 15:58:41 | DEBUG    | row=0 pdi: total selected indicators: 1
2026-07-07 15:58:41 | INFO     | row=0 pdi: selection complete
2026-07-07 15:58:41 | DEBUG    | row=0 pdi: duplicate label counts={'whether the nurseries created in the school in the gp': 2, 'neonatal mortality rate (per 1,000 live births)': 2, 'percentage of household using clean cooking fuel': 2, 'proportion of women (aged 30-49) screened under the non communicable disease (ncd) programme for cervical/breast cancer': 2, 'total gp spending on health to the total expenditure': 2}
2026-07-07 15:58:41 | DEBUG    | row=0 pdi: portal_diagnostic={'missionAdStatus': True, 'byId': {'missionAdId0': [{'checked': False, 'value': '0', 'name': 'missionAntodayaDet[0].maCode', 'disabled': True}, {'checked': False, 'value': '0', 'name': 'missionAntodayaDet[0].maCode', 'disabled': False}], 'missionAdId1': [{'checked': False, 'value': '218', 'name': 'missionAntodayaDet[1].maCode', 'disabled': False}, {'checked': False, 'value': '218', 'name': 'missionAntodayaDet[1].maCode', 'disabled': False}], 'missionAdId2': [{'checked': True, 'value': '45', 'name': 'missionAntodayaDet[2].maCode', 'disabled': False}, {'checked': False, 'value': '45', 'name': 'missionAntodayaDet[2].maCode', 'disabled': False}], 'missionAdId3': [{'checked': False, 'value': '200', 'name': 'missionAntodayaDet[3].maCode', 'disabled': False}, {'checked': False, 'value': '200', 'name': 'missionAntodayaDet[3].maCode', 'disabled': False}], 'missionAdId4': [{'checked': False, 'value': '540', 'name': 'missionAntodayaDet[4].maCode', 'disabled': False}, {'checked': False, 'value': '540', 'name': 'missionAntodayaDet[4].maCode', 'disabled': False}], 'missionAdId5': [{'checked': False, 'value': '60', 'name': 'missionAntodayaDet[5].maCode', 'disabled': False}, {'checked': False, 'value': '60', 'name': 'missionAntodayaDet[5].maCode', 'disabled': False}]}, 'visibleError': False}
2026-07-07 15:58:42 | DEBUG    | row=0 targeted_populace: requested indicators (1): ['All']
2026-07-07 15:58:42 | DEBUG    | row=0 targeted_populace: found 1 total labels in panel
2026-07-07 15:58:42 | DEBUG    | row=0 targeted_populace: checkbox 'All' enabled=True checked=False
2026-07-07 15:58:42 | DEBUG    | row=0 targeted_populace: clicking checkbox: 'All'
2026-07-07 15:58:42 | DEBUG    | row=0 targeted_populace: checkbox selected successfully: 'All'
2026-07-07 15:58:43 | DEBUG    | start_month: requested raw='March' normalized='march' selector=#startMonthId
2026-07-07 15:58:43 | DEBUG    | start_month: selector state present=True visible=True enabled=True
2026-07-07 15:58:43 | DEBUG    | start_month: options before select=['1:January', '2:February', '3:March']
2026-07-07 15:58:43 | DEBUG    | start_month: matched option text='March' value='3'
2026-07-07 15:58:43 | DEBUG    | start_month: value immediately after select_option='3'
2026-07-07 15:58:43 | DEBUG    | start_month: value after events='3' selected_option='3:March'
2026-07-07 15:58:43 | DEBUG    | start_month: final confirmed value='3' selected_option='3:March'
2026-07-07 15:58:43 | DEBUG    | row=0: total indicative cost calculated as: 300 (excel: 35)
2026-07-07 15:58:43 | WARNING  | row=0: total indicative cost mismatch ignored because portal recalculates from live inputs (excel=35, portal=300)
2026-07-07 15:58:43 | DEBUG    | row=0: Supported Department - requesting: 'Department of Food & Public Distribution'
2026-07-07 15:58:43 | DEBUG    | row=0: Waiting for supported_department options to populate
2026-07-07 15:58:43 | DEBUG    | row=0: supported_department options available: 1 options
2026-07-07 15:58:43 | DEBUG    | row=0: supported_department options=[{'value': '5', 'text': 'Ministry of MSME'}]
2026-07-07 15:58:43 | WARNING  | row=0: supported_department option not found: Supported Department option not found: Department of Food & Public Distribution
2026-07-07 15:58:43 | WARNING  | row=0 field=select_supported_department non-fatal Supported Department option not found: Department of Food & Public Distribution
2026-07-07 15:58:43 | ERROR    | FAIL | row=0 field=select_supported_department | Supported Department option not found: Department of Food & Public Distribution
2026-07-07 15:58:43 | DEBUG    | row=0: estimated total cost section not visible
2026-07-07 15:58:44 | DEBUG    | row=0 activity_output: requested='Training/Capacity Building' normalized='training' diagnostics=[{'id': 'outputActvityAstId101', 'name': 'outputTyp', 'value': '', 'visible': True, 'enabled': False, 'checked': False, 'label': 'Asset'}, {'id': 'outputActvityAstId102', 'name': 'outputTyp', 'value': '', 'visible': True, 'enabled': True, 'checked': False, 'label': 'Training/Capacity Building'}, {'id': 'outputActvityAstId103', 'name': 'outputTyp', 'value': '', 'visible': True, 'enabled': True, 'checked': False, 'label': 'Community Service'}, {'id': 'outputActvityAstId109', 'name': 'outputTyp', 'value': '', 'visible': True, 'enabled': True, 'checked': False, 'label': 'Beneficiaries'}, {'id': 'outputActvityAstId110', 'name': 'outputTyp', 'value': '', 'visible': True, 'enabled': False, 'checked': False, 'label': 'VPRP Beneficiaries'}]
2026-07-07 15:58:44 | DEBUG    | [ACT-0001] pre_training_validation_state={'checked': [{'id': 'missionAdId2', 'value': '45', 'name': 'missionAntodayaDet[2].maCode'}], 'activityMAErrorVisible': False, 'outputAreaVisible': True}
2026-07-07 15:58:44 | INFO     | [ACT-0001] Activity Output detail record found
2026-07-07 15:58:44 | INFO     | [ACT-0001] Activity Output: Training/Capacity Building
2026-07-07 15:58:44 | INFO     | [ACT-0001] Handler: TrainingOutputHandler
2026-07-07 15:58:44 | INFO     | [ACT-0001] Detail Sheet: Training
2026-07-07 15:58:44 | INFO     | [ACT-0001] Radio: outputActvityAstId102
2026-07-07 15:58:44 | INFO     | [ACT-0001] Modal opened: showTrainingDetailsPopup
2026-07-07 15:58:44 | WARNING  | row=0 activity_output_popup Training fields verification failed for Activity_Key ACT-0001: Organized By
2026-07-07 15:58:44 | ERROR    | FAIL | row=0 field=activity_output | Training fields verification failed for Activity_Key ACT-0001: Organized By
2026-07-07 15:58:44 | WARNING  | row 0 attempt 1 FAIL: [activity_output] Training fields verification failed for Activity_Key ACT-0001: Organized By
2026-07-07 15:58:50 | DEBUG    | browser_console[error]: Failed to load resource: the server responded with a status of 404 ()
2026-07-07 15:58:50 | DEBUG    | row=0: watchId spinner finished, checkboxes should be loaded
2026-07-07 15:58:50 | DEBUG    | row=0 pdi: #checkboxes not visible, attempting to open
2026-07-07 15:58:51 | DEBUG    | row=0 pdi: requested (1): ['Neonatal mortality rate (per 1,000 live births)']
2026-07-07 15:58:51 | DEBUG    | row=0 pdi: found 12 checkbox inputs in panel
2026-07-07 15:58:51 | DEBUG    | row=0 pdi: skipping invalid checkbox: value=0 label='None'
2026-07-07 15:58:51 | DEBUG    | row=0 pdi: available checkbox id=missionAdId1 value=218 label='Whether the nurseries created in the school in the GP' enabled=True checked=False
2026-07-07 15:58:51 | DEBUG    | row=0 pdi: available checkbox id=missionAdId2 value=45 label='Neonatal mortality rate (per 1,000 live births)' enabled=True checked=False
2026-07-07 15:58:51 | DEBUG    | row=0 pdi: available checkbox id=missionAdId3 value=200 label='Percentage of household using clean cooking fuel' enabled=True checked=False
2026-07-07 15:58:51 | DEBUG    | row=0 pdi: available checkbox id=missionAdId4 value=540 label='Proportion of women (aged 30-49) screened under the Non Communicable Disease (NCD) programme for cervical/breast cancer' enabled=True checked=False
2026-07-07 15:58:51 | DEBUG    | row=0 pdi: available checkbox id=missionAdId5 value=60 label='Total GP spending on Health to the total expenditure' enabled=True checked=False
2026-07-07 15:58:51 | DEBUG    | row=0 pdi: skipping invalid checkbox: value=0 label='None'
2026-07-07 15:58:51 | DEBUG    | row=0 pdi: available checkbox id=missionAdId1 value=218 label='Whether the nurseries created in the school in the GP' enabled=True checked=False
2026-07-07 15:58:51 | DEBUG    | row=0 pdi: duplicate label instance ignored to preserve canonical checkbox: 'Whether the nurseries created in the school in the GP' id=missionAdId1
2026-07-07 15:58:51 | DEBUG    | row=0 pdi: available checkbox id=missionAdId2 value=45 label='Neonatal mortality rate (per 1,000 live births)' enabled=True checked=False
2026-07-07 15:58:51 | DEBUG    | row=0 pdi: duplicate label instance ignored to preserve canonical checkbox: 'Neonatal mortality rate (per 1,000 live births)' id=missionAdId2
2026-07-07 15:58:51 | DEBUG    | row=0 pdi: available checkbox id=missionAdId3 value=200 label='Percentage of household using clean cooking fuel' enabled=True checked=False
2026-07-07 15:58:51 | DEBUG    | row=0 pdi: duplicate label instance ignored to preserve canonical checkbox: 'Percentage of household using clean cooking fuel' id=missionAdId3
2026-07-07 15:58:51 | DEBUG    | row=0 pdi: available checkbox id=missionAdId4 value=540 label='Proportion of women (aged 30-49) screened under the Non Communicable Disease (NCD) programme for cervical/breast cancer' enabled=True checked=False
2026-07-07 15:58:51 | DEBUG    | row=0 pdi: duplicate label instance ignored to preserve canonical checkbox: 'Proportion of women (aged 30-49) screened under the Non Communicable Disease (NCD) programme for cervical/breast cancer' id=missionAdId4
2026-07-07 15:58:51 | DEBUG    | row=0 pdi: available checkbox id=missionAdId5 value=60 label='Total GP spending on Health to the total expenditure' enabled=True checked=False
2026-07-07 15:58:51 | DEBUG    | row=0 pdi: duplicate label instance ignored to preserve canonical checkbox: 'Total GP spending on Health to the total expenditure' id=missionAdId5
2026-07-07 15:58:51 | DEBUG    | row=0 pdi: clicking checkbox id=missionAdId2 value=45 label='Neonatal mortality rate (per 1,000 live births)'
2026-07-07 15:58:52 | DEBUG    | row=0 pdi: after click - is_selected=True dom_checked=True for 'Neonatal mortality rate (per 1,000 live births)'
2026-07-07 15:58:52 | DEBUG    | row=0 pdi: total selected indicators: 1
2026-07-07 15:58:52 | INFO     | row=0 pdi: selection complete
2026-07-07 15:58:52 | DEBUG    | row=0 pdi: duplicate label counts={'whether the nurseries created in the school in the gp': 2, 'neonatal mortality rate (per 1,000 live births)': 2, 'percentage of household using clean cooking fuel': 2, 'proportion of women (aged 30-49) screened under the non communicable disease (ncd) programme for cervical/breast cancer': 2, 'total gp spending on health to the total expenditure': 2}
2026-07-07 15:58:52 | DEBUG    | row=0 pdi: portal_diagnostic={'missionAdStatus': True, 'byId': {'missionAdId0': [{'checked': False, 'value': '0', 'name': 'missionAntodayaDet[0].maCode', 'disabled': True}, {'checked': False, 'value': '0', 'name': 'missionAntodayaDet[0].maCode', 'disabled': False}], 'missionAdId1': [{'checked': False, 'value': '218', 'name': 'missionAntodayaDet[1].maCode', 'disabled': False}, {'checked': False, 'value': '218', 'name': 'missionAntodayaDet[1].maCode', 'disabled': False}], 'missionAdId2': [{'checked': True, 'value': '45', 'name': 'missionAntodayaDet[2].maCode', 'disabled': False}, {'checked': False, 'value': '45', 'name': 'missionAntodayaDet[2].maCode', 'disabled': False}], 'missionAdId3': [{'checked': False, 'value': '200', 'name': 'missionAntodayaDet[3].maCode', 'disabled': False}, {'checked': False, 'value': '200', 'name': 'missionAntodayaDet[3].maCode', 'disabled': False}], 'missionAdId4': [{'checked': False, 'value': '540', 'name': 'missionAntodayaDet[4].maCode', 'disabled': False}, {'checked': False, 'value': '540', 'name': 'missionAntodayaDet[4].maCode', 'disabled': False}], 'missionAdId5': [{'checked': False, 'value': '60', 'name': 'missionAntodayaDet[5].maCode', 'disabled': False}, {'checked': False, 'value': '60', 'name': 'missionAntodayaDet[5].maCode', 'disabled': False}]}, 'visibleError': False}
2026-07-07 15:58:52 | DEBUG    | row=0 targeted_populace: requested indicators (1): ['All']
2026-07-07 15:58:52 | DEBUG    | row=0 targeted_populace: found 1 total labels in panel
2026-07-07 15:58:52 | DEBUG    | row=0 targeted_populace: checkbox 'All' enabled=True checked=False
2026-07-07 15:58:52 | DEBUG    | row=0 targeted_populace: clicking checkbox: 'All'
2026-07-07 15:58:52 | DEBUG    | row=0 targeted_populace: checkbox selected successfully: 'All'
2026-07-07 15:58:53 | DEBUG    | start_month: requested raw='March' normalized='march' selector=#startMonthId
2026-07-07 15:58:53 | DEBUG    | start_month: selector state present=True visible=True enabled=True
2026-07-07 15:58:53 | DEBUG    | start_month: options before select=['1:January', '2:February', '3:March']
2026-07-07 15:58:53 | DEBUG    | start_month: matched option text='March' value='3'
2026-07-07 15:58:53 | DEBUG    | start_month: value immediately after select_option='3'
2026-07-07 15:58:53 | DEBUG    | start_month: value after events='3' selected_option='3:March'
2026-07-07 15:58:53 | DEBUG    | start_month: final confirmed value='3' selected_option='3:March'
2026-07-07 15:58:53 | DEBUG    | row=0: total indicative cost calculated as: 300 (excel: 35)
2026-07-07 15:58:53 | WARNING  | row=0: total indicative cost mismatch ignored because portal recalculates from live inputs (excel=35, portal=300)
2026-07-07 15:58:53 | DEBUG    | row=0: Supported Department - requesting: 'Department of Food & Public Distribution'
2026-07-07 15:58:53 | DEBUG    | row=0: Waiting for supported_department options to populate
2026-07-07 15:58:54 | DEBUG    | row=0: supported_department options available: 1 options
2026-07-07 15:58:54 | DEBUG    | row=0: supported_department options=[{'value': '5', 'text': 'Ministry of MSME'}]
2026-07-07 15:58:54 | WARNING  | row=0: supported_department option not found: Supported Department option not found: Department of Food & Public Distribution
2026-07-07 15:58:54 | WARNING  | row=0 field=select_supported_department non-fatal Supported Department option not found: Department of Food & Public Distribution
2026-07-07 15:58:54 | ERROR    | FAIL | row=0 field=select_supported_department | Supported Department option not found: Department of Food & Public Distribution
2026-07-07 15:58:54 | DEBUG    | row=0: estimated total cost section not visible
2026-07-07 15:58:54 | DEBUG    | row=0 activity_output: requested='Training/Capacity Building' normalized='training' diagnostics=[{'id': 'outputActvityAstId101', 'name': 'outputTyp', 'value': '', 'visible': True, 'enabled': False, 'checked': False, 'label': 'Asset'}, {'id': 'outputActvityAstId102', 'name': 'outputTyp', 'value': '', 'visible': True, 'enabled': True, 'checked': False, 'label': 'Training/Capacity Building'}, {'id': 'outputActvityAstId103', 'name': 'outputTyp', 'value': '', 'visible': True, 'enabled': True, 'checked': False, 'label': 'Community Service'}, {'id': 'outputActvityAstId109', 'name': 'outputTyp', 'value': '', 'visible': True, 'enabled': True, 'checked': False, 'label': 'Beneficiaries'}, {'id': 'outputActvityAstId110', 'name': 'outputTyp', 'value': '', 'visible': True, 'enabled': False, 'checked': False, 'label': 'VPRP Beneficiaries'}]
2026-07-07 15:58:54 | DEBUG    | [ACT-0001] pre_training_validation_state={'checked': [{'id': 'missionAdId2', 'value': '45', 'name': 'missionAntodayaDet[2].maCode'}], 'activityMAErrorVisible': False, 'outputAreaVisible': True}
2026-07-07 15:58:54 | INFO     | [ACT-0001] Activity Output detail record found
2026-07-07 15:58:54 | INFO     | [ACT-0001] Activity Output: Training/Capacity Building
2026-07-07 15:58:54 | INFO     | [ACT-0001] Handler: TrainingOutputHandler
2026-07-07 15:58:54 | INFO     | [ACT-0001] Detail Sheet: Training
2026-07-07 15:58:54 | INFO     | [ACT-0001] Radio: outputActvityAstId102
2026-07-07 15:58:54 | INFO     | [ACT-0001] Modal opened: showTrainingDetailsPopup
2026-07-07 15:58:54 | WARNING  | row=0 activity_output_popup Training fields verification failed for Activity_Key ACT-0001: Organized By
2026-07-07 15:58:55 | ERROR    | FAIL | row=0 field=activity_output | Training fields verification failed for Activity_Key ACT-0001: Organized By
2026-07-07 15:58:55 | WARNING  | row 0 attempt 2 FAIL: [activity_output] Training fields verification failed for Activity_Key ACT-0001: Organized By
2026-07-07 15:59:00 | DEBUG    | browser_console[error]: Failed to load resource: the server responded with a status of 404 ()
2026-07-07 15:59:00 | DEBUG    | row=0: watchId spinner finished, checkboxes should be loaded
2026-07-07 15:59:00 | DEBUG    | row=0 pdi: #checkboxes not visible, attempting to open
2026-07-07 15:59:00 | DEBUG    | row=0 pdi: requested (1): ['Neonatal mortality rate (per 1,000 live births)']
2026-07-07 15:59:00 | DEBUG    | row=0 pdi: found 12 checkbox inputs in panel
2026-07-07 15:59:00 | DEBUG    | row=0 pdi: skipping invalid checkbox: value=0 label='None'
2026-07-07 15:59:01 | DEBUG    | row=0 pdi: available checkbox id=missionAdId1 value=218 label='Whether the nurseries created in the school in the GP' enabled=True checked=False
2026-07-07 15:59:01 | DEBUG    | row=0 pdi: available checkbox id=missionAdId2 value=45 label='Neonatal mortality rate (per 1,000 live births)' enabled=True checked=False
2026-07-07 15:59:01 | DEBUG    | row=0 pdi: available checkbox id=missionAdId3 value=200 label='Percentage of household using clean cooking fuel' enabled=True checked=False
2026-07-07 15:59:01 | DEBUG    | row=0 pdi: available checkbox id=missionAdId4 value=540 label='Proportion of women (aged 30-49) screened under the Non Communicable Disease (NCD) programme for cervical/breast cancer' enabled=True checked=False
2026-07-07 15:59:01 | DEBUG    | row=0 pdi: available checkbox id=missionAdId5 value=60 label='Total GP spending on Health to the total expenditure' enabled=True checked=False
2026-07-07 15:59:01 | DEBUG    | row=0 pdi: skipping invalid checkbox: value=0 label='None'
2026-07-07 15:59:01 | DEBUG    | row=0 pdi: available checkbox id=missionAdId1 value=218 label='Whether the nurseries created in the school in the GP' enabled=True checked=False
2026-07-07 15:59:01 | DEBUG    | row=0 pdi: duplicate label instance ignored to preserve canonical checkbox: 'Whether the nurseries created in the school in the GP' id=missionAdId1
2026-07-07 15:59:01 | DEBUG    | row=0 pdi: available checkbox id=missionAdId2 value=45 label='Neonatal mortality rate (per 1,000 live births)' enabled=True checked=False
2026-07-07 15:59:01 | DEBUG    | row=0 pdi: duplicate label instance ignored to preserve canonical checkbox: 'Neonatal mortality rate (per 1,000 live births)' id=missionAdId2
2026-07-07 15:59:01 | DEBUG    | row=0 pdi: available checkbox id=missionAdId3 value=200 label='Percentage of household using clean cooking fuel' enabled=True checked=False
2026-07-07 15:59:01 | DEBUG    | row=0 pdi: duplicate label instance ignored to preserve canonical checkbox: 'Percentage of household using clean cooking fuel' id=missionAdId3
2026-07-07 15:59:01 | DEBUG    | row=0 pdi: available checkbox id=missionAdId4 value=540 label='Proportion of women (aged 30-49) screened under the Non Communicable Disease (NCD) programme for cervical/breast cancer' enabled=True checked=False
2026-07-07 15:59:01 | DEBUG    | row=0 pdi: duplicate label instance ignored to preserve canonical checkbox: 'Proportion of women (aged 30-49) screened under the Non Communicable Disease (NCD) programme for cervical/breast cancer' id=missionAdId4
2026-07-07 15:59:01 | DEBUG    | row=0 pdi: available checkbox id=missionAdId5 value=60 label='Total GP spending on Health to the total expenditure' enabled=True checked=False
2026-07-07 15:59:01 | DEBUG    | row=0 pdi: duplicate label instance ignored to preserve canonical checkbox: 'Total GP spending on Health to the total expenditure' id=missionAdId5
2026-07-07 15:59:01 | DEBUG    | row=0 pdi: clicking checkbox id=missionAdId2 value=45 label='Neonatal mortality rate (per 1,000 live births)'
2026-07-07 15:59:01 | DEBUG    | row=0 pdi: after click - is_selected=True dom_checked=True for 'Neonatal mortality rate (per 1,000 live births)'
2026-07-07 15:59:01 | DEBUG    | row=0 pdi: total selected indicators: 1
2026-07-07 15:59:01 | INFO     | row=0 pdi: selection complete
2026-07-07 15:59:01 | DEBUG    | row=0 pdi: duplicate label counts={'whether the nurseries created in the school in the gp': 2, 'neonatal mortality rate (per 1,000 live births)': 2, 'percentage of household using clean cooking fuel': 2, 'proportion of women (aged 30-49) screened under the non communicable disease (ncd) programme for cervical/breast cancer': 2, 'total gp spending on health to the total expenditure': 2}
2026-07-07 15:59:01 | DEBUG    | row=0 pdi: portal_diagnostic={'missionAdStatus': True, 'byId': {'missionAdId0': [{'checked': False, 'value': '0', 'name': 'missionAntodayaDet[0].maCode', 'disabled': True}, {'checked': False, 'value': '0', 'name': 'missionAntodayaDet[0].maCode', 'disabled': False}], 'missionAdId1': [{'checked': False, 'value': '218', 'name': 'missionAntodayaDet[1].maCode', 'disabled': False}, {'checked': False, 'value': '218', 'name': 'missionAntodayaDet[1].maCode', 'disabled': False}], 'missionAdId2': [{'checked': True, 'value': '45', 'name': 'missionAntodayaDet[2].maCode', 'disabled': False}, {'checked': False, 'value': '45', 'name': 'missionAntodayaDet[2].maCode', 'disabled': False}], 'missionAdId3': [{'checked': False, 'value': '200', 'name': 'missionAntodayaDet[3].maCode', 'disabled': False}, {'checked': False, 'value': '200', 'name': 'missionAntodayaDet[3].maCode', 'disabled': False}], 'missionAdId4': [{'checked': False, 'value': '540', 'name': 'missionAntodayaDet[4].maCode', 'disabled': False}, {'checked': False, 'value': '540', 'name': 'missionAntodayaDet[4].maCode', 'disabled': False}], 'missionAdId5': [{'checked': False, 'value': '60', 'name': 'missionAntodayaDet[5].maCode', 'disabled': False}, {'checked': False, 'value': '60', 'name': 'missionAntodayaDet[5].maCode', 'disabled': False}]}, 'visibleError': False}
2026-07-07 15:59:02 | DEBUG    | row=0 targeted_populace: requested indicators (1): ['All']
2026-07-07 15:59:02 | DEBUG    | row=0 targeted_populace: found 1 total labels in panel
2026-07-07 15:59:02 | DEBUG    | row=0 targeted_populace: checkbox 'All' enabled=True checked=False
2026-07-07 15:59:02 | DEBUG    | row=0 targeted_populace: clicking checkbox: 'All'
2026-07-07 15:59:02 | DEBUG    | row=0 targeted_populace: checkbox selected successfully: 'All'
2026-07-07 15:59:03 | DEBUG    | start_month: requested raw='March' normalized='march' selector=#startMonthId
2026-07-07 15:59:03 | DEBUG    | start_month: selector state present=True visible=True enabled=True
2026-07-07 15:59:03 | DEBUG    | start_month: options before select=['1:January', '2:February', '3:March']
2026-07-07 15:59:03 | DEBUG    | start_month: matched option text='March' value='3'
2026-07-07 15:59:03 | DEBUG    | start_month: value immediately after select_option='3'
2026-07-07 15:59:03 | DEBUG    | start_month: value after events='3' selected_option='3:March'
2026-07-07 15:59:03 | DEBUG    | start_month: final confirmed value='3' selected_option='3:March'
2026-07-07 15:59:03 | DEBUG    | row=0: total indicative cost calculated as: 300 (excel: 35)
2026-07-07 15:59:03 | WARNING  | row=0: total indicative cost mismatch ignored because portal recalculates from live inputs (excel=35, portal=300)
2026-07-07 15:59:03 | DEBUG    | row=0: Supported Department - requesting: 'Department of Food & Public Distribution'
2026-07-07 15:59:03 | DEBUG    | row=0: Waiting for supported_department options to populate
2026-07-07 15:59:03 | DEBUG    | row=0: supported_department options available: 1 options
2026-07-07 15:59:03 | DEBUG    | row=0: supported_department options=[{'value': '5', 'text': 'Ministry of MSME'}]
2026-07-07 15:59:03 | WARNING  | row=0: supported_department option not found: Supported Department option not found: Department of Food & Public Distribution
2026-07-07 15:59:03 | WARNING  | row=0 field=select_supported_department non-fatal Supported Department option not found: Department of Food & Public Distribution
2026-07-07 15:59:03 | ERROR    | FAIL | row=0 field=select_supported_department | Supported Department option not found: Department of Food & Public Distribution
2026-07-07 15:59:03 | DEBUG    | row=0: estimated total cost section not visible
2026-07-07 15:59:04 | DEBUG    | row=0 activity_output: requested='Training/Capacity Building' normalized='training' diagnostics=[{'id': 'outputActvityAstId101', 'name': 'outputTyp', 'value': '', 'visible': True, 'enabled': False, 'checked': False, 'label': 'Asset'}, {'id': 'outputActvityAstId102', 'name': 'outputTyp', 'value': '', 'visible': True, 'enabled': True, 'checked': False, 'label': 'Training/Capacity Building'}, {'id': 'outputActvityAstId103', 'name': 'outputTyp', 'value': '', 'visible': True, 'enabled': True, 'checked': False, 'label': 'Community Service'}, {'id': 'outputActvityAstId109', 'name': 'outputTyp', 'value': '', 'visible': True, 'enabled': True, 'checked': False, 'label': 'Beneficiaries'}, {'id': 'outputActvityAstId110', 'name': 'outputTyp', 'value': '', 'visible': True, 'enabled': False, 'checked': False, 'label': 'VPRP Beneficiaries'}]
2026-07-07 15:59:04 | DEBUG    | [ACT-0001] pre_training_validation_state={'checked': [{'id': 'missionAdId2', 'value': '45', 'name': 'missionAntodayaDet[2].maCode'}], 'activityMAErrorVisible': False, 'outputAreaVisible': True}
2026-07-07 15:59:04 | INFO     | [ACT-0001] Activity Output detail record found
2026-07-07 15:59:04 | INFO     | [ACT-0001] Activity Output: Training/Capacity Building
2026-07-07 15:59:04 | INFO     | [ACT-0001] Handler: TrainingOutputHandler
2026-07-07 15:59:04 | INFO     | [ACT-0001] Detail Sheet: Training
2026-07-07 15:59:04 | INFO     | [ACT-0001] Radio: outputActvityAstId102
2026-07-07 15:59:04 | INFO     | [ACT-0001] Modal opened: showTrainingDetailsPopup
2026-07-07 15:59:04 | INFO     | [ACT-0001] Training fields verified: 5/5
2026-07-07 15:59:04 | INFO     | [ACT-0001] Training popup submitted successfully
2026-07-07 15:59:05 | INFO     | [ACT-0001] Final Action: Save and Forward
2026-07-07 15:59:06 | WARNING  | browser_pageerror: Cannot read properties of null (reading 'addEventListener')
2026-07-07 15:59:07 | WARNING  | row=0 non-fatal field issues: [select_supported_department] Supported Department option not found: Department of Food & Public Distribution
2026-07-07 15:59:08 | INFO     | row 0 SUCCESS (attempt 3)
2026-07-07 15:59:08 | INFO     | DONE 118s total=1 success=1 failed=0 rate=100.0%
2026-07-07 17:00:33 | INFO     | ============================================================
2026-07-07 17:00:33 | INFO     | eGramSwaraj Bot START (v5)
2026-07-07 17:00:33 | INFO     | ============================================================
2026-07-07 17:00:33 | INFO     | rows: total=1 done=0 pending=1
2026-07-07 17:00:40 | INFO     | Waiting for manual login -> addactivity.htm ...
2026-07-07 17:01:20 | INFO     | Form ready at: https://egramswaraj.gov.in/addactivity.htm
2026-07-07 17:01:23 | INFO     | -- row 0 | Awareness camp on behavioural issues of Mission LiFE
2026-07-07 17:01:26 | DEBUG    | browser_console[error]: Failed to load resource: the server responded with a status of 404 ()
2026-07-07 17:01:26 | DEBUG    | row=0: watchId spinner finished, checkboxes should be loaded
2026-07-07 17:01:26 | DEBUG    | row=0 pdi: #checkboxes not visible, attempting to open
2026-07-07 17:01:26 | DEBUG    | row=0 pdi: requested (1): ['Neonatal mortality rate (per 1,000 live births)']
2026-07-07 17:01:26 | DEBUG    | row=0 pdi: found 12 checkbox inputs in panel
2026-07-07 17:01:26 | DEBUG    | row=0 pdi: skipping invalid checkbox: value=0 label='None'
2026-07-07 17:01:26 | DEBUG    | row=0 pdi: available checkbox id=missionAdId1 value=218 label='Whether the nurseries created in the school in the GP' enabled=True checked=False
2026-07-07 17:01:26 | DEBUG    | row=0 pdi: available checkbox id=missionAdId2 value=45 label='Neonatal mortality rate (per 1,000 live births)' enabled=True checked=False
2026-07-07 17:01:26 | DEBUG    | row=0 pdi: available checkbox id=missionAdId3 value=200 label='Percentage of household using clean cooking fuel' enabled=True checked=False
2026-07-07 17:01:26 | DEBUG    | row=0 pdi: available checkbox id=missionAdId4 value=540 label='Proportion of women (aged 30-49) screened under the Non Communicable Disease (NCD) programme for cervical/breast cancer' enabled=True checked=False
2026-07-07 17:01:26 | DEBUG    | row=0 pdi: available checkbox id=missionAdId5 value=60 label='Total GP spending on Health to the total expenditure' enabled=True checked=False
2026-07-07 17:01:27 | DEBUG    | row=0 pdi: skipping invalid checkbox: value=0 label='None'
2026-07-07 17:01:27 | DEBUG    | row=0 pdi: available checkbox id=missionAdId1 value=218 label='Whether the nurseries created in the school in the GP' enabled=True checked=False
2026-07-07 17:01:27 | DEBUG    | row=0 pdi: duplicate label instance ignored to preserve canonical checkbox: 'Whether the nurseries created in the school in the GP' id=missionAdId1
2026-07-07 17:01:27 | DEBUG    | row=0 pdi: available checkbox id=missionAdId2 value=45 label='Neonatal mortality rate (per 1,000 live births)' enabled=True checked=False
2026-07-07 17:01:27 | DEBUG    | row=0 pdi: duplicate label instance ignored to preserve canonical checkbox: 'Neonatal mortality rate (per 1,000 live births)' id=missionAdId2
2026-07-07 17:01:27 | DEBUG    | row=0 pdi: available checkbox id=missionAdId3 value=200 label='Percentage of household using clean cooking fuel' enabled=True checked=False
2026-07-07 17:01:27 | DEBUG    | row=0 pdi: duplicate label instance ignored to preserve canonical checkbox: 'Percentage of household using clean cooking fuel' id=missionAdId3
2026-07-07 17:01:27 | DEBUG    | row=0 pdi: available checkbox id=missionAdId4 value=540 label='Proportion of women (aged 30-49) screened under the Non Communicable Disease (NCD) programme for cervical/breast cancer' enabled=True checked=False
2026-07-07 17:01:27 | DEBUG    | row=0 pdi: duplicate label instance ignored to preserve canonical checkbox: 'Proportion of women (aged 30-49) screened under the Non Communicable Disease (NCD) programme for cervical/breast cancer' id=missionAdId4
2026-07-07 17:01:27 | DEBUG    | row=0 pdi: available checkbox id=missionAdId5 value=60 label='Total GP spending on Health to the total expenditure' enabled=True checked=False
2026-07-07 17:01:27 | DEBUG    | row=0 pdi: duplicate label instance ignored to preserve canonical checkbox: 'Total GP spending on Health to the total expenditure' id=missionAdId5
2026-07-07 17:01:27 | DEBUG    | row=0 pdi: clicking checkbox id=missionAdId2 value=45 label='Neonatal mortality rate (per 1,000 live births)'
2026-07-07 17:01:27 | DEBUG    | row=0 pdi: after click - is_selected=True dom_checked=True for 'Neonatal mortality rate (per 1,000 live births)'
2026-07-07 17:01:27 | DEBUG    | row=0 pdi: total selected indicators: 1
2026-07-07 17:01:27 | INFO     | row=0 pdi: selection complete
2026-07-07 17:01:27 | DEBUG    | row=0 pdi: duplicate label counts={'whether the nurseries created in the school in the gp': 2, 'neonatal mortality rate (per 1,000 live births)': 2, 'percentage of household using clean cooking fuel': 2, 'proportion of women (aged 30-49) screened under the non communicable disease (ncd) programme for cervical/breast cancer': 2, 'total gp spending on health to the total expenditure': 2}
2026-07-07 17:01:27 | DEBUG    | row=0 pdi: portal_diagnostic={'missionAdStatus': True, 'byId': {'missionAdId0': [{'checked': False, 'value': '0', 'name': 'missionAntodayaDet[0].maCode', 'disabled': True}, {'checked': False, 'value': '0', 'name': 'missionAntodayaDet[0].maCode', 'disabled': False}], 'missionAdId1': [{'checked': False, 'value': '218', 'name': 'missionAntodayaDet[1].maCode', 'disabled': False}, {'checked': False, 'value': '218', 'name': 'missionAntodayaDet[1].maCode', 'disabled': False}], 'missionAdId2': [{'checked': True, 'value': '45', 'name': 'missionAntodayaDet[2].maCode', 'disabled': False}, {'checked': False, 'value': '45', 'name': 'missionAntodayaDet[2].maCode', 'disabled': False}], 'missionAdId3': [{'checked': False, 'value': '200', 'name': 'missionAntodayaDet[3].maCode', 'disabled': False}, {'checked': False, 'value': '200', 'name': 'missionAntodayaDet[3].maCode', 'disabled': False}], 'missionAdId4': [{'checked': False, 'value': '540', 'name': 'missionAntodayaDet[4].maCode', 'disabled': False}, {'checked': False, 'value': '540', 'name': 'missionAntodayaDet[4].maCode', 'disabled': False}], 'missionAdId5': [{'checked': False, 'value': '60', 'name': 'missionAntodayaDet[5].maCode', 'disabled': False}, {'checked': False, 'value': '60', 'name': 'missionAntodayaDet[5].maCode', 'disabled': False}]}, 'visibleError': False}
2026-07-07 17:01:28 | DEBUG    | row=0 targeted_populace: requested indicators (1): ['All']
2026-07-07 17:01:28 | DEBUG    | row=0 targeted_populace: found 1 total labels in panel
2026-07-07 17:01:28 | DEBUG    | row=0 targeted_populace: checkbox 'All' enabled=True checked=False
2026-07-07 17:01:28 | DEBUG    | row=0 targeted_populace: clicking checkbox: 'All'
2026-07-07 17:01:28 | DEBUG    | row=0 targeted_populace: checkbox selected successfully: 'All'
2026-07-07 17:01:28 | DEBUG    | start_month: requested raw='March' normalized='march' selector=#startMonthId
2026-07-07 17:01:28 | DEBUG    | start_month: selector state present=True visible=True enabled=True
2026-07-07 17:01:28 | DEBUG    | start_month: options before select=['1:January', '2:February', '3:March']
2026-07-07 17:01:28 | DEBUG    | start_month: matched option text='March' value='3'
2026-07-07 17:01:28 | DEBUG    | start_month: value immediately after select_option='3'
2026-07-07 17:01:28 | DEBUG    | start_month: value after events='3' selected_option='3:March'
2026-07-07 17:01:28 | DEBUG    | start_month: final confirmed value='3' selected_option='3:March'
2026-07-07 17:01:28 | DEBUG    | row=0: total indicative cost calculated as: 300 (excel: 35)
2026-07-07 17:01:28 | WARNING  | row=0: total indicative cost mismatch ignored because portal recalculates from live inputs (excel=35, portal=300)
2026-07-07 17:01:28 | DEBUG    | row=0: Supported Department - requesting: 'Department of Food & Public Distribution'
2026-07-07 17:01:28 | DEBUG    | row=0: Waiting for supported_department options to populate
2026-07-07 17:01:29 | DEBUG    | row=0: supported_department options available: 1 options
2026-07-07 17:01:29 | DEBUG    | row=0: supported_department options=[{'value': '5', 'text': 'Ministry of MSME'}]
2026-07-07 17:01:29 | WARNING  | row=0: supported_department option not found: Supported Department option not found: Department of Food & Public Distribution
2026-07-07 17:01:29 | WARNING  | row=0 field=select_supported_department non-fatal Supported Department option not found: Department of Food & Public Distribution
2026-07-07 17:01:29 | WARNING  | NON_FATAL | row=0 field=select_supported_department | Supported Department option not found: Department of Food & Public Distribution
2026-07-07 17:01:29 | DEBUG    | row=0: estimated total cost section not visible
2026-07-07 17:01:29 | DEBUG    | row=0 activity_output: requested='Training/Capacity Building' normalized='training' diagnostics=[{'id': 'outputActvityAstId101', 'name': 'outputTyp', 'value': '', 'visible': True, 'enabled': False, 'checked': False, 'label': 'Asset'}, {'id': 'outputActvityAstId102', 'name': 'outputTyp', 'value': '', 'visible': True, 'enabled': True, 'checked': False, 'label': 'Training/Capacity Building'}, {'id': 'outputActvityAstId103', 'name': 'outputTyp', 'value': '', 'visible': True, 'enabled': True, 'checked': False, 'label': 'Community Service'}, {'id': 'outputActvityAstId109', 'name': 'outputTyp', 'value': '', 'visible': True, 'enabled': True, 'checked': False, 'label': 'Beneficiaries'}, {'id': 'outputActvityAstId110', 'name': 'outputTyp', 'value': '', 'visible': True, 'enabled': False, 'checked': False, 'label': 'VPRP Beneficiaries'}]
2026-07-07 17:01:29 | DEBUG    | [ACT-0001] pre_training_validation_state={'checked': [{'id': 'missionAdId2', 'value': '45', 'name': 'missionAntodayaDet[2].maCode'}], 'activityMAErrorVisible': False, 'outputAreaVisible': True}
2026-07-07 17:01:29 | INFO     | [ACT-0001] Activity Output detail record found
2026-07-07 17:01:29 | INFO     | [ACT-0001] Activity Output: Training/Capacity Building
2026-07-07 17:01:29 | INFO     | [ACT-0001] Handler: TrainingOutputHandler
2026-07-07 17:01:29 | INFO     | [ACT-0001] Detail Sheet: Training
2026-07-07 17:01:29 | INFO     | [ACT-0001] Radio: outputActvityAstId102
2026-07-07 17:01:29 | INFO     | [ACT-0001] Modal opened: showTrainingDetailsPopup
2026-07-07 17:01:29 | INFO     | [ACT-0001] Training fields verified: 5/5
2026-07-07 17:01:30 | INFO     | [ACT-0001] Training popup submitted successfully
2026-07-07 17:01:30 | INFO     | [ACT-0001] Final Action: Save and Forward
2026-07-07 17:01:31 | WARNING  | browser_pageerror: Cannot read properties of null (reading 'addEventListener')
2026-07-07 17:01:33 | WARNING  | row=0 non-fatal field issues: [select_supported_department] Supported Department option not found: Department of Food & Public Distribution
2026-07-07 17:01:33 | INFO     | row 0 SUCCESS (attempt 1)
2026-07-07 17:01:33 | INFO     | DONE 60s total=1 success=1 failed=0 rate=100.0%
2026-07-07 17:01:43 | INFO     | ============================================================
2026-07-07 17:01:43 | INFO     | eGramSwaraj Bot START (v5)
2026-07-07 17:01:43 | INFO     | ============================================================
2026-07-07 17:01:43 | INFO     | rows: total=1 done=0 pending=1
2026-07-07 17:01:48 | INFO     | Waiting for manual login -> addactivity.htm ...
2026-07-07 17:02:55 | INFO     | Form ready at: https://egramswaraj.gov.in/addactivity.htm
2026-07-07 17:02:59 | INFO     | -- row 0 | Awareness camp on behavioural issues of Mission LiFE
2026-07-07 17:03:02 | DEBUG    | browser_console[error]: Failed to load resource: the server responded with a status of 404 ()
2026-07-07 17:03:03 | DEBUG    | row=0: watchId spinner finished, checkboxes should be loaded
2026-07-07 17:03:03 | DEBUG    | row=0 pdi: #checkboxes not visible, attempting to open
2026-07-07 17:03:03 | DEBUG    | row=0 pdi: requested (1): ['Neonatal mortality rate (per 1,000 live births)']
2026-07-07 17:03:03 | DEBUG    | row=0 pdi: found 12 checkbox inputs in panel
2026-07-07 17:03:03 | DEBUG    | row=0 pdi: skipping invalid checkbox: value=0 label='None'
2026-07-07 17:03:03 | DEBUG    | row=0 pdi: available checkbox id=missionAdId1 value=218 label='Whether the nurseries created in the school in the GP' enabled=True checked=False
2026-07-07 17:03:03 | DEBUG    | row=0 pdi: available checkbox id=missionAdId2 value=45 label='Neonatal mortality rate (per 1,000 live births)' enabled=True checked=False
2026-07-07 17:03:03 | DEBUG    | row=0 pdi: available checkbox id=missionAdId3 value=200 label='Percentage of household using clean cooking fuel' enabled=True checked=False
2026-07-07 17:03:03 | DEBUG    | row=0 pdi: available checkbox id=missionAdId4 value=540 label='Proportion of women (aged 30-49) screened under the Non Communicable Disease (NCD) programme for cervical/breast cancer' enabled=True checked=False
2026-07-07 17:03:03 | DEBUG    | row=0 pdi: available checkbox id=missionAdId5 value=60 label='Total GP spending on Health to the total expenditure' enabled=True checked=False
2026-07-07 17:03:04 | DEBUG    | row=0 pdi: skipping invalid checkbox: value=0 label='None'
2026-07-07 17:03:04 | DEBUG    | row=0 pdi: available checkbox id=missionAdId1 value=218 label='Whether the nurseries created in the school in the GP' enabled=True checked=False
2026-07-07 17:03:04 | DEBUG    | row=0 pdi: duplicate label instance ignored to preserve canonical checkbox: 'Whether the nurseries created in the school in the GP' id=missionAdId1
2026-07-07 17:03:04 | DEBUG    | row=0 pdi: available checkbox id=missionAdId2 value=45 label='Neonatal mortality rate (per 1,000 live births)' enabled=True checked=False
2026-07-07 17:03:04 | DEBUG    | row=0 pdi: duplicate label instance ignored to preserve canonical checkbox: 'Neonatal mortality rate (per 1,000 live births)' id=missionAdId2
2026-07-07 17:03:04 | DEBUG    | row=0 pdi: available checkbox id=missionAdId3 value=200 label='Percentage of household using clean cooking fuel' enabled=True checked=False
2026-07-07 17:03:04 | DEBUG    | row=0 pdi: duplicate label instance ignored to preserve canonical checkbox: 'Percentage of household using clean cooking fuel' id=missionAdId3
2026-07-07 17:03:04 | DEBUG    | row=0 pdi: available checkbox id=missionAdId4 value=540 label='Proportion of women (aged 30-49) screened under the Non Communicable Disease (NCD) programme for cervical/breast cancer' enabled=True checked=False
2026-07-07 17:03:04 | DEBUG    | row=0 pdi: duplicate label instance ignored to preserve canonical checkbox: 'Proportion of women (aged 30-49) screened under the Non Communicable Disease (NCD) programme for cervical/breast cancer' id=missionAdId4
2026-07-07 17:03:04 | DEBUG    | row=0 pdi: available checkbox id=missionAdId5 value=60 label='Total GP spending on Health to the total expenditure' enabled=True checked=False
2026-07-07 17:03:04 | DEBUG    | row=0 pdi: duplicate label instance ignored to preserve canonical checkbox: 'Total GP spending on Health to the total expenditure' id=missionAdId5
2026-07-07 17:03:04 | DEBUG    | row=0 pdi: clicking checkbox id=missionAdId2 value=45 label='Neonatal mortality rate (per 1,000 live births)'
2026-07-07 17:03:04 | DEBUG    | row=0 pdi: after click - is_selected=True dom_checked=True for 'Neonatal mortality rate (per 1,000 live births)'
2026-07-07 17:03:04 | DEBUG    | row=0 pdi: total selected indicators: 1
2026-07-07 17:03:04 | INFO     | row=0 pdi: selection complete
2026-07-07 17:03:04 | DEBUG    | row=0 pdi: duplicate label counts={'whether the nurseries created in the school in the gp': 2, 'neonatal mortality rate (per 1,000 live births)': 2, 'percentage of household using clean cooking fuel': 2, 'proportion of women (aged 30-49) screened under the non communicable disease (ncd) programme for cervical/breast cancer': 2, 'total gp spending on health to the total expenditure': 2}
2026-07-07 17:03:04 | DEBUG    | row=0 pdi: portal_diagnostic={'missionAdStatus': True, 'byId': {'missionAdId0': [{'checked': False, 'value': '0', 'name': 'missionAntodayaDet[0].maCode', 'disabled': True}, {'checked': False, 'value': '0', 'name': 'missionAntodayaDet[0].maCode', 'disabled': False}], 'missionAdId1': [{'checked': False, 'value': '218', 'name': 'missionAntodayaDet[1].maCode', 'disabled': False}, {'checked': False, 'value': '218', 'name': 'missionAntodayaDet[1].maCode', 'disabled': False}], 'missionAdId2': [{'checked': True, 'value': '45', 'name': 'missionAntodayaDet[2].maCode', 'disabled': False}, {'checked': False, 'value': '45', 'name': 'missionAntodayaDet[2].maCode', 'disabled': False}], 'missionAdId3': [{'checked': False, 'value': '200', 'name': 'missionAntodayaDet[3].maCode', 'disabled': False}, {'checked': False, 'value': '200', 'name': 'missionAntodayaDet[3].maCode', 'disabled': False}], 'missionAdId4': [{'checked': False, 'value': '540', 'name': 'missionAntodayaDet[4].maCode', 'disabled': False}, {'checked': False, 'value': '540', 'name': 'missionAntodayaDet[4].maCode', 'disabled': False}], 'missionAdId5': [{'checked': False, 'value': '60', 'name': 'missionAntodayaDet[5].maCode', 'disabled': False}, {'checked': False, 'value': '60', 'name': 'missionAntodayaDet[5].maCode', 'disabled': False}]}, 'visibleError': False}
2026-07-07 17:03:05 | DEBUG    | row=0 targeted_populace: requested indicators (1): ['All']
2026-07-07 17:03:05 | DEBUG    | row=0 targeted_populace: found 1 total labels in panel
2026-07-07 17:03:05 | DEBUG    | row=0 targeted_populace: checkbox 'All' enabled=True checked=False
2026-07-07 17:03:05 | DEBUG    | row=0 targeted_populace: clicking checkbox: 'All'
2026-07-07 17:03:05 | DEBUG    | row=0 targeted_populace: checkbox selected successfully: 'All'
2026-07-07 17:03:05 | DEBUG    | start_month: requested raw='March' normalized='march' selector=#startMonthId
2026-07-07 17:03:05 | DEBUG    | start_month: selector state present=True visible=True enabled=True
2026-07-07 17:03:05 | DEBUG    | start_month: options before select=['1:January', '2:February', '3:March']
2026-07-07 17:03:05 | DEBUG    | start_month: matched option text='March' value='3'
2026-07-07 17:03:05 | DEBUG    | start_month: value immediately after select_option='3'
2026-07-07 17:03:05 | DEBUG    | start_month: value after events='3' selected_option='3:March'
2026-07-07 17:03:05 | DEBUG    | start_month: final confirmed value='3' selected_option='3:March'
2026-07-07 17:03:05 | DEBUG    | row=0: total indicative cost calculated as: 300 (excel: 35)
2026-07-07 17:03:05 | WARNING  | row=0: total indicative cost mismatch ignored because portal recalculates from live inputs (excel=35, portal=300)
2026-07-07 17:03:06 | DEBUG    | row=0: Supported Department - requesting: 'Department of Food & Public Distribution'
2026-07-07 17:03:06 | DEBUG    | row=0: Waiting for supported_department options to populate
2026-07-07 17:03:06 | DEBUG    | row=0: supported_department options available: 1 options
2026-07-07 17:03:06 | DEBUG    | row=0: supported_department options=[{'value': '5', 'text': 'Ministry of MSME'}]
2026-07-07 17:03:06 | WARNING  | row=0: supported_department option not found: Supported Department option not found: Department of Food & Public Distribution
2026-07-07 17:03:06 | WARNING  | row=0 field=select_supported_department non-fatal Supported Department option not found: Department of Food & Public Distribution
2026-07-07 17:03:06 | WARNING  | NON_FATAL | row=0 field=select_supported_department | Supported Department option not found: Department of Food & Public Distribution
2026-07-07 17:03:06 | DEBUG    | row=0: estimated total cost section not visible
2026-07-07 17:03:06 | DEBUG    | row=0 activity_output: requested='Training/Capacity Building' normalized='training' diagnostics=[{'id': 'outputActvityAstId101', 'name': 'outputTyp', 'value': '', 'visible': True, 'enabled': False, 'checked': False, 'label': 'Asset'}, {'id': 'outputActvityAstId102', 'name': 'outputTyp', 'value': '', 'visible': True, 'enabled': True, 'checked': False, 'label': 'Training/Capacity Building'}, {'id': 'outputActvityAstId103', 'name': 'outputTyp', 'value': '', 'visible': True, 'enabled': True, 'checked': False, 'label': 'Community Service'}, {'id': 'outputActvityAstId109', 'name': 'outputTyp', 'value': '', 'visible': True, 'enabled': True, 'checked': False, 'label': 'Beneficiaries'}, {'id': 'outputActvityAstId110', 'name': 'outputTyp', 'value': '', 'visible': True, 'enabled': False, 'checked': False, 'label': 'VPRP Beneficiaries'}]
2026-07-07 17:03:06 | DEBUG    | [ACT-0001] pre_training_validation_state={'checked': [{'id': 'missionAdId2', 'value': '45', 'name': 'missionAntodayaDet[2].maCode'}], 'activityMAErrorVisible': False, 'outputAreaVisible': True}
2026-07-07 17:03:06 | INFO     | [ACT-0001] Activity Output detail record found
2026-07-07 17:03:06 | INFO     | [ACT-0001] Activity Output: Training/Capacity Building
2026-07-07 17:03:06 | INFO     | [ACT-0001] Handler: TrainingOutputHandler
2026-07-07 17:03:06 | INFO     | [ACT-0001] Detail Sheet: Training
2026-07-07 17:03:06 | INFO     | [ACT-0001] Radio: outputActvityAstId102
2026-07-07 17:03:06 | INFO     | [ACT-0001] Modal opened: showTrainingDetailsPopup
2026-07-07 17:03:06 | INFO     | [ACT-0001] Training fields verified: 5/5
2026-07-07 17:03:07 | INFO     | [ACT-0001] Training popup submitted successfully
2026-07-07 17:03:07 | INFO     | [ACT-0001] Final Action: Save and Forward
2026-07-07 17:03:09 | WARNING  | browser_pageerror: Cannot read properties of null (reading 'addEventListener')
2026-07-07 17:03:10 | WARNING  | row=0 non-fatal field issues: [select_supported_department] Supported Department option not found: Department of Food & Public Distribution
2026-07-07 17:03:10 | INFO     | row 0 SUCCESS (attempt 1)
2026-07-07 17:03:10 | INFO     | DONE 87s total=1 success=1 failed=0 rate=100.0%
